Date,Day_of_Week,Is_Weekend,Temperature_C,Rainfall,Is_Festival,Product,Units_Sold,Units_Wasted,Selling_Price
2024-01-01,Monday,False,16.2,False,False,Cake,16,1,400
2024-01-01,Monday,False,16.2,False,False,Cupcake,37,1,60
2024-01-01,Monday,False,16.2,False,False,Jar Cake,20,1,120
2024-01-01,Monday,False,16.2,False,False,Chocolate,36,4,25
2024-01-01,Monday,False,16.2,False,False,Brownie,41,2,70
2024-01-01,Monday,False,16.2,False,False,Croissant,51,6,40
2024-01-01,Monday,False,16.2,False,False,Cookies,56,7,20
2024-01-01,Monday,False,16.2,False,False,Muffin,31,4,55
2024-01-02,Tuesday,False,15.0,False,False,Cake,13,1,400
2024-01-02,Tuesday,False,15.0,False,False,Cupcake,34,4,60
2024-01-02,Tuesday,False,15.0,False,False,Jar Cake,21,2,120
2024-01-02,Tuesday,False,15.0,False,False,Chocolate,40,3,25
2024-01-02,Tuesday,False,15.0,False,False,Brownie,58,8,70
2024-01-02,Tuesday,False,15.0,False,False,Croissant,69,5,40
2024-01-02,Tuesday,False,15.0,False,False,Cookies,33,3,20
2024-01-02,Tuesday,False,15.0,False,False,Muffin,26,2,55
2024-01-03,Wednesday,False,16.0,False,False,Cake,19,3,400
2024-01-03,Wednesday,False,16.0,False,False,Cupcake,40,2,60
2024-01-03,Wednesday,False,16.0,False,False,Jar Cake,30,4,120
2024-01-03,Wednesday,False,16.0,False,False,Chocolate,45,4,25
2024-01-03,Wednesday,False,16.0,False,False,Brownie,47,2,70
2024-01-03,Wednesday,False,16.0,False,False,Croissant,52,8,40
2024-01-03,Wednesday,False,16.0,False,False,Cookies,53,6,20
2024-01-03,Wednesday,False,16.0,False,False,Muffin,22,3,55
2024-01-04,Thursday,False,11.8,False,False,Cake,18,2,400
2024-01-04,Thursday,False,11.8,False,False,Cupcake,34,2,60
2024-01-04,Thursday,False,11.8,False,False,Jar Cake,22,4,120
2024-01-04,Thursday,False,11.8,False,False,Chocolate,35,5,25
2024-01-04,Thursday,False,11.8,False,False,Brownie,39,3,70
2024-01-04,Thursday,False,11.8,False,False,Croissant,48,8,40
2024-01-04,Thursday,False,11.8,False,False,Cookies,53,9,20
2024-01-04,Thursday,False,11.8,False,False,Muffin,31,5,55
2024-01-05,Friday,False,14.0,False,False,Cake,14,2,400
2024-01-05,Friday,False,14.0,False,False,Cupcake,33,2,60
2024-01-05,Friday,False,14.0,False,False,Jar Cake,22,3,120
2024-01-05,Friday,False,14.0,False,False,Chocolate,57,7,25
2024-01-05,Friday,False,14.0,False,False,Brownie,41,2,70
2024-01-05,Friday,False,14.0,False,False,Croissant,59,3,40
2024-01-05,Friday,False,14.0,False,False,Cookies,45,3,20
2024-01-05,Friday,False,14.0,False,False,Muffin,23,4,55
2024-01-06,Saturday,True,14.8,False,False,Cake,23,1,400
2024-01-06,Saturday,True,14.8,False,False,Cupcake,52,7,60
2024-01-06,Saturday,True,14.8,False,False,Jar Cake,36,2,120
2024-01-06,Saturday,True,14.8,False,False,Chocolate,62,4,25
2024-01-06,Saturday,True,14.8,False,False,Brownie,65,8,70
2024-01-06,Saturday,True,14.8,False,False,Croissant,68,5,40
2024-01-06,Saturday,True,14.8,False,False,Cookies,72,13,20
2024-01-06,Saturday,True,14.8,False,False,Muffin,32,2,55
2024-01-07,Sunday,True,17.1,False,False,Cake,21,1,400
2024-01-07,Sunday,True,17.1,False,False,Cupcake,58,5,60
2024-01-07,Sunday,True,17.1,False,False,Jar Cake,31,5,120
2024-01-07,Sunday,True,17.1,False,False,Chocolate,64,9,25
2024-01-07,Sunday,True,17.1,False,False,Brownie,48,8,70
2024-01-07,Sunday,True,17.1,False,False,Croissant,79,5,40
2024-01-07,Sunday,True,17.1,False,False,Cookies,71,5,20
2024-01-07,Sunday,True,17.1,False,False,Muffin,41,6,55
2024-01-08,Monday,False,13.1,False,False,Cake,18,1,400
2024-01-08,Monday,False,13.1,False,False,Cupcake,40,7,60
2024-01-08,Monday,False,13.1,False,False,Jar Cake,27,1,120
2024-01-08,Monday,False,13.1,False,False,Chocolate,37,3,25
2024-01-08,Monday,False,13.1,False,False,Brownie,55,9,70
2024-01-08,Monday,False,13.1,False,False,Croissant,56,6,40
2024-01-08,Monday,False,13.1,False,False,Cookies,43,3,20
2024-01-08,Monday,False,13.1,False,False,Muffin,28,5,55
2024-01-09,Tuesday,False,16.5,False,False,Cake,20,2,400
2024-01-09,Tuesday,False,16.5,False,False,Cupcake,42,3,60
2024-01-09,Tuesday,False,16.5,False,False,Jar Cake,28,1,120
2024-01-09,Tuesday,False,16.5,False,False,Chocolate,32,5,25
2024-01-09,Tuesday,False,16.5,False,False,Brownie,50,7,70
2024-01-09,Tuesday,False,16.5,False,False,Croissant,53,9,40
2024-01-09,Tuesday,False,16.5,False,False,Cookies,62,7,20
2024-01-09,Tuesday,False,16.5,False,False,Muffin,35,5,55
2024-01-10,Wednesday,False,15.5,False,False,Cake,21,2,400
2024-01-10,Wednesday,False,15.5,False,False,Cupcake,26,1,60
2024-01-10,Wednesday,False,15.5,False,False,Jar Cake,24,2,120
2024-01-10,Wednesday,False,15.5,False,False,Chocolate,42,2,25
2024-01-10,Wednesday,False,15.5,False,False,Brownie,52,3,70
2024-01-10,Wednesday,False,15.5,False,False,Croissant,57,4,40
2024-01-10,Wednesday,False,15.5,False,False,Cookies,53,3,20
2024-01-10,Wednesday,False,15.5,False,False,Muffin,30,4,55
2024-01-11,Thursday,False,11.7,False,False,Cake,12,0,400
2024-01-11,Thursday,False,11.7,False,False,Cupcake,42,4,60
2024-01-11,Thursday,False,11.7,False,False,Jar Cake,19,1,120
2024-01-11,Thursday,False,11.7,False,False,Chocolate,41,6,25
2024-01-11,Thursday,False,11.7,False,False,Brownie,50,7,70
2024-01-11,Thursday,False,11.7,False,False,Croissant,54,5,40
2024-01-11,Thursday,False,11.7,False,False,Cookies,56,3,20
2024-01-11,Thursday,False,11.7,False,False,Muffin,17,3,55
2024-01-12,Friday,False,16.2,False,False,Cake,15,1,400
2024-01-12,Friday,False,16.2,False,False,Cupcake,34,3,60
2024-01-12,Friday,False,16.2,False,False,Jar Cake,23,3,120
2024-01-12,Friday,False,16.2,False,False,Chocolate,25,3,25
2024-01-12,Friday,False,16.2,False,False,Brownie,45,6,70
2024-01-12,Friday,False,16.2,False,False,Croissant,48,7,40
2024-01-12,Friday,False,16.2,False,False,Cookies,64,6,20
2024-01-12,Friday,False,16.2,False,False,Muffin,32,4,55
2024-01-13,Saturday,True,15.6,False,False,Cake,27,1,400
2024-01-13,Saturday,True,15.6,False,False,Cupcake,37,2,60
2024-01-13,Saturday,True,15.6,False,False,Jar Cake,37,3,120
2024-01-13,Saturday,True,15.6,False,False,Chocolate,63,10,25
2024-01-13,Saturday,True,15.6,False,False,Brownie,55,8,70
2024-01-13,Saturday,True,15.6,False,False,Croissant,79,12,40
2024-01-13,Saturday,True,15.6,False,False,Cookies,76,5,20
2024-01-13,Saturday,True,15.6,False,False,Muffin,45,8,55
2024-01-14,Sunday,True,17.1,False,False,Cake,18,1,400
2024-01-14,Sunday,True,17.1,False,False,Cupcake,60,6,60
2024-01-14,Sunday,True,17.1,False,False,Jar Cake,38,2,120
2024-01-14,Sunday,True,17.1,False,False,Chocolate,65,11,25
2024-01-14,Sunday,True,17.1,False,False,Brownie,56,6,70
2024-01-14,Sunday,True,17.1,False,False,Croissant,62,11,40
2024-01-14,Sunday,True,17.1,False,False,Cookies,86,12,20
2024-01-14,Sunday,True,17.1,False,False,Muffin,39,3,55
2024-01-15,Monday,False,18.3,False,False,Cake,19,2,400
2024-01-15,Monday,False,18.3,False,False,Cupcake,23,2,60
2024-01-15,Monday,False,18.3,False,False,Jar Cake,32,2,120
2024-01-15,Monday,False,18.3,False,False,Chocolate,32,4,25
2024-01-15,Monday,False,18.3,False,False,Brownie,35,5,70
2024-01-15,Monday,False,18.3,False,False,Croissant,43,6,40
2024-01-15,Monday,False,18.3,False,False,Cookies,38,7,20
2024-01-15,Monday,False,18.3,False,False,Muffin,28,4,55
2024-01-16,Tuesday,False,17.7,False,False,Cake,13,2,400
2024-01-16,Tuesday,False,17.7,False,False,Cupcake,36,6,60
2024-01-16,Tuesday,False,17.7,False,False,Jar Cake,18,0,120
2024-01-16,Tuesday,False,17.7,False,False,Chocolate,39,2,25
2024-01-16,Tuesday,False,17.7,False,False,Brownie,36,5,70
2024-01-16,Tuesday,False,17.7,False,False,Croissant,53,9,40
2024-01-16,Tuesday,False,17.7,False,False,Cookies,37,7,20
2024-01-16,Tuesday,False,17.7,False,False,Muffin,30,4,55
2024-01-17,Wednesday,False,20.5,False,False,Cake,21,1,400
2024-01-17,Wednesday,False,20.5,False,False,Cupcake,34,3,60
2024-01-17,Wednesday,False,20.5,False,False,Jar Cake,20,2,120
2024-01-17,Wednesday,False,20.5,False,False,Chocolate,41,8,25
2024-01-17,Wednesday,False,20.5,False,False,Brownie,46,7,70
2024-01-17,Wednesday,False,20.5,False,False,Croissant,60,11,40
2024-01-17,Wednesday,False,20.5,False,False,Cookies,55,6,20
2024-01-17,Wednesday,False,20.5,False,False,Muffin,40,2,55
2024-01-18,Thursday,False,14.7,True,False,Cake,11,2,400
2024-01-18,Thursday,False,14.7,True,False,Cupcake,23,2,60
2024-01-18,Thursday,False,14.7,True,False,Jar Cake,27,3,120
2024-01-18,Thursday,False,14.7,True,False,Chocolate,30,5,25
2024-01-18,Thursday,False,14.7,True,False,Brownie,46,5,70
2024-01-18,Thursday,False,14.7,True,False,Croissant,50,7,40
2024-01-18,Thursday,False,14.7,True,False,Cookies,45,3,20
2024-01-18,Thursday,False,14.7,True,False,Muffin,28,4,55
2024-01-19,Friday,False,18.7,False,False,Cake,16,1,400
2024-01-19,Friday,False,18.7,False,False,Cupcake,27,4,60
2024-01-19,Friday,False,18.7,False,False,Jar Cake,27,2,120
2024-01-19,Friday,False,18.7,False,False,Chocolate,32,3,25
2024-01-19,Friday,False,18.7,False,False,Brownie,47,5,70
2024-01-19,Friday,False,18.7,False,False,Croissant,68,8,40
2024-01-19,Friday,False,18.7,False,False,Cookies,56,8,20
2024-01-19,Friday,False,18.7,False,False,Muffin,30,3,55
2024-01-20,Saturday,True,16.5,False,False,Cake,20,2,400
2024-01-20,Saturday,True,16.5,False,False,Cupcake,42,2,60
2024-01-20,Saturday,True,16.5,False,False,Jar Cake,26,1,120
2024-01-20,Saturday,True,16.5,False,False,Chocolate,57,5,25
2024-01-20,Saturday,True,16.5,False,False,Brownie,72,10,70
2024-01-20,Saturday,True,16.5,False,False,Croissant,66,3,40
2024-01-20,Saturday,True,16.5,False,False,Cookies,58,4,20
2024-01-20,Saturday,True,16.5,False,False,Muffin,30,3,55
2024-01-21,Sunday,True,15.4,False,False,Cake,23,3,400
2024-01-21,Sunday,True,15.4,False,False,Cupcake,50,9,60
2024-01-21,Sunday,True,15.4,False,False,Jar Cake,44,4,120
2024-01-21,Sunday,True,15.4,False,False,Chocolate,61,4,25
2024-01-21,Sunday,True,15.4,False,False,Brownie,53,6,70
2024-01-21,Sunday,True,15.4,False,False,Croissant,79,9,40
2024-01-21,Sunday,True,15.4,False,False,Cookies,74,6,20
2024-01-21,Sunday,True,15.4,False,False,Muffin,41,2,55
2024-01-22,Monday,False,14.2,False,False,Cake,15,1,400
2024-01-22,Monday,False,14.2,False,False,Cupcake,33,3,60
2024-01-22,Monday,False,14.2,False,False,Jar Cake,20,1,120
2024-01-22,Monday,False,14.2,False,False,Chocolate,49,7,25
2024-01-22,Monday,False,14.2,False,False,Brownie,51,3,70
2024-01-22,Monday,False,14.2,False,False,Croissant,57,9,40
2024-01-22,Monday,False,14.2,False,False,Cookies,49,4,20
2024-01-22,Monday,False,14.2,False,False,Muffin,28,3,55
2024-01-23,Tuesday,False,13.9,False,False,Cake,10,0,400
2024-01-23,Tuesday,False,13.9,False,False,Cupcake,29,2,60
2024-01-23,Tuesday,False,13.9,False,False,Jar Cake,32,4,120
2024-01-23,Tuesday,False,13.9,False,False,Chocolate,31,6,25
2024-01-23,Tuesday,False,13.9,False,False,Brownie,40,6,70
2024-01-23,Tuesday,False,13.9,False,False,Croissant,70,9,40
2024-01-23,Tuesday,False,13.9,False,False,Cookies,45,3,20
2024-01-23,Tuesday,False,13.9,False,False,Muffin,27,3,55
2024-01-24,Wednesday,False,17.9,False,False,Cake,9,0,400
2024-01-24,Wednesday,False,17.9,False,False,Cupcake,36,4,60
2024-01-24,Wednesday,False,17.9,False,False,Jar Cake,25,2,120
2024-01-24,Wednesday,False,17.9,False,False,Chocolate,32,6,25
2024-01-24,Wednesday,False,17.9,False,False,Brownie,41,3,70
2024-01-24,Wednesday,False,17.9,False,False,Croissant,60,8,40
2024-01-24,Wednesday,False,17.9,False,False,Cookies,49,5,20
2024-01-24,Wednesday,False,17.9,False,False,Muffin,40,7,55
2024-01-25,Thursday,False,17.6,False,False,Cake,11,1,400
2024-01-25,Thursday,False,17.6,False,False,Cupcake,36,2,60
2024-01-25,Thursday,False,17.6,False,False,Jar Cake,30,2,120
2024-01-25,Thursday,False,17.6,False,False,Chocolate,33,4,25
2024-01-25,Thursday,False,17.6,False,False,Brownie,45,8,70
2024-01-25,Thursday,False,17.6,False,False,Croissant,54,6,40
2024-01-25,Thursday,False,17.6,False,False,Cookies,47,4,20
2024-01-25,Thursday,False,17.6,False,False,Muffin,34,2,55
2024-01-26,Friday,False,15.8,False,True,Cake,25,4,400
2024-01-26,Friday,False,15.8,False,True,Cupcake,44,8,60
2024-01-26,Friday,False,15.8,False,True,Jar Cake,32,2,120
2024-01-26,Friday,False,15.8,False,True,Chocolate,80,10,25
2024-01-26,Friday,False,15.8,False,True,Brownie,65,4,70
2024-01-26,Friday,False,15.8,False,True,Croissant,63,10,40
2024-01-26,Friday,False,15.8,False,True,Cookies,85,5,20
2024-01-26,Friday,False,15.8,False,True,Muffin,43,4,55
2024-01-27,Saturday,True,16.2,False,False,Cake,23,3,400
2024-01-27,Saturday,True,16.2,False,False,Cupcake,51,4,60
2024-01-27,Saturday,True,16.2,False,False,Jar Cake,31,5,120
2024-01-27,Saturday,True,16.2,False,False,Chocolate,56,6,25
2024-01-27,Saturday,True,16.2,False,False,Brownie,78,10,70
2024-01-27,Saturday,True,16.2,False,False,Croissant,76,4,40
2024-01-27,Saturday,True,16.2,False,False,Cookies,69,12,20
2024-01-27,Saturday,True,16.2,False,False,Muffin,44,6,55
2024-01-28,Sunday,True,18.0,False,False,Cake,19,3,400
2024-01-28,Sunday,True,18.0,False,False,Cupcake,60,4,60
2024-01-28,Sunday,True,18.0,False,False,Jar Cake,41,5,120
2024-01-28,Sunday,True,18.0,False,False,Chocolate,52,5,25
2024-01-28,Sunday,True,18.0,False,False,Brownie,68,6,70
2024-01-28,Sunday,True,18.0,False,False,Croissant,73,13,40
2024-01-28,Sunday,True,18.0,False,False,Cookies,64,10,20
2024-01-28,Sunday,True,18.0,False,False,Muffin,40,4,55
2024-01-29,Monday,False,16.8,False,False,Cake,14,1,400
2024-01-29,Monday,False,16.8,False,False,Cupcake,36,1,60
2024-01-29,Monday,False,16.8,False,False,Jar Cake,27,5,120
2024-01-29,Monday,False,16.8,False,False,Chocolate,32,2,25
2024-01-29,Monday,False,16.8,False,False,Brownie,47,7,70
2024-01-29,Monday,False,16.8,False,False,Croissant,49,2,40
2024-01-29,Monday,False,16.8,False,False,Cookies,49,2,20
2024-01-29,Monday,False,16.8,False,False,Muffin,35,4,55
2024-01-30,Tuesday,False,16.9,False,False,Cake,14,1,400
2024-01-30,Tuesday,False,16.9,False,False,Cupcake,29,5,60
2024-01-30,Tuesday,False,16.9,False,False,Jar Cake,23,3,120
2024-01-30,Tuesday,False,16.9,False,False,Chocolate,38,2,25
2024-01-30,Tuesday,False,16.9,False,False,Brownie,49,2,70
2024-01-30,Tuesday,False,16.9,False,False,Croissant,50,7,40
2024-01-30,Tuesday,False,16.9,False,False,Cookies,57,8,20
2024-01-30,Tuesday,False,16.9,False,False,Muffin,25,2,55
2024-01-31,Wednesday,False,19.0,False,False,Cake,14,1,400
2024-01-31,Wednesday,False,19.0,False,False,Cupcake,31,1,60
2024-01-31,Wednesday,False,19.0,False,False,Jar Cake,17,0,120
2024-01-31,Wednesday,False,19.0,False,False,Chocolate,33,3,25
2024-01-31,Wednesday,False,19.0,False,False,Brownie,42,4,70
2024-01-31,Wednesday,False,19.0,False,False,Croissant,58,8,40
2024-01-31,Wednesday,False,19.0,False,False,Cookies,48,5,20
2024-01-31,Wednesday,False,19.0,False,False,Muffin,35,6,55
2024-02-01,Thursday,False,18.5,False,False,Cake,14,1,400
2024-02-01,Thursday,False,18.5,False,False,Cupcake,36,3,60
2024-02-01,Thursday,False,18.5,False,False,Jar Cake,19,3,120
2024-02-01,Thursday,False,18.5,False,False,Chocolate,40,3,25
2024-02-01,Thursday,False,18.5,False,False,Brownie,36,3,70
2024-02-01,Thursday,False,18.5,False,False,Croissant,57,9,40
2024-02-01,Thursday,False,18.5,False,False,Cookies,43,3,20
2024-02-01,Thursday,False,18.5,False,False,Muffin,38,5,55
2024-02-02,Friday,False,21.1,False,False,Cake,21,2,400
2024-02-02,Friday,False,21.1,False,False,Cupcake,35,2,60
2024-02-02,Friday,False,21.1,False,False,Jar Cake,29,4,120
2024-02-02,Friday,False,21.1,False,False,Chocolate,35,3,25
2024-02-02,Friday,False,21.1,False,False,Brownie,42,3,70
2024-02-02,Friday,False,21.1,False,False,Croissant,58,8,40
2024-02-02,Friday,False,21.1,False,False,Cookies,64,5,20
2024-02-02,Friday,False,21.1,False,False,Muffin,31,3,55
2024-02-03,Saturday,True,19.9,False,False,Cake,18,1,400
2024-02-03,Saturday,True,19.9,False,False,Cupcake,35,4,60
2024-02-03,Saturday,True,19.9,False,False,Jar Cake,37,3,120
2024-02-03,Saturday,True,19.9,False,False,Chocolate,58,8,25
2024-02-03,Saturday,True,19.9,False,False,Brownie,57,10,70
2024-02-03,Saturday,True,19.9,False,False,Croissant,75,9,40
2024-02-03,Saturday,True,19.9,False,False,Cookies,78,13,20
2024-02-03,Saturday,True,19.9,False,False,Muffin,43,7,55
2024-02-04,Sunday,True,17.9,False,False,Cake,28,3,400
2024-02-04,Sunday,True,17.9,False,False,Cupcake,59,9,60
2024-02-04,Sunday,True,17.9,False,False,Jar Cake,30,5,120
2024-02-04,Sunday,True,17.9,False,False,Chocolate,69,12,25
2024-02-04,Sunday,True,17.9,False,False,Brownie,70,12,70
2024-02-04,Sunday,True,17.9,False,False,Croissant,68,4,40
2024-02-04,Sunday,True,17.9,False,False,Cookies,72,11,20
2024-02-04,Sunday,True,17.9,False,False,Muffin,28,3,55
2024-02-05,Monday,False,14.8,False,False,Cake,13,2,400
2024-02-05,Monday,False,14.8,False,False,Cupcake,37,1,60
2024-02-05,Monday,False,14.8,False,False,Jar Cake,32,5,120
2024-02-05,Monday,False,14.8,False,False,Chocolate,40,6,25
2024-02-05,Monday,False,14.8,False,False,Brownie,51,6,70
2024-02-05,Monday,False,14.8,False,False,Croissant,59,11,40
2024-02-05,Monday,False,14.8,False,False,Cookies,56,6,20
2024-02-05,Monday,False,14.8,False,False,Muffin,34,2,55
2024-02-06,Tuesday,False,15.6,False,False,Cake,12,0,400
2024-02-06,Tuesday,False,15.6,False,False,Cupcake,33,2,60
2024-02-06,Tuesday,False,15.6,False,False,Jar Cake,36,2,120
2024-02-06,Tuesday,False,15.6,False,False,Chocolate,38,7,25
2024-02-06,Tuesday,False,15.6,False,False,Brownie,44,3,70
2024-02-06,Tuesday,False,15.6,False,False,Croissant,72,10,40
2024-02-06,Tuesday,False,15.6,False,False,Cookies,50,3,20
2024-02-06,Tuesday,False,15.6,False,False,Muffin,25,4,55
2024-02-07,Wednesday,False,16.5,False,False,Cake,14,2,400
2024-02-07,Wednesday,False,16.5,False,False,Cupcake,28,2,60
2024-02-07,Wednesday,False,16.5,False,False,Jar Cake,20,2,120
2024-02-07,Wednesday,False,16.5,False,False,Chocolate,41,7,25
2024-02-07,Wednesday,False,16.5,False,False,Brownie,40,7,70
2024-02-07,Wednesday,False,16.5,False,False,Croissant,64,8,40
2024-02-07,Wednesday,False,16.5,False,False,Cookies,38,4,20
2024-02-07,Wednesday,False,16.5,False,False,Muffin,26,3,55
2024-02-08,Thursday,False,17.5,False,False,Cake,15,2,400
2024-02-08,Thursday,False,17.5,False,False,Cupcake,41,6,60
2024-02-08,Thursday,False,17.5,False,False,Jar Cake,26,4,120
2024-02-08,Thursday,False,17.5,False,False,Chocolate,46,8,25
2024-02-08,Thursday,False,17.5,False,False,Brownie,54,9,70
2024-02-08,Thursday,False,17.5,False,False,Croissant,61,8,40
2024-02-08,Thursday,False,17.5,False,False,Cookies,56,10,20
2024-02-08,Thursday,False,17.5,False,False,Muffin,37,6,55
2024-02-09,Friday,False,19.1,False,False,Cake,13,0,400
2024-02-09,Friday,False,19.1,False,False,Cupcake,35,3,60
2024-02-09,Friday,False,19.1,False,False,Jar Cake,27,3,120
2024-02-09,Friday,False,19.1,False,False,Chocolate,41,2,25
2024-02-09,Friday,False,19.1,False,False,Brownie,50,9,70
2024-02-09,Friday,False,19.1,False,False,Croissant,53,10,40
2024-02-09,Friday,False,19.1,False,False,Cookies,54,5,20
2024-02-09,Friday,False,19.1,False,False,Muffin,33,4,55
2024-02-10,Saturday,True,21.2,True,False,Cake,12,0,400
2024-02-10,Saturday,True,21.2,True,False,Cupcake,40,6,60
2024-02-10,Saturday,True,21.2,True,False,Jar Cake,28,5,120
2024-02-10,Saturday,True,21.2,True,False,Chocolate,44,3,25
2024-02-10,Saturday,True,21.2,True,False,Brownie,58,4,70
2024-02-10,Saturday,True,21.2,True,False,Croissant,51,7,40
2024-02-10,Saturday,True,21.2,True,False,Cookies,48,9,20
2024-02-10,Saturday,True,21.2,True,False,Muffin,33,3,55
2024-02-11,Sunday,True,15.9,False,False,Cake,27,2,400
2024-02-11,Sunday,True,15.9,False,False,Cupcake,44,5,60
2024-02-11,Sunday,True,15.9,False,False,Jar Cake,51,9,120
2024-02-11,Sunday,True,15.9,False,False,Chocolate,60,10,25
2024-02-11,Sunday,True,15.9,False,False,Brownie,67,4,70
2024-02-11,Sunday,True,15.9,False,False,Croissant,79,9,40
2024-02-11,Sunday,True,15.9,False,False,Cookies,56,8,20
2024-02-11,Sunday,True,15.9,False,False,Muffin,39,4,55
2024-02-12,Monday,False,19.3,False,False,Cake,19,2,400
2024-02-12,Monday,False,19.3,False,False,Cupcake,33,4,60
2024-02-12,Monday,False,19.3,False,False,Jar Cake,22,3,120
2024-02-12,Monday,False,19.3,False,False,Chocolate,46,5,25
2024-02-12,Monday,False,19.3,False,False,Brownie,35,6,70
2024-02-12,Monday,False,19.3,False,False,Croissant,47,6,40
2024-02-12,Monday,False,19.3,False,False,Cookies,54,2,20
2024-02-12,Monday,False,19.3,False,False,Muffin,27,1,55
2024-02-13,Tuesday,False,17.8,False,False,Cake,4,0,400
2024-02-13,Tuesday,False,17.8,False,False,Cupcake,27,4,60
2024-02-13,Tuesday,False,17.8,False,False,Jar Cake,30,2,120
2024-02-13,Tuesday,False,17.8,False,False,Chocolate,31,4,25
2024-02-13,Tuesday,False,17.8,False,False,Brownie,30,4,70
2024-02-13,Tuesday,False,17.8,False,False,Croissant,66,11,40
2024-02-13,Tuesday,False,17.8,False,False,Cookies,47,2,20
2024-02-13,Tuesday,False,17.8,False,False,Muffin,38,6,55
2024-02-14,Wednesday,False,23.5,False,False,Cake,18,1,400
2024-02-14,Wednesday,False,23.5,False,False,Cupcake,30,5,60
2024-02-14,Wednesday,False,23.5,False,False,Jar Cake,22,3,120
2024-02-14,Wednesday,False,23.5,False,False,Chocolate,43,5,25
2024-02-14,Wednesday,False,23.5,False,False,Brownie,49,9,70
2024-02-14,Wednesday,False,23.5,False,False,Croissant,38,2,40
2024-02-14,Wednesday,False,23.5,False,False,Cookies,49,7,20
2024-02-14,Wednesday,False,23.5,False,False,Muffin,34,3,55
2024-02-15,Thursday,False,18.1,False,False,Cake,20,2,400
2024-02-15,Thursday,False,18.1,False,False,Cupcake,39,7,60
2024-02-15,Thursday,False,18.1,False,False,Jar Cake,33,3,120
2024-02-15,Thursday,False,18.1,False,False,Chocolate,42,3,25
2024-02-15,Thursday,False,18.1,False,False,Brownie,47,7,70
2024-02-15,Thursday,False,18.1,False,False,Croissant,46,8,40
2024-02-15,Thursday,False,18.1,False,False,Cookies,42,8,20
2024-02-15,Thursday,False,18.1,False,False,Muffin,30,5,55
2024-02-16,Friday,False,21.2,False,False,Cake,16,1,400
2024-02-16,Friday,False,21.2,False,False,Cupcake,53,7,60
2024-02-16,Friday,False,21.2,False,False,Jar Cake,22,1,120
2024-02-16,Friday,False,21.2,False,False,Chocolate,35,2,25
2024-02-16,Friday,False,21.2,False,False,Brownie,45,7,70
2024-02-16,Friday,False,21.2,False,False,Croissant,55,7,40
2024-02-16,Friday,False,21.2,False,False,Cookies,54,4,20
2024-02-16,Friday,False,21.2,False,False,Muffin,33,5,55
2024-02-17,Saturday,True,14.1,False,False,Cake,21,1,400
2024-02-17,Saturday,True,14.1,False,False,Cupcake,37,2,60
2024-02-17,Saturday,True,14.1,False,False,Jar Cake,34,1,120
2024-02-17,Saturday,True,14.1,False,False,Chocolate,44,8,25
2024-02-17,Saturday,True,14.1,False,False,Brownie,56,3,70
2024-02-17,Saturday,True,14.1,False,False,Croissant,100,19,40
2024-02-17,Saturday,True,14.1,False,False,Cookies,71,8,20
2024-02-17,Saturday,True,14.1,False,False,Muffin,41,6,55
2024-02-18,Sunday,True,22.1,False,False,Cake,13,1,400
2024-02-18,Sunday,True,22.1,False,False,Cupcake,56,8,60
2024-02-18,Sunday,True,22.1,False,False,Jar Cake,37,5,120
2024-02-18,Sunday,True,22.1,False,False,Chocolate,64,3,25
2024-02-18,Sunday,True,22.1,False,False,Brownie,75,11,70
2024-02-18,Sunday,True,22.1,False,False,Croissant,54,5,40
2024-02-18,Sunday,True,22.1,False,False,Cookies,71,10,20
2024-02-18,Sunday,True,22.1,False,False,Muffin,49,6,55
2024-02-19,Monday,False,18.0,False,False,Cake,20,1,400
2024-02-19,Monday,False,18.0,False,False,Cupcake,38,6,60
2024-02-19,Monday,False,18.0,False,False,Jar Cake,30,5,120
2024-02-19,Monday,False,18.0,False,False,Chocolate,31,1,25
2024-02-19,Monday,False,18.0,False,False,Brownie,41,4,70
2024-02-19,Monday,False,18.0,False,False,Croissant,61,7,40
2024-02-19,Monday,False,18.0,False,False,Cookies,44,3,20
2024-02-19,Monday,False,18.0,False,False,Muffin,20,3,55
2024-02-20,Tuesday,False,18.8,False,False,Cake,20,2,400
2024-02-20,Tuesday,False,18.8,False,False,Cupcake,33,4,60
2024-02-20,Tuesday,False,18.8,False,False,Jar Cake,25,4,120
2024-02-20,Tuesday,False,18.8,False,False,Chocolate,46,8,25
2024-02-20,Tuesday,False,18.8,False,False,Brownie,55,10,70
2024-02-20,Tuesday,False,18.8,False,False,Croissant,53,6,40
2024-02-20,Tuesday,False,18.8,False,False,Cookies,45,4,20
2024-02-20,Tuesday,False,18.8,False,False,Muffin,35,3,55
2024-02-21,Wednesday,False,24.9,False,False,Cake,18,2,400
2024-02-21,Wednesday,False,24.9,False,False,Cupcake,27,4,60
2024-02-21,Wednesday,False,24.9,False,False,Jar Cake,20,3,120
2024-02-21,Wednesday,False,24.9,False,False,Chocolate,31,2,25
2024-02-21,Wednesday,False,24.9,False,False,Brownie,63,10,70
2024-02-21,Wednesday,False,24.9,False,False,Croissant,46,6,40
2024-02-21,Wednesday,False,24.9,False,False,Cookies,66,11,20
2024-02-21,Wednesday,False,24.9,False,False,Muffin,38,3,55
2024-02-22,Thursday,False,17.7,False,False,Cake,21,1,400
2024-02-22,Thursday,False,17.7,False,False,Cupcake,40,6,60
2024-02-22,Thursday,False,17.7,False,False,Jar Cake,24,1,120
2024-02-22,Thursday,False,17.7,False,False,Chocolate,42,5,25
2024-02-22,Thursday,False,17.7,False,False,Brownie,37,6,70
2024-02-22,Thursday,False,17.7,False,False,Croissant,49,2,40
2024-02-22,Thursday,False,17.7,False,False,Cookies,53,6,20
2024-02-22,Thursday,False,17.7,False,False,Muffin,25,3,55
2024-02-23,Friday,False,24.2,False,False,Cake,17,1,400
2024-02-23,Friday,False,24.2,False,False,Cupcake,39,7,60
2024-02-23,Friday,False,24.2,False,False,Jar Cake,18,2,120
2024-02-23,Friday,False,24.2,False,False,Chocolate,41,2,25
2024-02-23,Friday,False,24.2,False,False,Brownie,34,2,70
2024-02-23,Friday,False,24.2,False,False,Croissant,41,4,40
2024-02-23,Friday,False,24.2,False,False,Cookies,37,2,20
2024-02-23,Friday,False,24.2,False,False,Muffin,35,4,55
2024-02-24,Saturday,True,21.5,False,False,Cake,18,2,400
2024-02-24,Saturday,True,21.5,False,False,Cupcake,48,5,60
2024-02-24,Saturday,True,21.5,False,False,Jar Cake,22,4,120
2024-02-24,Saturday,True,21.5,False,False,Chocolate,46,3,25
2024-02-24,Saturday,True,21.5,False,False,Brownie,61,7,70
2024-02-24,Saturday,True,21.5,False,False,Croissant,83,12,40
2024-02-24,Saturday,True,21.5,False,False,Cookies,61,4,20
2024-02-24,Saturday,True,21.5,False,False,Muffin,41,5,55
2024-02-25,Sunday,True,22.7,False,False,Cake,13,0,400
2024-02-25,Sunday,True,22.7,False,False,Cupcake,52,4,60
2024-02-25,Sunday,True,22.7,False,False,Jar Cake,29,1,120
2024-02-25,Sunday,True,22.7,False,False,Chocolate,68,6,25
2024-02-25,Sunday,True,22.7,False,False,Brownie,58,8,70
2024-02-25,Sunday,True,22.7,False,False,Croissant,61,7,40
2024-02-25,Sunday,True,22.7,False,False,Cookies,56,5,20
2024-02-25,Sunday,True,22.7,False,False,Muffin,37,4,55
2024-02-26,Monday,False,22.2,False,False,Cake,19,3,400
2024-02-26,Monday,False,22.2,False,False,Cupcake,45,6,60
2024-02-26,Monday,False,22.2,False,False,Jar Cake,29,3,120
2024-02-26,Monday,False,22.2,False,False,Chocolate,38,3,25
2024-02-26,Monday,False,22.2,False,False,Brownie,32,2,70
2024-02-26,Monday,False,22.2,False,False,Croissant,41,4,40
2024-02-26,Monday,False,22.2,False,False,Cookies,39,3,20
2024-02-26,Monday,False,22.2,False,False,Muffin,32,2,55
2024-02-27,Tuesday,False,19.5,True,False,Cake,16,0,400
2024-02-27,Tuesday,False,19.5,True,False,Cupcake,25,1,60
2024-02-27,Tuesday,False,19.5,True,False,Jar Cake,18,2,120
2024-02-27,Tuesday,False,19.5,True,False,Chocolate,22,4,25
2024-02-27,Tuesday,False,19.5,True,False,Brownie,45,4,70
2024-02-27,Tuesday,False,19.5,True,False,Croissant,50,5,40
2024-02-27,Tuesday,False,19.5,True,False,Cookies,34,3,20
2024-02-27,Tuesday,False,19.5,True,False,Muffin,20,2,55
2024-02-28,Wednesday,False,22.5,False,False,Cake,15,1,400
2024-02-28,Wednesday,False,22.5,False,False,Cupcake,40,5,60
2024-02-28,Wednesday,False,22.5,False,False,Jar Cake,20,1,120
2024-02-28,Wednesday,False,22.5,False,False,Chocolate,56,3,25
2024-02-28,Wednesday,False,22.5,False,False,Brownie,46,8,70
2024-02-28,Wednesday,False,22.5,False,False,Croissant,35,2,40
2024-02-28,Wednesday,False,22.5,False,False,Cookies,46,5,20
2024-02-28,Wednesday,False,22.5,False,False,Muffin,28,3,55
2024-02-29,Thursday,False,23.1,False,False,Cake,19,2,400
2024-02-29,Thursday,False,23.1,False,False,Cupcake,34,5,60
2024-02-29,Thursday,False,23.1,False,False,Jar Cake,24,3,120
2024-02-29,Thursday,False,23.1,False,False,Chocolate,49,6,25
2024-02-29,Thursday,False,23.1,False,False,Brownie,32,2,70
2024-02-29,Thursday,False,23.1,False,False,Croissant,50,7,40
2024-02-29,Thursday,False,23.1,False,False,Cookies,32,5,20
2024-02-29,Thursday,False,23.1,False,False,Muffin,20,1,55
2024-03-01,Friday,False,19.1,False,False,Cake,18,1,400
2024-03-01,Friday,False,19.1,False,False,Cupcake,28,4,60
2024-03-01,Friday,False,19.1,False,False,Jar Cake,29,1,120
2024-03-01,Friday,False,19.1,False,False,Chocolate,36,5,25
2024-03-01,Friday,False,19.1,False,False,Brownie,43,2,70
2024-03-01,Friday,False,19.1,False,False,Croissant,59,8,40
2024-03-01,Friday,False,19.1,False,False,Cookies,51,9,20
2024-03-01,Friday,False,19.1,False,False,Muffin,35,6,55
2024-03-02,Saturday,True,20.0,False,False,Cake,21,3,400
2024-03-02,Saturday,True,20.0,False,False,Cupcake,50,5,60
2024-03-02,Saturday,True,20.0,False,False,Jar Cake,44,4,120
2024-03-02,Saturday,True,20.0,False,False,Chocolate,52,7,25
2024-03-02,Saturday,True,20.0,False,False,Brownie,77,5,70
2024-03-02,Saturday,True,20.0,False,False,Croissant,80,13,40
2024-03-02,Saturday,True,20.0,False,False,Cookies,81,13,20
2024-03-02,Saturday,True,20.0,False,False,Muffin,40,6,55
2024-03-03,Sunday,True,23.4,False,False,Cake,29,2,400
2024-03-03,Sunday,True,23.4,False,False,Cupcake,38,6,60
2024-03-03,Sunday,True,23.4,False,False,Jar Cake,28,4,120
2024-03-03,Sunday,True,23.4,False,False,Chocolate,59,8,25
2024-03-03,Sunday,True,23.4,False,False,Brownie,61,8,70
2024-03-03,Sunday,True,23.4,False,False,Croissant,65,9,40
2024-03-03,Sunday,True,23.4,False,False,Cookies,74,8,20
2024-03-03,Sunday,True,23.4,False,False,Muffin,31,5,55
2024-03-04,Monday,False,24.6,False,False,Cake,16,2,400
2024-03-04,Monday,False,24.6,False,False,Cupcake,29,4,60
2024-03-04,Monday,False,24.6,False,False,Jar Cake,26,4,120
2024-03-04,Monday,False,24.6,False,False,Chocolate,37,2,25
2024-03-04,Monday,False,24.6,False,False,Brownie,41,8,70
2024-03-04,Monday,False,24.6,False,False,Croissant,42,6,40
2024-03-04,Monday,False,24.6,False,False,Cookies,60,6,20
2024-03-04,Monday,False,24.6,False,False,Muffin,29,1,55
2024-03-05,Tuesday,False,19.4,False,False,Cake,9,1,400
2024-03-05,Tuesday,False,19.4,False,False,Cupcake,37,5,60
2024-03-05,Tuesday,False,19.4,False,False,Jar Cake,26,3,120
2024-03-05,Tuesday,False,19.4,False,False,Chocolate,43,3,25
2024-03-05,Tuesday,False,19.4,False,False,Brownie,52,3,70
2024-03-05,Tuesday,False,19.4,False,False,Croissant,41,6,40
2024-03-05,Tuesday,False,19.4,False,False,Cookies,54,6,20
2024-03-05,Tuesday,False,19.4,False,False,Muffin,29,2,55
2024-03-06,Wednesday,False,25.1,False,False,Cake,9,1,400
2024-03-06,Wednesday,False,25.1,False,False,Cupcake,46,5,60
2024-03-06,Wednesday,False,25.1,False,False,Jar Cake,27,1,120
2024-03-06,Wednesday,False,25.1,False,False,Chocolate,38,4,25
2024-03-06,Wednesday,False,25.1,False,False,Brownie,46,3,70
2024-03-06,Wednesday,False,25.1,False,False,Croissant,42,2,40
2024-03-06,Wednesday,False,25.1,False,False,Cookies,45,4,20
2024-03-06,Wednesday,False,25.1,False,False,Muffin,41,4,55
2024-03-07,Thursday,False,23.8,False,False,Cake,15,0,400
2024-03-07,Thursday,False,23.8,False,False,Cupcake,39,4,60
2024-03-07,Thursday,False,23.8,False,False,Jar Cake,29,2,120
2024-03-07,Thursday,False,23.8,False,False,Chocolate,42,6,25
2024-03-07,Thursday,False,23.8,False,False,Brownie,32,2,70
2024-03-07,Thursday,False,23.8,False,False,Croissant,40,7,40
2024-03-07,Thursday,False,23.8,False,False,Cookies,44,7,20
2024-03-07,Thursday,False,23.8,False,False,Muffin,29,1,55
2024-03-08,Friday,False,21.9,False,False,Cake,4,0,400
2024-03-08,Friday,False,21.9,False,False,Cupcake,27,3,60
2024-03-08,Friday,False,21.9,False,False,Jar Cake,23,1,120
2024-03-08,Friday,False,21.9,False,False,Chocolate,41,2,25
2024-03-08,Friday,False,21.9,False,False,Brownie,43,6,70
2024-03-08,Friday,False,21.9,False,False,Croissant,60,8,40
2024-03-08,Friday,False,21.9,False,False,Cookies,49,6,20
2024-03-08,Friday,False,21.9,False,False,Muffin,27,1,55
2024-03-09,Saturday,True,21.6,False,False,Cake,21,1,400
2024-03-09,Saturday,True,21.6,False,False,Cupcake,56,3,60
2024-03-09,Saturday,True,21.6,False,False,Jar Cake,37,2,120
2024-03-09,Saturday,True,21.6,False,False,Chocolate,53,3,25
2024-03-09,Saturday,True,21.6,False,False,Brownie,77,11,70
2024-03-09,Saturday,True,21.6,False,False,Croissant,75,11,40
2024-03-09,Saturday,True,21.6,False,False,Cookies,69,8,20
2024-03-09,Saturday,True,21.6,False,False,Muffin,47,2,55
2024-03-10,Sunday,True,21.7,False,False,Cake,16,1,400
2024-03-10,Sunday,True,21.7,False,False,Cupcake,44,5,60
2024-03-10,Sunday,True,21.7,False,False,Jar Cake,29,5,120
2024-03-10,Sunday,True,21.7,False,False,Chocolate,60,3,25
2024-03-10,Sunday,True,21.7,False,False,Brownie,60,7,70
2024-03-10,Sunday,True,21.7,False,False,Croissant,76,11,40
2024-03-10,Sunday,True,21.7,False,False,Cookies,76,12,20
2024-03-10,Sunday,True,21.7,False,False,Muffin,58,7,55
2024-03-11,Monday,False,25.3,False,False,Cake,17,1,400
2024-03-11,Monday,False,25.3,False,False,Cupcake,45,3,60
2024-03-11,Monday,False,25.3,False,False,Jar Cake,28,2,120
2024-03-11,Monday,False,25.3,False,False,Chocolate,32,2,25
2024-03-11,Monday,False,25.3,False,False,Brownie,55,4,70
2024-03-11,Monday,False,25.3,False,False,Croissant,44,2,40
2024-03-11,Monday,False,25.3,False,False,Cookies,60,7,20
2024-03-11,Monday,False,25.3,False,False,Muffin,32,5,55
2024-03-12,Tuesday,False,22.3,False,False,Cake,10,1,400
2024-03-12,Tuesday,False,22.3,False,False,Cupcake,35,6,60
2024-03-12,Tuesday,False,22.3,False,False,Jar Cake,20,3,120
2024-03-12,Tuesday,False,22.3,False,False,Chocolate,41,3,25
2024-03-12,Tuesday,False,22.3,False,False,Brownie,44,5,70
2024-03-12,Tuesday,False,22.3,False,False,Croissant,42,7,40
2024-03-12,Tuesday,False,22.3,False,False,Cookies,46,7,20
2024-03-12,Tuesday,False,22.3,False,False,Muffin,36,3,55
2024-03-13,Wednesday,False,23.0,False,False,Cake,18,2,400
2024-03-13,Wednesday,False,23.0,False,False,Cupcake,32,3,60
2024-03-13,Wednesday,False,23.0,False,False,Jar Cake,18,1,120
2024-03-13,Wednesday,False,23.0,False,False,Chocolate,44,3,25
2024-03-13,Wednesday,False,23.0,False,False,Brownie,53,9,70
2024-03-13,Wednesday,False,23.0,False,False,Croissant,40,6,40
2024-03-13,Wednesday,False,23.0,False,False,Cookies,50,4,20
2024-03-13,Wednesday,False,23.0,False,False,Muffin,37,6,55
2024-03-14,Thursday,False,22.1,False,False,Cake,17,1,400
2024-03-14,Thursday,False,22.1,False,False,Cupcake,34,6,60
2024-03-14,Thursday,False,22.1,False,False,Jar Cake,26,5,120
2024-03-14,Thursday,False,22.1,False,False,Chocolate,31,1,25
2024-03-14,Thursday,False,22.1,False,False,Brownie,40,3,70
2024-03-14,Thursday,False,22.1,False,False,Croissant,56,9,40
2024-03-14,Thursday,False,22.1,False,False,Cookies,55,9,20
2024-03-14,Thursday,False,22.1,False,False,Muffin,26,1,55
2024-03-15,Friday,False,24.9,False,False,Cake,12,1,400
2024-03-15,Friday,False,24.9,False,False,Cupcake,31,2,60
2024-03-15,Friday,False,24.9,False,False,Jar Cake,22,1,120
2024-03-15,Friday,False,24.9,False,False,Chocolate,43,7,25
2024-03-15,Friday,False,24.9,False,False,Brownie,38,3,70
2024-03-15,Friday,False,24.9,False,False,Croissant,51,7,40
2024-03-15,Friday,False,24.9,False,False,Cookies,50,8,20
2024-03-15,Friday,False,24.9,False,False,Muffin,32,2,55
2024-03-16,Saturday,True,28.0,False,False,Cake,26,3,400
2024-03-16,Saturday,True,28.0,False,False,Cupcake,46,5,60
2024-03-16,Saturday,True,28.0,False,False,Jar Cake,39,7,120
2024-03-16,Saturday,True,28.0,False,False,Chocolate,53,7,25
2024-03-16,Saturday,True,28.0,False,False,Brownie,63,5,70
2024-03-16,Saturday,True,28.0,False,False,Croissant,61,6,40
2024-03-16,Saturday,True,28.0,False,False,Cookies,67,12,20
2024-03-16,Saturday,True,28.0,False,False,Muffin,42,5,55
2024-03-17,Sunday,True,23.2,False,False,Cake,18,1,400
2024-03-17,Sunday,True,23.2,False,False,Cupcake,39,7,60
2024-03-17,Sunday,True,23.2,False,False,Jar Cake,31,2,120
2024-03-17,Sunday,True,23.2,False,False,Chocolate,56,4,25
2024-03-17,Sunday,True,23.2,False,False,Brownie,61,3,70
2024-03-17,Sunday,True,23.2,False,False,Croissant,54,3,40
2024-03-17,Sunday,True,23.2,False,False,Cookies,63,8,20
2024-03-17,Sunday,True,23.2,False,False,Muffin,41,7,55
2024-03-18,Monday,False,25.0,False,False,Cake,9,0,400
2024-03-18,Monday,False,25.0,False,False,Cupcake,32,5,60
2024-03-18,Monday,False,25.0,False,False,Jar Cake,25,4,120
2024-03-18,Monday,False,25.0,False,False,Chocolate,32,3,25
2024-03-18,Monday,False,25.0,False,False,Brownie,43,8,70
2024-03-18,Monday,False,25.0,False,False,Croissant,49,4,40
2024-03-18,Monday,False,25.0,False,False,Cookies,57,8,20
2024-03-18,Monday,False,25.0,False,False,Muffin,18,1,55
2024-03-19,Tuesday,False,28.1,False,False,Cake,14,1,400
2024-03-19,Tuesday,False,28.1,False,False,Cupcake,27,4,60
2024-03-19,Tuesday,False,28.1,False,False,Jar Cake,16,1,120
2024-03-19,Tuesday,False,28.1,False,False,Chocolate,53,8,25
2024-03-19,Tuesday,False,28.1,False,False,Brownie,42,2,70
2024-03-19,Tuesday,False,28.1,False,False,Croissant,47,7,40
2024-03-19,Tuesday,False,28.1,False,False,Cookies,36,2,20
2024-03-19,Tuesday,False,28.1,False,False,Muffin,26,3,55
2024-03-20,Wednesday,False,26.8,True,False,Cake,8,0,400
2024-03-20,Wednesday,False,26.8,True,False,Cupcake,34,6,60
2024-03-20,Wednesday,False,26.8,True,False,Jar Cake,24,3,120
2024-03-20,Wednesday,False,26.8,True,False,Chocolate,30,5,25
2024-03-20,Wednesday,False,26.8,True,False,Brownie,37,6,70
2024-03-20,Wednesday,False,26.8,True,False,Croissant,37,5,40
2024-03-20,Wednesday,False,26.8,True,False,Cookies,40,6,20
2024-03-20,Wednesday,False,26.8,True,False,Muffin,28,2,55
2024-03-21,Thursday,False,23.0,False,False,Cake,13,0,400
2024-03-21,Thursday,False,23.0,False,False,Cupcake,38,3,60
2024-03-21,Thursday,False,23.0,False,False,Jar Cake,16,1,120
2024-03-21,Thursday,False,23.0,False,False,Chocolate,43,4,25
2024-03-21,Thursday,False,23.0,False,False,Brownie,44,3,70
2024-03-21,Thursday,False,23.0,False,False,Croissant,45,5,40
2024-03-21,Thursday,False,23.0,False,False,Cookies,69,3,20
2024-03-21,Thursday,False,23.0,False,False,Muffin,24,3,55
2024-03-22,Friday,False,24.9,False,False,Cake,13,1,400
2024-03-22,Friday,False,24.9,False,False,Cupcake,33,3,60
2024-03-22,Friday,False,24.9,False,False,Jar Cake,26,3,120
2024-03-22,Friday,False,24.9,False,False,Chocolate,41,7,25
2024-03-22,Friday,False,24.9,False,False,Brownie,44,3,70
2024-03-22,Friday,False,24.9,False,False,Croissant,38,3,40
2024-03-22,Friday,False,24.9,False,False,Cookies,51,6,20
2024-03-22,Friday,False,24.9,False,False,Muffin,23,3,55
2024-03-23,Saturday,True,20.5,False,False,Cake,26,3,400
2024-03-23,Saturday,True,20.5,False,False,Cupcake,50,5,60
2024-03-23,Saturday,True,20.5,False,False,Jar Cake,34,6,120
2024-03-23,Saturday,True,20.5,False,False,Chocolate,66,8,25
2024-03-23,Saturday,True,20.5,False,False,Brownie,71,11,70
2024-03-23,Saturday,True,20.5,False,False,Croissant,64,5,40
2024-03-23,Saturday,True,20.5,False,False,Cookies,58,11,20
2024-03-23,Saturday,True,20.5,False,False,Muffin,40,5,55
2024-03-24,Sunday,True,25.1,False,False,Cake,17,2,400
2024-03-24,Sunday,True,25.1,False,False,Cupcake,45,5,60
2024-03-24,Sunday,True,25.1,False,False,Jar Cake,35,6,120
2024-03-24,Sunday,True,25.1,False,False,Chocolate,52,8,25
2024-03-24,Sunday,True,25.1,False,False,Brownie,62,4,70
2024-03-24,Sunday,True,25.1,False,False,Croissant,59,10,40
2024-03-24,Sunday,True,25.1,False,False,Cookies,66,9,20
2024-03-24,Sunday,True,25.1,False,False,Muffin,52,6,55
2024-03-25,Monday,False,28.1,False,True,Cake,20,2,400
2024-03-25,Monday,False,28.1,False,True,Cupcake,48,3,60
2024-03-25,Monday,False,28.1,False,True,Jar Cake,43,8,120
2024-03-25,Monday,False,28.1,False,True,Chocolate,76,7,25
2024-03-25,Monday,False,28.1,False,True,Brownie,62,4,70
2024-03-25,Monday,False,28.1,False,True,Croissant,60,8,40
2024-03-25,Monday,False,28.1,False,True,Cookies,98,13,20
2024-03-25,Monday,False,28.1,False,True,Muffin,26,1,55
2024-03-26,Tuesday,False,27.9,False,False,Cake,14,1,400
2024-03-26,Tuesday,False,27.9,False,False,Cupcake,48,9,60
2024-03-26,Tuesday,False,27.9,False,False,Jar Cake,25,1,120
2024-03-26,Tuesday,False,27.9,False,False,Chocolate,40,6,25
2024-03-26,Tuesday,False,27.9,False,False,Brownie,30,3,70
2024-03-26,Tuesday,False,27.9,False,False,Croissant,41,3,40
2024-03-26,Tuesday,False,27.9,False,False,Cookies,48,4,20
2024-03-26,Tuesday,False,27.9,False,False,Muffin,30,4,55
2024-03-27,Wednesday,False,26.3,False,False,Cake,17,3,400
2024-03-27,Wednesday,False,26.3,False,False,Cupcake,35,4,60
2024-03-27,Wednesday,False,26.3,False,False,Jar Cake,27,4,120
2024-03-27,Wednesday,False,26.3,False,False,Chocolate,35,6,25
2024-03-27,Wednesday,False,26.3,False,False,Brownie,52,6,70
2024-03-27,Wednesday,False,26.3,False,False,Croissant,37,3,40
2024-03-27,Wednesday,False,26.3,False,False,Cookies,50,3,20
2024-03-27,Wednesday,False,26.3,False,False,Muffin,32,5,55
2024-03-28,Thursday,False,26.9,False,False,Cake,6,0,400
2024-03-28,Thursday,False,26.9,False,False,Cupcake,39,2,60
2024-03-28,Thursday,False,26.9,False,False,Jar Cake,23,4,120
2024-03-28,Thursday,False,26.9,False,False,Chocolate,36,6,25
2024-03-28,Thursday,False,26.9,False,False,Brownie,44,4,70
2024-03-28,Thursday,False,26.9,False,False,Croissant,63,9,40
2024-03-28,Thursday,False,26.9,False,False,Cookies,50,7,20
2024-03-28,Thursday,False,26.9,False,False,Muffin,33,2,55
2024-03-29,Friday,False,28.5,False,False,Cake,17,1,400
2024-03-29,Friday,False,28.5,False,False,Cupcake,40,2,60
2024-03-29,Friday,False,28.5,False,False,Jar Cake,23,2,120
2024-03-29,Friday,False,28.5,False,False,Chocolate,39,3,25
2024-03-29,Friday,False,28.5,False,False,Brownie,42,2,70
2024-03-29,Friday,False,28.5,False,False,Croissant,51,8,40
2024-03-29,Friday,False,28.5,False,False,Cookies,58,8,20
2024-03-29,Friday,False,28.5,False,False,Muffin,29,2,55
2024-03-30,Saturday,True,29.2,False,False,Cake,22,1,400
2024-03-30,Saturday,True,29.2,False,False,Cupcake,50,4,60
2024-03-30,Saturday,True,29.2,False,False,Jar Cake,36,5,120
2024-03-30,Saturday,True,29.2,False,False,Chocolate,47,4,25
2024-03-30,Saturday,True,29.2,False,False,Brownie,58,3,70
2024-03-30,Saturday,True,29.2,False,False,Croissant,61,10,40
2024-03-30,Saturday,True,29.2,False,False,Cookies,63,4,20
2024-03-30,Saturday,True,29.2,False,False,Muffin,39,4,55
2024-03-31,Sunday,True,31.7,True,False,Cake,17,1,400
2024-03-31,Sunday,True,31.7,True,False,Cupcake,46,5,60
2024-03-31,Sunday,True,31.7,True,False,Jar Cake,47,2,120
2024-03-31,Sunday,True,31.7,True,False,Chocolate,37,1,25
2024-03-31,Sunday,True,31.7,True,False,Brownie,47,6,70
2024-03-31,Sunday,True,31.7,True,False,Croissant,48,2,40
2024-03-31,Sunday,True,31.7,True,False,Cookies,53,10,20
2024-03-31,Sunday,True,31.7,True,False,Muffin,41,7,55
2024-04-01,Monday,False,28.6,False,False,Cake,18,1,400
2024-04-01,Monday,False,28.6,False,False,Cupcake,31,2,60
2024-04-01,Monday,False,28.6,False,False,Jar Cake,21,3,120
2024-04-01,Monday,False,28.6,False,False,Chocolate,39,7,25
2024-04-01,Monday,False,28.6,False,False,Brownie,59,11,70
2024-04-01,Monday,False,28.6,False,False,Croissant,33,2,40
2024-04-01,Monday,False,28.6,False,False,Cookies,43,6,20
2024-04-01,Monday,False,28.6,False,False,Muffin,35,2,55
2024-04-02,Tuesday,False,28.2,False,False,Cake,17,1,400
2024-04-02,Tuesday,False,28.2,False,False,Cupcake,45,5,60
2024-04-02,Tuesday,False,28.2,False,False,Jar Cake,32,1,120
2024-04-02,Tuesday,False,28.2,False,False,Chocolate,32,4,25
2024-04-02,Tuesday,False,28.2,False,False,Brownie,44,8,70
2024-04-02,Tuesday,False,28.2,False,False,Croissant,46,5,40
2024-04-02,Tuesday,False,28.2,False,False,Cookies,54,4,20
2024-04-02,Tuesday,False,28.2,False,False,Muffin,35,4,55
2024-04-03,Wednesday,False,29.7,False,False,Cake,6,0,400
2024-04-03,Wednesday,False,29.7,False,False,Cupcake,29,5,60
2024-04-03,Wednesday,False,29.7,False,False,Jar Cake,31,6,120
2024-04-03,Wednesday,False,29.7,False,False,Chocolate,35,4,25
2024-04-03,Wednesday,False,29.7,False,False,Brownie,33,6,70
2024-04-03,Wednesday,False,29.7,False,False,Croissant,38,7,40
2024-04-03,Wednesday,False,29.7,False,False,Cookies,56,6,20
2024-04-03,Wednesday,False,29.7,False,False,Muffin,34,4,55
2024-04-04,Thursday,False,25.6,False,False,Cake,18,0,400
2024-04-04,Thursday,False,25.6,False,False,Cupcake,46,6,60
2024-04-04,Thursday,False,25.6,False,False,Jar Cake,20,3,120
2024-04-04,Thursday,False,25.6,False,False,Chocolate,44,5,25
2024-04-04,Thursday,False,25.6,False,False,Brownie,48,4,70
2024-04-04,Thursday,False,25.6,False,False,Croissant,43,8,40
2024-04-04,Thursday,False,25.6,False,False,Cookies,47,7,20
2024-04-04,Thursday,False,25.6,False,False,Muffin,31,5,55
2024-04-05,Friday,False,28.7,False,False,Cake,16,2,400
2024-04-05,Friday,False,28.7,False,False,Cupcake,30,5,60
2024-04-05,Friday,False,28.7,False,False,Jar Cake,17,1,120
2024-04-05,Friday,False,28.7,False,False,Chocolate,24,1,25
2024-04-05,Friday,False,28.7,False,False,Brownie,54,10,70
2024-04-05,Friday,False,28.7,False,False,Croissant,47,6,40
2024-04-05,Friday,False,28.7,False,False,Cookies,50,4,20
2024-04-05,Friday,False,28.7,False,False,Muffin,28,5,55
2024-04-06,Saturday,True,27.5,False,False,Cake,20,1,400
2024-04-06,Saturday,True,27.5,False,False,Cupcake,49,4,60
2024-04-06,Saturday,True,27.5,False,False,Jar Cake,41,2,120
2024-04-06,Saturday,True,27.5,False,False,Chocolate,54,9,25
2024-04-06,Saturday,True,27.5,False,False,Brownie,69,10,70
2024-04-06,Saturday,True,27.5,False,False,Croissant,67,4,40
2024-04-06,Saturday,True,27.5,False,False,Cookies,79,7,20
2024-04-06,Saturday,True,27.5,False,False,Muffin,39,2,55
2024-04-07,Sunday,True,29.9,False,False,Cake,20,3,400
2024-04-07,Sunday,True,29.9,False,False,Cupcake,41,3,60
2024-04-07,Sunday,True,29.9,False,False,Jar Cake,29,4,120
2024-04-07,Sunday,True,29.9,False,False,Chocolate,75,11,25
2024-04-07,Sunday,True,29.9,False,False,Brownie,59,5,70
2024-04-07,Sunday,True,29.9,False,False,Croissant,66,5,40
2024-04-07,Sunday,True,29.9,False,False,Cookies,64,10,20
2024-04-07,Sunday,True,29.9,False,False,Muffin,38,5,55
2024-04-08,Monday,False,28.4,False,False,Cake,11,1,400
2024-04-08,Monday,False,28.4,False,False,Cupcake,48,4,60
2024-04-08,Monday,False,28.4,False,False,Jar Cake,26,4,120
2024-04-08,Monday,False,28.4,False,False,Chocolate,45,5,25
2024-04-08,Monday,False,28.4,False,False,Brownie,45,8,70
2024-04-08,Monday,False,28.4,False,False,Croissant,52,8,40
2024-04-08,Monday,False,28.4,False,False,Cookies,49,7,20
2024-04-08,Monday,False,28.4,False,False,Muffin,26,2,55
2024-04-09,Tuesday,False,26.8,False,False,Cake,18,3,400
2024-04-09,Tuesday,False,26.8,False,False,Cupcake,35,2,60
2024-04-09,Tuesday,False,26.8,False,False,Jar Cake,23,4,120
2024-04-09,Tuesday,False,26.8,False,False,Chocolate,35,6,25
2024-04-09,Tuesday,False,26.8,False,False,Brownie,30,4,70
2024-04-09,Tuesday,False,26.8,False,False,Croissant,53,9,40
2024-04-09,Tuesday,False,26.8,False,False,Cookies,51,3,20
2024-04-09,Tuesday,False,26.8,False,False,Muffin,37,3,55
2024-04-10,Wednesday,False,29.9,False,False,Cake,19,2,400
2024-04-10,Wednesday,False,29.9,False,False,Cupcake,36,6,60
2024-04-10,Wednesday,False,29.9,False,False,Jar Cake,14,1,120
2024-04-10,Wednesday,False,29.9,False,False,Chocolate,36,5,25
2024-04-10,Wednesday,False,29.9,False,False,Brownie,42,4,70
2024-04-10,Wednesday,False,29.9,False,False,Croissant,41,6,40
2024-04-10,Wednesday,False,29.9,False,False,Cookies,46,4,20
2024-04-10,Wednesday,False,29.9,False,False,Muffin,41,6,55
2024-04-11,Thursday,False,27.9,False,False,Cake,11,1,400
2024-04-11,Thursday,False,27.9,False,False,Cupcake,26,2,60
2024-04-11,Thursday,False,27.9,False,False,Jar Cake,15,1,120
2024-04-11,Thursday,False,27.9,False,False,Chocolate,60,6,25
2024-04-11,Thursday,False,27.9,False,False,Brownie,50,5,70
2024-04-11,Thursday,False,27.9,False,False,Croissant,42,3,40
2024-04-11,Thursday,False,27.9,False,False,Cookies,43,3,20
2024-04-11,Thursday,False,27.9,False,False,Muffin,26,5,55
2024-04-12,Friday,False,27.4,True,False,Cake,21,1,400
2024-04-12,Friday,False,27.4,True,False,Cupcake,31,4,60
2024-04-12,Friday,False,27.4,True,False,Jar Cake,18,3,120
2024-04-12,Friday,False,27.4,True,False,Chocolate,29,4,25
2024-04-12,Friday,False,27.4,True,False,Brownie,40,3,70
2024-04-12,Friday,False,27.4,True,False,Croissant,40,7,40
2024-04-12,Friday,False,27.4,True,False,Cookies,33,6,20
2024-04-12,Friday,False,27.4,True,False,Muffin,21,3,55
2024-04-13,Saturday,True,29.4,False,False,Cake,19,2,400
2024-04-13,Saturday,True,29.4,False,False,Cupcake,42,8,60
2024-04-13,Saturday,True,29.4,False,False,Jar Cake,32,2,120
2024-04-13,Saturday,True,29.4,False,False,Chocolate,43,4,25
2024-04-13,Saturday,True,29.4,False,False,Brownie,48,8,70
2024-04-13,Saturday,True,29.4,False,False,Croissant,59,6,40
2024-04-13,Saturday,True,29.4,False,False,Cookies,73,10,20
2024-04-13,Saturday,True,29.4,False,False,Muffin,43,3,55
2024-04-14,Sunday,True,28.2,False,False,Cake,26,1,400
2024-04-14,Sunday,True,28.2,False,False,Cupcake,42,3,60
2024-04-14,Sunday,True,28.2,False,False,Jar Cake,29,3,120
2024-04-14,Sunday,True,28.2,False,False,Chocolate,59,8,25
2024-04-14,Sunday,True,28.2,False,False,Brownie,62,8,70
2024-04-14,Sunday,True,28.2,False,False,Croissant,67,8,40
2024-04-14,Sunday,True,28.2,False,False,Cookies,52,9,20
2024-04-14,Sunday,True,28.2,False,False,Muffin,42,3,55
2024-04-15,Monday,False,29.9,False,False,Cake,21,3,400
2024-04-15,Monday,False,29.9,False,False,Cupcake,34,2,60
2024-04-15,Monday,False,29.9,False,False,Jar Cake,28,3,120
2024-04-15,Monday,False,29.9,False,False,Chocolate,28,2,25
2024-04-15,Monday,False,29.9,False,False,Brownie,44,4,70
2024-04-15,Monday,False,29.9,False,False,Croissant,45,5,40
2024-04-15,Monday,False,29.9,False,False,Cookies,63,10,20
2024-04-15,Monday,False,29.9,False,False,Muffin,28,2,55
2024-04-16,Tuesday,False,28.9,True,False,Cake,9,1,400
2024-04-16,Tuesday,False,28.9,True,False,Cupcake,35,2,60
2024-04-16,Tuesday,False,28.9,True,False,Jar Cake,18,1,120
2024-04-16,Tuesday,False,28.9,True,False,Chocolate,34,3,25
2024-04-16,Tuesday,False,28.9,True,False,Brownie,35,5,70
2024-04-16,Tuesday,False,28.9,True,False,Croissant,35,6,40
2024-04-16,Tuesday,False,28.9,True,False,Cookies,39,4,20
2024-04-16,Tuesday,False,28.9,True,False,Muffin,18,2,55
2024-04-17,Wednesday,False,29.1,False,False,Cake,17,3,400
2024-04-17,Wednesday,False,29.1,False,False,Cupcake,40,5,60
2024-04-17,Wednesday,False,29.1,False,False,Jar Cake,19,1,120
2024-04-17,Wednesday,False,29.1,False,False,Chocolate,44,2,25
2024-04-17,Wednesday,False,29.1,False,False,Brownie,37,5,70
2024-04-17,Wednesday,False,29.1,False,False,Croissant,50,3,40
2024-04-17,Wednesday,False,29.1,False,False,Cookies,38,2,20
2024-04-17,Wednesday,False,29.1,False,False,Muffin,38,3,55
2024-04-18,Thursday,False,29.4,False,False,Cake,16,0,400
2024-04-18,Thursday,False,29.4,False,False,Cupcake,33,2,60
2024-04-18,Thursday,False,29.4,False,False,Jar Cake,26,2,120
2024-04-18,Thursday,False,29.4,False,False,Chocolate,41,6,25
2024-04-18,Thursday,False,29.4,False,False,Brownie,38,4,70
2024-04-18,Thursday,False,29.4,False,False,Croissant,54,7,40
2024-04-18,Thursday,False,29.4,False,False,Cookies,40,2,20
2024-04-18,Thursday,False,29.4,False,False,Muffin,27,4,55
2024-04-19,Friday,False,29.3,False,False,Cake,14,1,400
2024-04-19,Friday,False,29.3,False,False,Cupcake,35,1,60
2024-04-19,Friday,False,29.3,False,False,Jar Cake,30,3,120
2024-04-19,Friday,False,29.3,False,False,Chocolate,41,6,25
2024-04-19,Friday,False,29.3,False,False,Brownie,40,6,70
2024-04-19,Friday,False,29.3,False,False,Croissant,46,7,40
2024-04-19,Friday,False,29.3,False,False,Cookies,58,5,20
2024-04-19,Friday,False,29.3,False,False,Muffin,35,2,55
2024-04-20,Saturday,True,28.5,False,False,Cake,16,2,400
2024-04-20,Saturday,True,28.5,False,False,Cupcake,45,8,60
2024-04-20,Saturday,True,28.5,False,False,Jar Cake,23,1,120
2024-04-20,Saturday,True,28.5,False,False,Chocolate,51,5,25
2024-04-20,Saturday,True,28.5,False,False,Brownie,56,5,70
2024-04-20,Saturday,True,28.5,False,False,Croissant,58,6,40
2024-04-20,Saturday,True,28.5,False,False,Cookies,67,9,20
2024-04-20,Saturday,True,28.5,False,False,Muffin,45,3,55
2024-04-21,Sunday,True,30.1,False,False,Cake,20,3,400
2024-04-21,Sunday,True,30.1,False,False,Cupcake,53,3,60
2024-04-21,Sunday,True,30.1,False,False,Jar Cake,39,6,120
2024-04-21,Sunday,True,30.1,False,False,Chocolate,60,7,25
2024-04-21,Sunday,True,30.1,False,False,Brownie,51,7,70
2024-04-21,Sunday,True,30.1,False,False,Croissant,67,5,40
2024-04-21,Sunday,True,30.1,False,False,Cookies,79,14,20
2024-04-21,Sunday,True,30.1,False,False,Muffin,46,6,55
2024-04-22,Monday,False,30.8,False,False,Cake,10,1,400
2024-04-22,Monday,False,30.8,False,False,Cupcake,31,3,60
2024-04-22,Monday,False,30.8,False,False,Jar Cake,21,2,120
2024-04-22,Monday,False,30.8,False,False,Chocolate,50,3,25
2024-04-22,Monday,False,30.8,False,False,Brownie,33,3,70
2024-04-22,Monday,False,30.8,False,False,Croissant,52,8,40
2024-04-22,Monday,False,30.8,False,False,Cookies,45,4,20
2024-04-22,Monday,False,30.8,False,False,Muffin,41,4,55
2024-04-23,Tuesday,False,32.4,False,False,Cake,11,0,400
2024-04-23,Tuesday,False,32.4,False,False,Cupcake,47,7,60
2024-04-23,Tuesday,False,32.4,False,False,Jar Cake,38,6,120
2024-04-23,Tuesday,False,32.4,False,False,Chocolate,45,6,25
2024-04-23,Tuesday,False,32.4,False,False,Brownie,42,2,70
2024-04-23,Tuesday,False,32.4,False,False,Croissant,40,7,40
2024-04-23,Tuesday,False,32.4,False,False,Cookies,44,2,20
2024-04-23,Tuesday,False,32.4,False,False,Muffin,42,7,55
2024-04-24,Wednesday,False,30.0,False,False,Cake,20,2,400
2024-04-24,Wednesday,False,30.0,False,False,Cupcake,24,4,60
2024-04-24,Wednesday,False,30.0,False,False,Jar Cake,22,3,120
2024-04-24,Wednesday,False,30.0,False,False,Chocolate,35,3,25
2024-04-24,Wednesday,False,30.0,False,False,Brownie,36,3,70
2024-04-24,Wednesday,False,30.0,False,False,Croissant,51,4,40
2024-04-24,Wednesday,False,30.0,False,False,Cookies,53,2,20
2024-04-24,Wednesday,False,30.0,False,False,Muffin,35,5,55
2024-04-25,Thursday,False,32.3,True,False,Cake,17,2,400
2024-04-25,Thursday,False,32.3,True,False,Cupcake,41,5,60
2024-04-25,Thursday,False,32.3,True,False,Jar Cake,32,4,120
2024-04-25,Thursday,False,32.3,True,False,Chocolate,42,5,25
2024-04-25,Thursday,False,32.3,True,False,Brownie,49,4,70
2024-04-25,Thursday,False,32.3,True,False,Croissant,39,7,40
2024-04-25,Thursday,False,32.3,True,False,Cookies,49,6,20
2024-04-25,Thursday,False,32.3,True,False,Muffin,21,3,55
2024-04-26,Friday,False,28.8,False,False,Cake,11,1,400
2024-04-26,Friday,False,28.8,False,False,Cupcake,39,3,60
2024-04-26,Friday,False,28.8,False,False,Jar Cake,19,2,120
2024-04-26,Friday,False,28.8,False,False,Chocolate,33,3,25
2024-04-26,Friday,False,28.8,False,False,Brownie,48,3,70
2024-04-26,Friday,False,28.8,False,False,Croissant,47,8,40
2024-04-26,Friday,False,28.8,False,False,Cookies,51,5,20
2024-04-26,Friday,False,28.8,False,False,Muffin,23,2,55
2024-04-27,Saturday,True,34.0,False,False,Cake,21,2,400
2024-04-27,Saturday,True,34.0,False,False,Cupcake,44,4,60
2024-04-27,Saturday,True,34.0,False,False,Jar Cake,33,6,120
2024-04-27,Saturday,True,34.0,False,False,Chocolate,82,6,25
2024-04-27,Saturday,True,34.0,False,False,Brownie,53,4,70
2024-04-27,Saturday,True,34.0,False,False,Croissant,60,3,40
2024-04-27,Saturday,True,34.0,False,False,Cookies,63,12,20
2024-04-27,Saturday,True,34.0,False,False,Muffin,67,7,55
2024-04-28,Sunday,True,30.9,False,False,Cake,13,0,400
2024-04-28,Sunday,True,30.9,False,False,Cupcake,42,4,60
2024-04-28,Sunday,True,30.9,False,False,Jar Cake,30,2,120
2024-04-28,Sunday,True,30.9,False,False,Chocolate,48,7,25
2024-04-28,Sunday,True,30.9,False,False,Brownie,45,7,70
2024-04-28,Sunday,True,30.9,False,False,Croissant,51,9,40
2024-04-28,Sunday,True,30.9,False,False,Cookies,58,7,20
2024-04-28,Sunday,True,30.9,False,False,Muffin,37,6,55
2024-04-29,Monday,False,28.3,False,False,Cake,16,1,400
2024-04-29,Monday,False,28.3,False,False,Cupcake,37,4,60
2024-04-29,Monday,False,28.3,False,False,Jar Cake,16,1,120
2024-04-29,Monday,False,28.3,False,False,Chocolate,47,5,25
2024-04-29,Monday,False,28.3,False,False,Brownie,44,5,70
2024-04-29,Monday,False,28.3,False,False,Croissant,48,8,40
2024-04-29,Monday,False,28.3,False,False,Cookies,46,8,20
2024-04-29,Monday,False,28.3,False,False,Muffin,28,3,55
2024-04-30,Tuesday,False,31.4,False,False,Cake,19,3,400
2024-04-30,Tuesday,False,31.4,False,False,Cupcake,33,3,60
2024-04-30,Tuesday,False,31.4,False,False,Jar Cake,29,2,120
2024-04-30,Tuesday,False,31.4,False,False,Chocolate,54,7,25
2024-04-30,Tuesday,False,31.4,False,False,Brownie,46,6,70
2024-04-30,Tuesday,False,31.4,False,False,Croissant,39,4,40
2024-04-30,Tuesday,False,31.4,False,False,Cookies,53,7,20
2024-04-30,Tuesday,False,31.4,False,False,Muffin,24,1,55
2024-05-01,Wednesday,False,35.0,False,False,Cake,19,3,400
2024-05-01,Wednesday,False,35.0,False,False,Cupcake,37,6,60
2024-05-01,Wednesday,False,35.0,False,False,Jar Cake,30,4,120
2024-05-01,Wednesday,False,35.0,False,False,Chocolate,60,4,25
2024-05-01,Wednesday,False,35.0,False,False,Brownie,48,3,70
2024-05-01,Wednesday,False,35.0,False,False,Croissant,54,4,40
2024-05-01,Wednesday,False,35.0,False,False,Cookies,57,9,20
2024-05-01,Wednesday,False,35.0,False,False,Muffin,31,3,55
2024-05-02,Thursday,False,31.7,False,False,Cake,11,2,400
2024-05-02,Thursday,False,31.7,False,False,Cupcake,34,5,60
2024-05-02,Thursday,False,31.7,False,False,Jar Cake,19,2,120
2024-05-02,Thursday,False,31.7,False,False,Chocolate,45,7,25
2024-05-02,Thursday,False,31.7,False,False,Brownie,38,3,70
2024-05-02,Thursday,False,31.7,False,False,Croissant,42,5,40
2024-05-02,Thursday,False,31.7,False,False,Cookies,61,7,20
2024-05-02,Thursday,False,31.7,False,False,Muffin,18,2,55
2024-05-03,Friday,False,30.1,False,False,Cake,19,1,400
2024-05-03,Friday,False,30.1,False,False,Cupcake,34,1,60
2024-05-03,Friday,False,30.1,False,False,Jar Cake,28,3,120
2024-05-03,Friday,False,30.1,False,False,Chocolate,36,3,25
2024-05-03,Friday,False,30.1,False,False,Brownie,51,8,70
2024-05-03,Friday,False,30.1,False,False,Croissant,36,3,40
2024-05-03,Friday,False,30.1,False,False,Cookies,54,10,20
2024-05-03,Friday,False,30.1,False,False,Muffin,28,1,55
2024-05-04,Saturday,True,32.2,False,False,Cake,16,0,400
2024-05-04,Saturday,True,32.2,False,False,Cupcake,76,10,60
2024-05-04,Saturday,True,32.2,False,False,Jar Cake,47,8,120
2024-05-04,Saturday,True,32.2,False,False,Chocolate,76,7,25
2024-05-04,Saturday,True,32.2,False,False,Brownie,82,12,70
2024-05-04,Saturday,True,32.2,False,False,Croissant,66,13,40
2024-05-04,Saturday,True,32.2,False,False,Cookies,63,3,20
2024-05-04,Saturday,True,32.2,False,False,Muffin,51,5,55
2024-05-05,Sunday,True,34.7,False,False,Cake,29,3,400
2024-05-05,Sunday,True,34.7,False,False,Cupcake,76,4,60
2024-05-05,Sunday,True,34.7,False,False,Jar Cake,36,2,120
2024-05-05,Sunday,True,34.7,False,False,Chocolate,70,8,25
2024-05-05,Sunday,True,34.7,False,False,Brownie,64,10,70
2024-05-05,Sunday,True,34.7,False,False,Croissant,62,10,40
2024-05-05,Sunday,True,34.7,False,False,Cookies,74,3,20
2024-05-05,Sunday,True,34.7,False,False,Muffin,46,5,55
2024-05-06,Monday,False,34.1,False,False,Cake,21,3,400
2024-05-06,Monday,False,34.1,False,False,Cupcake,41,3,60
2024-05-06,Monday,False,34.1,False,False,Jar Cake,30,5,120
2024-05-06,Monday,False,34.1,False,False,Chocolate,42,5,25
2024-05-06,Monday,False,34.1,False,False,Brownie,41,3,70
2024-05-06,Monday,False,34.1,False,False,Croissant,47,3,40
2024-05-06,Monday,False,34.1,False,False,Cookies,40,7,20
2024-05-06,Monday,False,34.1,False,False,Muffin,36,5,55
2024-05-07,Tuesday,False,31.9,False,False,Cake,19,2,400
2024-05-07,Tuesday,False,31.9,False,False,Cupcake,44,4,60
2024-05-07,Tuesday,False,31.9,False,False,Jar Cake,30,4,120
2024-05-07,Tuesday,False,31.9,False,False,Chocolate,39,7,25
2024-05-07,Tuesday,False,31.9,False,False,Brownie,39,5,70
2024-05-07,Tuesday,False,31.9,False,False,Croissant,50,7,40
2024-05-07,Tuesday,False,31.9,False,False,Cookies,51,3,20
2024-05-07,Tuesday,False,31.9,False,False,Muffin,31,5,55
2024-05-08,Wednesday,False,28.7,True,False,Cake,12,1,400
2024-05-08,Wednesday,False,28.7,True,False,Cupcake,25,2,60
2024-05-08,Wednesday,False,28.7,True,False,Jar Cake,21,2,120
2024-05-08,Wednesday,False,28.7,True,False,Chocolate,40,3,25
2024-05-08,Wednesday,False,28.7,True,False,Brownie,28,3,70
2024-05-08,Wednesday,False,28.7,True,False,Croissant,45,4,40
2024-05-08,Wednesday,False,28.7,True,False,Cookies,40,3,20
2024-05-08,Wednesday,False,28.7,True,False,Muffin,35,6,55
2024-05-09,Thursday,False,30.9,False,False,Cake,15,1,400
2024-05-09,Thursday,False,30.9,False,False,Cupcake,33,4,60
2024-05-09,Thursday,False,30.9,False,False,Jar Cake,28,3,120
2024-05-09,Thursday,False,30.9,False,False,Chocolate,31,5,25
2024-05-09,Thursday,False,30.9,False,False,Brownie,48,4,70
2024-05-09,Thursday,False,30.9,False,False,Croissant,46,8,40
2024-05-09,Thursday,False,30.9,False,False,Cookies,57,6,20
2024-05-09,Thursday,False,30.9,False,False,Muffin,26,2,55
2024-05-10,Friday,False,36.2,False,False,Cake,8,0,400
2024-05-10,Friday,False,36.2,False,False,Cupcake,38,2,60
2024-05-10,Friday,False,36.2,False,False,Jar Cake,31,5,120
2024-05-10,Friday,False,36.2,False,False,Chocolate,53,6,25
2024-05-10,Friday,False,36.2,False,False,Brownie,39,7,70
2024-05-10,Friday,False,36.2,False,False,Croissant,56,8,40
2024-05-10,Friday,False,36.2,False,False,Cookies,48,6,20
2024-05-10,Friday,False,36.2,False,False,Muffin,42,6,55
2024-05-11,Saturday,True,31.1,False,False,Cake,15,1,400
2024-05-11,Saturday,True,31.1,False,False,Cupcake,55,5,60
2024-05-11,Saturday,True,31.1,False,False,Jar Cake,43,7,120
2024-05-11,Saturday,True,31.1,False,False,Chocolate,54,5,25
2024-05-11,Saturday,True,31.1,False,False,Brownie,62,3,70
2024-05-11,Saturday,True,31.1,False,False,Croissant,55,10,40
2024-05-11,Saturday,True,31.1,False,False,Cookies,73,10,20
2024-05-11,Saturday,True,31.1,False,False,Muffin,39,3,55
2024-05-12,Sunday,True,36.2,False,False,Cake,15,1,400
2024-05-12,Sunday,True,36.2,False,False,Cupcake,57,6,60
2024-05-12,Sunday,True,36.2,False,False,Jar Cake,36,4,120
2024-05-12,Sunday,True,36.2,False,False,Chocolate,56,3,25
2024-05-12,Sunday,True,36.2,False,False,Brownie,63,5,70
2024-05-12,Sunday,True,36.2,False,False,Croissant,54,10,40
2024-05-12,Sunday,True,36.2,False,False,Cookies,66,3,20
2024-05-12,Sunday,True,36.2,False,False,Muffin,54,2,55
2024-05-13,Monday,False,35.2,False,False,Cake,13,1,400
2024-05-13,Monday,False,35.2,False,False,Cupcake,46,7,60
2024-05-13,Monday,False,35.2,False,False,Jar Cake,30,1,120
2024-05-13,Monday,False,35.2,False,False,Chocolate,50,8,25
2024-05-13,Monday,False,35.2,False,False,Brownie,39,6,70
2024-05-13,Monday,False,35.2,False,False,Croissant,57,6,40
2024-05-13,Monday,False,35.2,False,False,Cookies,46,2,20
2024-05-13,Monday,False,35.2,False,False,Muffin,33,1,55
2024-05-14,Tuesday,False,27.3,False,False,Cake,14,1,400
2024-05-14,Tuesday,False,27.3,False,False,Cupcake,36,5,60
2024-05-14,Tuesday,False,27.3,False,False,Jar Cake,19,1,120
2024-05-14,Tuesday,False,27.3,False,False,Chocolate,37,5,25
2024-05-14,Tuesday,False,27.3,False,False,Brownie,31,3,70
2024-05-14,Tuesday,False,27.3,False,False,Croissant,49,7,40
2024-05-14,Tuesday,False,27.3,False,False,Cookies,45,8,20
2024-05-14,Tuesday,False,27.3,False,False,Muffin,27,3,55
2024-05-15,Wednesday,False,32.5,False,False,Cake,17,2,400
2024-05-15,Wednesday,False,32.5,False,False,Cupcake,53,3,60
2024-05-15,Wednesday,False,32.5,False,False,Jar Cake,37,5,120
2024-05-15,Wednesday,False,32.5,False,False,Chocolate,47,9,25
2024-05-15,Wednesday,False,32.5,False,False,Brownie,48,8,70
2024-05-15,Wednesday,False,32.5,False,False,Croissant,41,5,40
2024-05-15,Wednesday,False,32.5,False,False,Cookies,48,4,20
2024-05-15,Wednesday,False,32.5,False,False,Muffin,40,3,55
2024-05-16,Thursday,False,33.7,False,False,Cake,16,0,400
2024-05-16,Thursday,False,33.7,False,False,Cupcake,53,9,60
2024-05-16,Thursday,False,33.7,False,False,Jar Cake,27,2,120
2024-05-16,Thursday,False,33.7,False,False,Chocolate,61,4,25
2024-05-16,Thursday,False,33.7,False,False,Brownie,53,8,70
2024-05-16,Thursday,False,33.7,False,False,Croissant,47,7,40
2024-05-16,Thursday,False,33.7,False,False,Cookies,51,4,20
2024-05-16,Thursday,False,33.7,False,False,Muffin,44,6,55
2024-05-17,Friday,False,34.3,False,False,Cake,16,1,400
2024-05-17,Friday,False,34.3,False,False,Cupcake,32,4,60
2024-05-17,Friday,False,34.3,False,False,Jar Cake,39,6,120
2024-05-17,Friday,False,34.3,False,False,Chocolate,48,9,25
2024-05-17,Friday,False,34.3,False,False,Brownie,42,2,70
2024-05-17,Friday,False,34.3,False,False,Croissant,33,1,40
2024-05-17,Friday,False,34.3,False,False,Cookies,53,7,20
2024-05-17,Friday,False,34.3,False,False,Muffin,32,4,55
2024-05-18,Saturday,True,33.9,False,False,Cake,20,1,400
2024-05-18,Saturday,True,33.9,False,False,Cupcake,64,12,60
2024-05-18,Saturday,True,33.9,False,False,Jar Cake,42,6,120
2024-05-18,Saturday,True,33.9,False,False,Chocolate,65,10,25
2024-05-18,Saturday,True,33.9,False,False,Brownie,73,11,70
2024-05-18,Saturday,True,33.9,False,False,Croissant,56,5,40
2024-05-18,Saturday,True,33.9,False,False,Cookies,60,8,20
2024-05-18,Saturday,True,33.9,False,False,Muffin,55,8,55
2024-05-19,Sunday,True,35.5,False,False,Cake,22,2,400
2024-05-19,Sunday,True,35.5,False,False,Cupcake,51,8,60
2024-05-19,Sunday,True,35.5,False,False,Jar Cake,55,3,120
2024-05-19,Sunday,True,35.5,False,False,Chocolate,68,11,25
2024-05-19,Sunday,True,35.5,False,False,Brownie,50,7,70
2024-05-19,Sunday,True,35.5,False,False,Croissant,57,2,40
2024-05-19,Sunday,True,35.5,False,False,Cookies,68,13,20
2024-05-19,Sunday,True,35.5,False,False,Muffin,54,3,55
2024-05-20,Monday,False,29.4,False,False,Cake,14,0,400
2024-05-20,Monday,False,29.4,False,False,Cupcake,32,2,60
2024-05-20,Monday,False,29.4,False,False,Jar Cake,25,4,120
2024-05-20,Monday,False,29.4,False,False,Chocolate,41,4,25
2024-05-20,Monday,False,29.4,False,False,Brownie,41,6,70
2024-05-20,Monday,False,29.4,False,False,Croissant,49,3,40
2024-05-20,Monday,False,29.4,False,False,Cookies,53,7,20
2024-05-20,Monday,False,29.4,False,False,Muffin,33,5,55
2024-05-21,Tuesday,False,35.5,False,False,Cake,15,2,400
2024-05-21,Tuesday,False,35.5,False,False,Cupcake,38,3,60
2024-05-21,Tuesday,False,35.5,False,False,Jar Cake,31,5,120
2024-05-21,Tuesday,False,35.5,False,False,Chocolate,45,8,25
2024-05-21,Tuesday,False,35.5,False,False,Brownie,35,4,70
2024-05-21,Tuesday,False,35.5,False,False,Croissant,46,2,40
2024-05-21,Tuesday,False,35.5,False,False,Cookies,39,5,20
2024-05-21,Tuesday,False,35.5,False,False,Muffin,34,5,55
2024-05-22,Wednesday,False,33.8,False,False,Cake,12,1,400
2024-05-22,Wednesday,False,33.8,False,False,Cupcake,47,4,60
2024-05-22,Wednesday,False,33.8,False,False,Jar Cake,35,2,120
2024-05-22,Wednesday,False,33.8,False,False,Chocolate,56,5,25
2024-05-22,Wednesday,False,33.8,False,False,Brownie,56,5,70
2024-05-22,Wednesday,False,33.8,False,False,Croissant,49,7,40
2024-05-22,Wednesday,False,33.8,False,False,Cookies,48,5,20
2024-05-22,Wednesday,False,33.8,False,False,Muffin,37,3,55
2024-05-23,Thursday,False,32.7,False,False,Cake,13,1,400
2024-05-23,Thursday,False,32.7,False,False,Cupcake,46,6,60
2024-05-23,Thursday,False,32.7,False,False,Jar Cake,30,2,120
2024-05-23,Thursday,False,32.7,False,False,Chocolate,62,6,25
2024-05-23,Thursday,False,32.7,False,False,Brownie,48,7,70
2024-05-23,Thursday,False,32.7,False,False,Croissant,32,6,40
2024-05-23,Thursday,False,32.7,False,False,Cookies,41,5,20
2024-05-23,Thursday,False,32.7,False,False,Muffin,40,4,55
2024-05-24,Friday,False,33.4,False,False,Cake,18,1,400
2024-05-24,Friday,False,33.4,False,False,Cupcake,46,8,60
2024-05-24,Friday,False,33.4,False,False,Jar Cake,34,5,120
2024-05-24,Friday,False,33.4,False,False,Chocolate,53,7,25
2024-05-24,Friday,False,33.4,False,False,Brownie,56,5,70
2024-05-24,Friday,False,33.4,False,False,Croissant,37,4,40
2024-05-24,Friday,False,33.4,False,False,Cookies,52,9,20
2024-05-24,Friday,False,33.4,False,False,Muffin,44,7,55
2024-05-25,Saturday,True,32.1,False,False,Cake,20,3,400
2024-05-25,Saturday,True,32.1,False,False,Cupcake,68,12,60
2024-05-25,Saturday,True,32.1,False,False,Jar Cake,35,6,120
2024-05-25,Saturday,True,32.1,False,False,Chocolate,61,3,25
2024-05-25,Saturday,True,32.1,False,False,Brownie,59,8,70
2024-05-25,Saturday,True,32.1,False,False,Croissant,76,9,40
2024-05-25,Saturday,True,32.1,False,False,Cookies,54,4,20
2024-05-25,Saturday,True,32.1,False,False,Muffin,43,6,55
2024-05-26,Sunday,True,33.0,False,False,Cake,27,2,400
2024-05-26,Sunday,True,33.0,False,False,Cupcake,60,10,60
2024-05-26,Sunday,True,33.0,False,False,Jar Cake,51,5,120
2024-05-26,Sunday,True,33.0,False,False,Chocolate,78,13,25
2024-05-26,Sunday,True,33.0,False,False,Brownie,64,8,70
2024-05-26,Sunday,True,33.0,False,False,Croissant,59,7,40
2024-05-26,Sunday,True,33.0,False,False,Cookies,70,10,20
2024-05-26,Sunday,True,33.0,False,False,Muffin,54,3,55
2024-05-27,Monday,False,33.9,False,False,Cake,18,1,400
2024-05-27,Monday,False,33.9,False,False,Cupcake,49,5,60
2024-05-27,Monday,False,33.9,False,False,Jar Cake,26,2,120
2024-05-27,Monday,False,33.9,False,False,Chocolate,50,5,25
2024-05-27,Monday,False,33.9,False,False,Brownie,45,4,70
2024-05-27,Monday,False,33.9,False,False,Croissant,53,6,40
2024-05-27,Monday,False,33.9,False,False,Cookies,36,4,20
2024-05-27,Monday,False,33.9,False,False,Muffin,40,5,55
2024-05-28,Tuesday,False,34.6,False,False,Cake,20,1,400
2024-05-28,Tuesday,False,34.6,False,False,Cupcake,38,2,60
2024-05-28,Tuesday,False,34.6,False,False,Jar Cake,33,3,120
2024-05-28,Tuesday,False,34.6,False,False,Chocolate,68,7,25
2024-05-28,Tuesday,False,34.6,False,False,Brownie,46,2,70
2024-05-28,Tuesday,False,34.6,False,False,Croissant,48,5,40
2024-05-28,Tuesday,False,34.6,False,False,Cookies,50,2,20
2024-05-28,Tuesday,False,34.6,False,False,Muffin,36,2,55
2024-05-29,Wednesday,False,31.7,False,False,Cake,16,1,400
2024-05-29,Wednesday,False,31.7,False,False,Cupcake,33,2,60
2024-05-29,Wednesday,False,31.7,False,False,Jar Cake,20,3,120
2024-05-29,Wednesday,False,31.7,False,False,Chocolate,41,7,25
2024-05-29,Wednesday,False,31.7,False,False,Brownie,33,3,70
2024-05-29,Wednesday,False,31.7,False,False,Croissant,52,5,40
2024-05-29,Wednesday,False,31.7,False,False,Cookies,48,3,20
2024-05-29,Wednesday,False,31.7,False,False,Muffin,35,5,55
2024-05-30,Thursday,False,37.8,False,False,Cake,10,1,400
2024-05-30,Thursday,False,37.8,False,False,Cupcake,43,8,60
2024-05-30,Thursday,False,37.8,False,False,Jar Cake,25,2,120
2024-05-30,Thursday,False,37.8,False,False,Chocolate,43,8,25
2024-05-30,Thursday,False,37.8,False,False,Brownie,42,5,70
2024-05-30,Thursday,False,37.8,False,False,Croissant,43,5,40
2024-05-30,Thursday,False,37.8,False,False,Cookies,51,6,20
2024-05-30,Thursday,False,37.8,False,False,Muffin,40,3,55
2024-05-31,Friday,False,31.0,False,False,Cake,18,1,400
2024-05-31,Friday,False,31.0,False,False,Cupcake,38,6,60
2024-05-31,Friday,False,31.0,False,False,Jar Cake,29,3,120
2024-05-31,Friday,False,31.0,False,False,Chocolate,32,3,25
2024-05-31,Friday,False,31.0,False,False,Brownie,47,4,70
2024-05-31,Friday,False,31.0,False,False,Croissant,41,2,40
2024-05-31,Friday,False,31.0,False,False,Cookies,42,2,20
2024-05-31,Friday,False,31.0,False,False,Muffin,32,3,55
2024-06-01,Saturday,True,36.4,True,False,Cake,18,2,400
2024-06-01,Saturday,True,36.4,True,False,Cupcake,59,9,60
2024-06-01,Saturday,True,36.4,True,False,Jar Cake,47,3,120
2024-06-01,Saturday,True,36.4,True,False,Chocolate,54,4,25
2024-06-01,Saturday,True,36.4,True,False,Brownie,47,6,70
2024-06-01,Saturday,True,36.4,True,False,Croissant,50,3,40
2024-06-01,Saturday,True,36.4,True,False,Cookies,45,5,20
2024-06-01,Saturday,True,36.4,True,False,Muffin,39,4,55
2024-06-02,Sunday,True,34.7,False,False,Cake,23,4,400
2024-06-02,Sunday,True,34.7,False,False,Cupcake,72,9,60
2024-06-02,Sunday,True,34.7,False,False,Jar Cake,47,8,120
2024-06-02,Sunday,True,34.7,False,False,Chocolate,65,3,25
2024-06-02,Sunday,True,34.7,False,False,Brownie,54,4,70
2024-06-02,Sunday,True,34.7,False,False,Croissant,54,9,40
2024-06-02,Sunday,True,34.7,False,False,Cookies,67,5,20
2024-06-02,Sunday,True,34.7,False,False,Muffin,58,5,55
2024-06-03,Monday,False,31.9,False,False,Cake,13,2,400
2024-06-03,Monday,False,31.9,False,False,Cupcake,33,4,60
2024-06-03,Monday,False,31.9,False,False,Jar Cake,29,2,120
2024-06-03,Monday,False,31.9,False,False,Chocolate,40,4,25
2024-06-03,Monday,False,31.9,False,False,Brownie,48,4,70
2024-06-03,Monday,False,31.9,False,False,Croissant,43,3,40
2024-06-03,Monday,False,31.9,False,False,Cookies,47,8,20
2024-06-03,Monday,False,31.9,False,False,Muffin,36,6,55
2024-06-04,Tuesday,False,33.8,False,False,Cake,13,1,400
2024-06-04,Tuesday,False,33.8,False,False,Cupcake,36,3,60
2024-06-04,Tuesday,False,33.8,False,False,Jar Cake,29,5,120
2024-06-04,Tuesday,False,33.8,False,False,Chocolate,58,8,25
2024-06-04,Tuesday,False,33.8,False,False,Brownie,59,5,70
2024-06-04,Tuesday,False,33.8,False,False,Croissant,45,5,40
2024-06-04,Tuesday,False,33.8,False,False,Cookies,40,6,20
2024-06-04,Tuesday,False,33.8,False,False,Muffin,47,9,55
2024-06-05,Wednesday,False,37.1,False,False,Cake,13,0,400
2024-06-05,Wednesday,False,37.1,False,False,Cupcake,50,7,60
2024-06-05,Wednesday,False,37.1,False,False,Jar Cake,28,2,120
2024-06-05,Wednesday,False,37.1,False,False,Chocolate,51,5,25
2024-06-05,Wednesday,False,37.1,False,False,Brownie,46,7,70
2024-06-05,Wednesday,False,37.1,False,False,Croissant,45,5,40
2024-06-05,Wednesday,False,37.1,False,False,Cookies,54,9,20
2024-06-05,Wednesday,False,37.1,False,False,Muffin,42,4,55
2024-06-06,Thursday,False,32.2,False,False,Cake,18,2,400
2024-06-06,Thursday,False,32.2,False,False,Cupcake,55,10,60
2024-06-06,Thursday,False,32.2,False,False,Jar Cake,36,3,120
2024-06-06,Thursday,False,32.2,False,False,Chocolate,47,5,25
2024-06-06,Thursday,False,32.2,False,False,Brownie,36,4,70
2024-06-06,Thursday,False,32.2,False,False,Croissant,42,5,40
2024-06-06,Thursday,False,32.2,False,False,Cookies,49,6,20
2024-06-06,Thursday,False,32.2,False,False,Muffin,39,7,55
2024-06-07,Friday,False,34.4,False,False,Cake,16,1,400
2024-06-07,Friday,False,34.4,False,False,Cupcake,52,8,60
2024-06-07,Friday,False,34.4,False,False,Jar Cake,35,4,120
2024-06-07,Friday,False,34.4,False,False,Chocolate,46,5,25
2024-06-07,Friday,False,34.4,False,False,Brownie,41,8,70
2024-06-07,Friday,False,34.4,False,False,Croissant,44,4,40
2024-06-07,Friday,False,34.4,False,False,Cookies,35,3,20
2024-06-07,Friday,False,34.4,False,False,Muffin,33,6,55
2024-06-08,Saturday,True,34.6,False,False,Cake,24,1,400
2024-06-08,Saturday,True,34.6,False,False,Cupcake,47,8,60
2024-06-08,Saturday,True,34.6,False,False,Jar Cake,42,5,120
2024-06-08,Saturday,True,34.6,False,False,Chocolate,66,9,25
2024-06-08,Saturday,True,34.6,False,False,Brownie,66,3,70
2024-06-08,Saturday,True,34.6,False,False,Croissant,44,2,40
2024-06-08,Saturday,True,34.6,False,False,Cookies,65,6,20
2024-06-08,Saturday,True,34.6,False,False,Muffin,51,6,55
2024-06-09,Sunday,True,35.4,False,False,Cake,17,3,400
2024-06-09,Sunday,True,35.4,False,False,Cupcake,71,11,60
2024-06-09,Sunday,True,35.4,False,False,Jar Cake,41,4,120
2024-06-09,Sunday,True,35.4,False,False,Chocolate,63,6,25
2024-06-09,Sunday,True,35.4,False,False,Brownie,69,6,70
2024-06-09,Sunday,True,35.4,False,False,Croissant,54,3,40
2024-06-09,Sunday,True,35.4,False,False,Cookies,59,5,20
2024-06-09,Sunday,True,35.4,False,False,Muffin,51,9,55
2024-06-10,Monday,False,34.8,False,False,Cake,15,0,400
2024-06-10,Monday,False,34.8,False,False,Cupcake,61,5,60
2024-06-10,Monday,False,34.8,False,False,Jar Cake,29,2,120
2024-06-10,Monday,False,34.8,False,False,Chocolate,58,8,25
2024-06-10,Monday,False,34.8,False,False,Brownie,36,6,70
2024-06-10,Monday,False,34.8,False,False,Croissant,38,5,40
2024-06-10,Monday,False,34.8,False,False,Cookies,38,3,20
2024-06-10,Monday,False,34.8,False,False,Muffin,47,8,55
2024-06-11,Tuesday,False,34.9,False,False,Cake,22,3,400
2024-06-11,Tuesday,False,34.9,False,False,Cupcake,55,5,60
2024-06-11,Tuesday,False,34.9,False,False,Jar Cake,29,3,120
2024-06-11,Tuesday,False,34.9,False,False,Chocolate,53,8,25
2024-06-11,Tuesday,False,34.9,False,False,Brownie,37,4,70
2024-06-11,Tuesday,False,34.9,False,False,Croissant,51,7,40
2024-06-11,Tuesday,False,34.9,False,False,Cookies,42,2,20
2024-06-11,Tuesday,False,34.9,False,False,Muffin,37,2,55
2024-06-12,Wednesday,False,34.3,True,False,Cake,11,0,400
2024-06-12,Wednesday,False,34.3,True,False,Cupcake,37,2,60
2024-06-12,Wednesday,False,34.3,True,False,Jar Cake,32,6,120
2024-06-12,Wednesday,False,34.3,True,False,Chocolate,42,4,25
2024-06-12,Wednesday,False,34.3,True,False,Brownie,41,2,70
2024-06-12,Wednesday,False,34.3,True,False,Croissant,50,9,40
2024-06-12,Wednesday,False,34.3,True,False,Cookies,45,2,20
2024-06-12,Wednesday,False,34.3,True,False,Muffin,30,4,55
2024-06-13,Thursday,False,33.0,False,False,Cake,19,1,400
2024-06-13,Thursday,False,33.0,False,False,Cupcake,39,3,60
2024-06-13,Thursday,False,33.0,False,False,Jar Cake,35,5,120
2024-06-13,Thursday,False,33.0,False,False,Chocolate,49,3,25
2024-06-13,Thursday,False,33.0,False,False,Brownie,44,3,70
2024-06-13,Thursday,False,33.0,False,False,Croissant,42,2,40
2024-06-13,Thursday,False,33.0,False,False,Cookies,54,3,20
2024-06-13,Thursday,False,33.0,False,False,Muffin,41,4,55
2024-06-14,Friday,False,34.2,True,False,Cake,8,0,400
2024-06-14,Friday,False,34.2,True,False,Cupcake,49,6,60
2024-06-14,Friday,False,34.2,True,False,Jar Cake,20,3,120
2024-06-14,Friday,False,34.2,True,False,Chocolate,38,5,25
2024-06-14,Friday,False,34.2,True,False,Brownie,47,6,70
2024-06-14,Friday,False,34.2,True,False,Croissant,32,5,40
2024-06-14,Friday,False,34.2,True,False,Cookies,39,6,20
2024-06-14,Friday,False,34.2,True,False,Muffin,37,6,55
2024-06-15,Saturday,True,31.9,False,False,Cake,28,2,400
2024-06-15,Saturday,True,31.9,False,False,Cupcake,65,8,60
2024-06-15,Saturday,True,31.9,False,False,Jar Cake,31,4,120
2024-06-15,Saturday,True,31.9,False,False,Chocolate,60,6,25
2024-06-15,Saturday,True,31.9,False,False,Brownie,59,6,70
2024-06-15,Saturday,True,31.9,False,False,Croissant,64,10,40
2024-06-15,Saturday,True,31.9,False,False,Cookies,77,4,20
2024-06-15,Saturday,True,31.9,False,False,Muffin,39,4,55
2024-06-16,Sunday,True,34.6,False,False,Cake,18,1,400
2024-06-16,Sunday,True,34.6,False,False,Cupcake,67,5,60
2024-06-16,Sunday,True,34.6,False,False,Jar Cake,40,4,120
2024-06-16,Sunday,True,34.6,False,False,Chocolate,68,12,25
2024-06-16,Sunday,True,34.6,False,False,Brownie,61,5,70
2024-06-16,Sunday,True,34.6,False,False,Croissant,59,4,40
2024-06-16,Sunday,True,34.6,False,False,Cookies,71,9,20
2024-06-16,Sunday,True,34.6,False,False,Muffin,44,6,55
2024-06-17,Monday,False,36.8,False,False,Cake,16,2,400
2024-06-17,Monday,False,36.8,False,False,Cupcake,36,6,60
2024-06-17,Monday,False,36.8,False,False,Jar Cake,34,4,120
2024-06-17,Monday,False,36.8,False,False,Chocolate,61,11,25
2024-06-17,Monday,False,36.8,False,False,Brownie,34,6,70
2024-06-17,Monday,False,36.8,False,False,Croissant,38,2,40
2024-06-17,Monday,False,36.8,False,False,Cookies,54,7,20
2024-06-17,Monday,False,36.8,False,False,Muffin,33,1,55
2024-06-18,Tuesday,False,36.5,True,False,Cake,13,1,400
2024-06-18,Tuesday,False,36.5,True,False,Cupcake,37,5,60
2024-06-18,Tuesday,False,36.5,True,False,Jar Cake,37,3,120
2024-06-18,Tuesday,False,36.5,True,False,Chocolate,35,4,25
2024-06-18,Tuesday,False,36.5,True,False,Brownie,39,2,70
2024-06-18,Tuesday,False,36.5,True,False,Croissant,36,7,40
2024-06-18,Tuesday,False,36.5,True,False,Cookies,48,3,20
2024-06-18,Tuesday,False,36.5,True,False,Muffin,36,5,55
2024-06-19,Wednesday,False,41.3,True,False,Cake,13,2,400
2024-06-19,Wednesday,False,41.3,True,False,Cupcake,32,3,60
2024-06-19,Wednesday,False,41.3,True,False,Jar Cake,30,2,120
2024-06-19,Wednesday,False,41.3,True,False,Chocolate,45,8,25
2024-06-19,Wednesday,False,41.3,True,False,Brownie,49,4,70
2024-06-19,Wednesday,False,41.3,True,False,Croissant,43,5,40
2024-06-19,Wednesday,False,41.3,True,False,Cookies,39,2,20
2024-06-19,Wednesday,False,41.3,True,False,Muffin,34,4,55
2024-06-20,Thursday,False,32.8,True,False,Cake,14,1,400
2024-06-20,Thursday,False,32.8,True,False,Cupcake,37,2,60
2024-06-20,Thursday,False,32.8,True,False,Jar Cake,34,2,120
2024-06-20,Thursday,False,32.8,True,False,Chocolate,44,2,25
2024-06-20,Thursday,False,32.8,True,False,Brownie,40,2,70
2024-06-20,Thursday,False,32.8,True,False,Croissant,30,3,40
2024-06-20,Thursday,False,32.8,True,False,Cookies,50,5,20
2024-06-20,Thursday,False,32.8,True,False,Muffin,34,3,55
2024-06-21,Friday,False,33.6,False,False,Cake,9,1,400
2024-06-21,Friday,False,33.6,False,False,Cupcake,47,4,60
2024-06-21,Friday,False,33.6,False,False,Jar Cake,35,4,120
2024-06-21,Friday,False,33.6,False,False,Chocolate,58,5,25
2024-06-21,Friday,False,33.6,False,False,Brownie,57,7,70
2024-06-21,Friday,False,33.6,False,False,Croissant,56,7,40
2024-06-21,Friday,False,33.6,False,False,Cookies,44,7,20
2024-06-21,Friday,False,33.6,False,False,Muffin,40,2,55
2024-06-22,Saturday,True,34.4,True,False,Cake,28,3,400
2024-06-22,Saturday,True,34.4,True,False,Cupcake,40,7,60
2024-06-22,Saturday,True,34.4,True,False,Jar Cake,39,5,120
2024-06-22,Saturday,True,34.4,True,False,Chocolate,66,12,25
2024-06-22,Saturday,True,34.4,True,False,Brownie,55,7,70
2024-06-22,Saturday,True,34.4,True,False,Croissant,42,3,40
2024-06-22,Saturday,True,34.4,True,False,Cookies,69,10,20
2024-06-22,Saturday,True,34.4,True,False,Muffin,41,6,55
2024-06-23,Sunday,True,31.9,False,False,Cake,9,1,400
2024-06-23,Sunday,True,31.9,False,False,Cupcake,41,3,60
2024-06-23,Sunday,True,31.9,False,False,Jar Cake,39,5,120
2024-06-23,Sunday,True,31.9,False,False,Chocolate,53,9,25
2024-06-23,Sunday,True,31.9,False,False,Brownie,48,8,70
2024-06-23,Sunday,True,31.9,False,False,Croissant,58,4,40
2024-06-23,Sunday,True,31.9,False,False,Cookies,83,15,20
2024-06-23,Sunday,True,31.9,False,False,Muffin,44,8,55
2024-06-24,Monday,False,34.7,True,False,Cake,11,1,400
2024-06-24,Monday,False,34.7,True,False,Cupcake,50,8,60
2024-06-24,Monday,False,34.7,True,False,Jar Cake,31,3,120
2024-06-24,Monday,False,34.7,True,False,Chocolate,40,7,25
2024-06-24,Monday,False,34.7,True,False,Brownie,41,8,70
2024-06-24,Monday,False,34.7,True,False,Croissant,36,4,40
2024-06-24,Monday,False,34.7,True,False,Cookies,51,9,20
2024-06-24,Monday,False,34.7,True,False,Muffin,28,4,55
2024-06-25,Tuesday,False,38.1,False,False,Cake,18,1,400
2024-06-25,Tuesday,False,38.1,False,False,Cupcake,41,3,60
2024-06-25,Tuesday,False,38.1,False,False,Jar Cake,30,1,120
2024-06-25,Tuesday,False,38.1,False,False,Chocolate,54,3,25
2024-06-25,Tuesday,False,38.1,False,False,Brownie,47,5,70
2024-06-25,Tuesday,False,38.1,False,False,Croissant,49,6,40
2024-06-25,Tuesday,False,38.1,False,False,Cookies,53,5,20
2024-06-25,Tuesday,False,38.1,False,False,Muffin,39,6,55
2024-06-26,Wednesday,False,31.9,False,False,Cake,14,1,400
2024-06-26,Wednesday,False,31.9,False,False,Cupcake,35,4,60
2024-06-26,Wednesday,False,31.9,False,False,Jar Cake,24,1,120
2024-06-26,Wednesday,False,31.9,False,False,Chocolate,47,2,25
2024-06-26,Wednesday,False,31.9,False,False,Brownie,41,7,70
2024-06-26,Wednesday,False,31.9,False,False,Croissant,41,2,40
2024-06-26,Wednesday,False,31.9,False,False,Cookies,46,5,20
2024-06-26,Wednesday,False,31.9,False,False,Muffin,25,2,55
2024-06-27,Thursday,False,34.6,False,False,Cake,15,2,400
2024-06-27,Thursday,False,34.6,False,False,Cupcake,45,8,60
2024-06-27,Thursday,False,34.6,False,False,Jar Cake,20,3,120
2024-06-27,Thursday,False,34.6,False,False,Chocolate,47,2,25
2024-06-27,Thursday,False,34.6,False,False,Brownie,36,5,70
2024-06-27,Thursday,False,34.6,False,False,Croissant,44,7,40
2024-06-27,Thursday,False,34.6,False,False,Cookies,60,7,20
2024-06-27,Thursday,False,34.6,False,False,Muffin,39,7,55
2024-06-28,Friday,False,35.9,False,False,Cake,13,2,400
2024-06-28,Friday,False,35.9,False,False,Cupcake,63,7,60
2024-06-28,Friday,False,35.9,False,False,Jar Cake,29,2,120
2024-06-28,Friday,False,35.9,False,False,Chocolate,54,4,25
2024-06-28,Friday,False,35.9,False,False,Brownie,31,1,70
2024-06-28,Friday,False,35.9,False,False,Croissant,37,4,40
2024-06-28,Friday,False,35.9,False,False,Cookies,45,2,20
2024-06-28,Friday,False,35.9,False,False,Muffin,52,7,55
2024-06-29,Saturday,True,35.0,True,False,Cake,14,2,400
2024-06-29,Saturday,True,35.0,True,False,Cupcake,47,6,60
2024-06-29,Saturday,True,35.0,True,False,Jar Cake,36,7,120
2024-06-29,Saturday,True,35.0,True,False,Chocolate,69,9,25
2024-06-29,Saturday,True,35.0,True,False,Brownie,45,6,70
2024-06-29,Saturday,True,35.0,True,False,Croissant,54,8,40
2024-06-29,Saturday,True,35.0,True,False,Cookies,49,5,20
2024-06-29,Saturday,True,35.0,True,False,Muffin,43,5,55
2024-06-30,Sunday,True,35.9,False,False,Cake,21,3,400
2024-06-30,Sunday,True,35.9,False,False,Cupcake,55,6,60
2024-06-30,Sunday,True,35.9,False,False,Jar Cake,39,5,120
2024-06-30,Sunday,True,35.9,False,False,Chocolate,70,13,25
2024-06-30,Sunday,True,35.9,False,False,Brownie,62,4,70
2024-06-30,Sunday,True,35.9,False,False,Croissant,62,8,40
2024-06-30,Sunday,True,35.9,False,False,Cookies,73,4,20
2024-06-30,Sunday,True,35.9,False,False,Muffin,52,9,55
2024-07-01,Monday,False,36.3,False,False,Cake,14,1,400
2024-07-01,Monday,False,36.3,False,False,Cupcake,49,7,60
2024-07-01,Monday,False,36.3,False,False,Jar Cake,20,2,120
2024-07-01,Monday,False,36.3,False,False,Chocolate,49,6,25
2024-07-01,Monday,False,36.3,False,False,Brownie,41,3,70
2024-07-01,Monday,False,36.3,False,False,Croissant,44,8,40
2024-07-01,Monday,False,36.3,False,False,Cookies,44,6,20
2024-07-01,Monday,False,36.3,False,False,Muffin,41,6,55
2024-07-02,Tuesday,False,34.2,True,False,Cake,14,1,400
2024-07-02,Tuesday,False,34.2,True,False,Cupcake,46,8,60
2024-07-02,Tuesday,False,34.2,True,False,Jar Cake,27,1,120
2024-07-02,Tuesday,False,34.2,True,False,Chocolate,60,4,25
2024-07-02,Tuesday,False,34.2,True,False,Brownie,35,4,70
2024-07-02,Tuesday,False,34.2,True,False,Croissant,30,2,40
2024-07-02,Tuesday,False,34.2,True,False,Cookies,36,5,20
2024-07-02,Tuesday,False,34.2,True,False,Muffin,28,3,55
2024-07-03,Wednesday,False,33.5,True,False,Cake,11,1,400
2024-07-03,Wednesday,False,33.5,True,False,Cupcake,46,7,60
2024-07-03,Wednesday,False,33.5,True,False,Jar Cake,25,3,120
2024-07-03,Wednesday,False,33.5,True,False,Chocolate,41,6,25
2024-07-03,Wednesday,False,33.5,True,False,Brownie,34,3,70
2024-07-03,Wednesday,False,33.5,True,False,Croissant,37,5,40
2024-07-03,Wednesday,False,33.5,True,False,Cookies,46,8,20
2024-07-03,Wednesday,False,33.5,True,False,Muffin,26,3,55
2024-07-04,Thursday,False,36.1,True,False,Cake,12,1,400
2024-07-04,Thursday,False,36.1,True,False,Cupcake,48,6,60
2024-07-04,Thursday,False,36.1,True,False,Jar Cake,28,2,120
2024-07-04,Thursday,False,36.1,True,False,Chocolate,44,3,25
2024-07-04,Thursday,False,36.1,True,False,Brownie,38,3,70
2024-07-04,Thursday,False,36.1,True,False,Croissant,38,7,40
2024-07-04,Thursday,False,36.1,True,False,Cookies,51,3,20
2024-07-04,Thursday,False,36.1,True,False,Muffin,38,6,55
2024-07-05,Friday,False,35.2,False,False,Cake,16,1,400
2024-07-05,Friday,False,35.2,False,False,Cupcake,46,6,60
2024-07-05,Friday,False,35.2,False,False,Jar Cake,23,2,120
2024-07-05,Friday,False,35.2,False,False,Chocolate,53,8,25
2024-07-05,Friday,False,35.2,False,False,Brownie,51,3,70
2024-07-05,Friday,False,35.2,False,False,Croissant,37,4,40
2024-07-05,Friday,False,35.2,False,False,Cookies,49,7,20
2024-07-05,Friday,False,35.2,False,False,Muffin,41,2,55
2024-07-06,Saturday,True,32.9,True,False,Cake,14,1,400
2024-07-06,Saturday,True,32.9,True,False,Cupcake,50,7,60
2024-07-06,Saturday,True,32.9,True,False,Jar Cake,44,2,120
2024-07-06,Saturday,True,32.9,True,False,Chocolate,65,9,25
2024-07-06,Saturday,True,32.9,True,False,Brownie,46,8,70
2024-07-06,Saturday,True,32.9,True,False,Croissant,38,5,40
2024-07-06,Saturday,True,32.9,True,False,Cookies,61,8,20
2024-07-06,Saturday,True,32.9,True,False,Muffin,43,4,55
2024-07-07,Sunday,True,35.6,False,False,Cake,11,1,400
2024-07-07,Sunday,True,35.6,False,False,Cupcake,76,7,60
2024-07-07,Sunday,True,35.6,False,False,Jar Cake,44,8,120
2024-07-07,Sunday,True,35.6,False,False,Chocolate,67,6,25
2024-07-07,Sunday,True,35.6,False,False,Brownie,65,10,70
2024-07-07,Sunday,True,35.6,False,False,Croissant,55,3,40
2024-07-07,Sunday,True,35.6,False,False,Cookies,71,9,20
2024-07-07,Sunday,True,35.6,False,False,Muffin,52,3,55
2024-07-08,Monday,False,36.2,False,False,Cake,19,2,400
2024-07-08,Monday,False,36.2,False,False,Cupcake,40,3,60
2024-07-08,Monday,False,36.2,False,False,Jar Cake,31,4,120
2024-07-08,Monday,False,36.2,False,False,Chocolate,40,5,25
2024-07-08,Monday,False,36.2,False,False,Brownie,38,2,70
2024-07-08,Monday,False,36.2,False,False,Croissant,31,5,40
2024-07-08,Monday,False,36.2,False,False,Cookies,51,5,20
2024-07-08,Monday,False,36.2,False,False,Muffin,36,3,55
2024-07-09,Tuesday,False,36.8,False,False,Cake,17,1,400
2024-07-09,Tuesday,False,36.8,False,False,Cupcake,36,5,60
2024-07-09,Tuesday,False,36.8,False,False,Jar Cake,35,2,120
2024-07-09,Tuesday,False,36.8,False,False,Chocolate,59,8,25
2024-07-09,Tuesday,False,36.8,False,False,Brownie,51,8,70
2024-07-09,Tuesday,False,36.8,False,False,Croissant,53,7,40
2024-07-09,Tuesday,False,36.8,False,False,Cookies,42,3,20
2024-07-09,Tuesday,False,36.8,False,False,Muffin,34,6,55
2024-07-10,Wednesday,False,38.1,True,False,Cake,8,0,400
2024-07-10,Wednesday,False,38.1,True,False,Cupcake,31,4,60
2024-07-10,Wednesday,False,38.1,True,False,Jar Cake,32,3,120
2024-07-10,Wednesday,False,38.1,True,False,Chocolate,40,4,25
2024-07-10,Wednesday,False,38.1,True,False,Brownie,39,7,70
2024-07-10,Wednesday,False,38.1,True,False,Croissant,34,2,40
2024-07-10,Wednesday,False,38.1,True,False,Cookies,45,3,20
2024-07-10,Wednesday,False,38.1,True,False,Muffin,45,4,55
2024-07-11,Thursday,False,33.1,True,False,Cake,8,0,400
2024-07-11,Thursday,False,33.1,True,False,Cupcake,45,3,60
2024-07-11,Thursday,False,33.1,True,False,Jar Cake,30,1,120
2024-07-11,Thursday,False,33.1,True,False,Chocolate,51,7,25
2024-07-11,Thursday,False,33.1,True,False,Brownie,39,5,70
2024-07-11,Thursday,False,33.1,True,False,Croissant,41,2,40
2024-07-11,Thursday,False,33.1,True,False,Cookies,42,5,20
2024-07-11,Thursday,False,33.1,True,False,Muffin,27,4,55
2024-07-12,Friday,False,32.4,False,False,Cake,12,0,400
2024-07-12,Friday,False,32.4,False,False,Cupcake,43,4,60
2024-07-12,Friday,False,32.4,False,False,Jar Cake,31,5,120
2024-07-12,Friday,False,32.4,False,False,Chocolate,57,3,25
2024-07-12,Friday,False,32.4,False,False,Brownie,40,5,70
2024-07-12,Friday,False,32.4,False,False,Croissant,49,7,40
2024-07-12,Friday,False,32.4,False,False,Cookies,53,9,20
2024-07-12,Friday,False,32.4,False,False,Muffin,34,3,55
2024-07-13,Saturday,True,32.4,True,False,Cake,24,4,400
2024-07-13,Saturday,True,32.4,True,False,Cupcake,47,9,60
2024-07-13,Saturday,True,32.4,True,False,Jar Cake,47,7,120
2024-07-13,Saturday,True,32.4,True,False,Chocolate,81,7,25
2024-07-13,Saturday,True,32.4,True,False,Brownie,41,7,70
2024-07-13,Saturday,True,32.4,True,False,Croissant,49,4,40
2024-07-13,Saturday,True,32.4,True,False,Cookies,55,10,20
2024-07-13,Saturday,True,32.4,True,False,Muffin,52,3,55
2024-07-14,Sunday,True,34.5,True,False,Cake,11,2,400
2024-07-14,Sunday,True,34.5,True,False,Cupcake,52,6,60
2024-07-14,Sunday,True,34.5,True,False,Jar Cake,41,3,120
2024-07-14,Sunday,True,34.5,True,False,Chocolate,56,3,25
2024-07-14,Sunday,True,34.5,True,False,Brownie,49,9,70
2024-07-14,Sunday,True,34.5,True,False,Croissant,51,5,40
2024-07-14,Sunday,True,34.5,True,False,Cookies,65,11,20
2024-07-14,Sunday,True,34.5,True,False,Muffin,43,6,55
2024-07-15,Monday,False,31.8,True,False,Cake,10,1,400
2024-07-15,Monday,False,31.8,True,False,Cupcake,27,2,60
2024-07-15,Monday,False,31.8,True,False,Jar Cake,27,4,120
2024-07-15,Monday,False,31.8,True,False,Chocolate,27,1,25
2024-07-15,Monday,False,31.8,True,False,Brownie,40,5,70
2024-07-15,Monday,False,31.8,True,False,Croissant,42,6,40
2024-07-15,Monday,False,31.8,True,False,Cookies,37,5,20
2024-07-15,Monday,False,31.8,True,False,Muffin,21,3,55
2024-07-16,Tuesday,False,33.5,False,False,Cake,14,2,400
2024-07-16,Tuesday,False,33.5,False,False,Cupcake,49,6,60
2024-07-16,Tuesday,False,33.5,False,False,Jar Cake,27,2,120
2024-07-16,Tuesday,False,33.5,False,False,Chocolate,52,9,25
2024-07-16,Tuesday,False,33.5,False,False,Brownie,51,8,70
2024-07-16,Tuesday,False,33.5,False,False,Croissant,47,3,40
2024-07-16,Tuesday,False,33.5,False,False,Cookies,49,9,20
2024-07-16,Tuesday,False,33.5,False,False,Muffin,36,4,55
2024-07-17,Wednesday,False,35.3,True,False,Cake,11,1,400
2024-07-17,Wednesday,False,35.3,True,False,Cupcake,38,3,60
2024-07-17,Wednesday,False,35.3,True,False,Jar Cake,22,4,120
2024-07-17,Wednesday,False,35.3,True,False,Chocolate,48,6,25
2024-07-17,Wednesday,False,35.3,True,False,Brownie,41,5,70
2024-07-17,Wednesday,False,35.3,True,False,Croissant,31,2,40
2024-07-17,Wednesday,False,35.3,True,False,Cookies,47,7,20
2024-07-17,Wednesday,False,35.3,True,False,Muffin,35,2,55
2024-07-18,Thursday,False,38.1,True,False,Cake,11,1,400
2024-07-18,Thursday,False,38.1,True,False,Cupcake,33,3,60
2024-07-18,Thursday,False,38.1,True,False,Jar Cake,26,1,120
2024-07-18,Thursday,False,38.1,True,False,Chocolate,41,2,25
2024-07-18,Thursday,False,38.1,True,False,Brownie,42,3,70
2024-07-18,Thursday,False,38.1,True,False,Croissant,31,4,40
2024-07-18,Thursday,False,38.1,True,False,Cookies,39,6,20
2024-07-18,Thursday,False,38.1,True,False,Muffin,39,7,55
2024-07-19,Friday,False,36.5,False,False,Cake,9,1,400
2024-07-19,Friday,False,36.5,False,False,Cupcake,52,8,60
2024-07-19,Friday,False,36.5,False,False,Jar Cake,39,7,120
2024-07-19,Friday,False,36.5,False,False,Chocolate,36,4,25
2024-07-19,Friday,False,36.5,False,False,Brownie,46,2,70
2024-07-19,Friday,False,36.5,False,False,Croissant,62,4,40
2024-07-19,Friday,False,36.5,False,False,Cookies,63,10,20
2024-07-19,Friday,False,36.5,False,False,Muffin,38,2,55
2024-07-20,Saturday,True,32.7,False,False,Cake,20,2,400
2024-07-20,Saturday,True,32.7,False,False,Cupcake,52,3,60
2024-07-20,Saturday,True,32.7,False,False,Jar Cake,53,3,120
2024-07-20,Saturday,True,32.7,False,False,Chocolate,92,5,25
2024-07-20,Saturday,True,32.7,False,False,Brownie,64,10,70
2024-07-20,Saturday,True,32.7,False,False,Croissant,61,9,40
2024-07-20,Saturday,True,32.7,False,False,Cookies,57,7,20
2024-07-20,Saturday,True,32.7,False,False,Muffin,41,7,55
2024-07-21,Sunday,True,33.1,False,False,Cake,14,0,400
2024-07-21,Sunday,True,33.1,False,False,Cupcake,64,10,60
2024-07-21,Sunday,True,33.1,False,False,Jar Cake,38,3,120
2024-07-21,Sunday,True,33.1,False,False,Chocolate,59,8,25
2024-07-21,Sunday,True,33.1,False,False,Brownie,50,3,70
2024-07-21,Sunday,True,33.1,False,False,Croissant,65,4,40
2024-07-21,Sunday,True,33.1,False,False,Cookies,68,12,20
2024-07-21,Sunday,True,33.1,False,False,Muffin,53,6,55
2024-07-22,Monday,False,32.6,False,False,Cake,20,2,400
2024-07-22,Monday,False,32.6,False,False,Cupcake,45,7,60
2024-07-22,Monday,False,32.6,False,False,Jar Cake,31,3,120
2024-07-22,Monday,False,32.6,False,False,Chocolate,53,8,25
2024-07-22,Monday,False,32.6,False,False,Brownie,45,2,70
2024-07-22,Monday,False,32.6,False,False,Croissant,41,4,40
2024-07-22,Monday,False,32.6,False,False,Cookies,46,4,20
2024-07-22,Monday,False,32.6,False,False,Muffin,40,4,55
2024-07-23,Tuesday,False,34.4,False,False,Cake,12,1,400
2024-07-23,Tuesday,False,34.4,False,False,Cupcake,51,7,60
2024-07-23,Tuesday,False,34.4,False,False,Jar Cake,37,4,120
2024-07-23,Tuesday,False,34.4,False,False,Chocolate,45,2,25
2024-07-23,Tuesday,False,34.4,False,False,Brownie,53,9,70
2024-07-23,Tuesday,False,34.4,False,False,Croissant,42,4,40
2024-07-23,Tuesday,False,34.4,False,False,Cookies,61,4,20
2024-07-23,Tuesday,False,34.4,False,False,Muffin,39,3,55
2024-07-24,Wednesday,False,33.1,False,False,Cake,22,1,400
2024-07-24,Wednesday,False,33.1,False,False,Cupcake,50,9,60
2024-07-24,Wednesday,False,33.1,False,False,Jar Cake,28,1,120
2024-07-24,Wednesday,False,33.1,False,False,Chocolate,42,8,25
2024-07-24,Wednesday,False,33.1,False,False,Brownie,45,3,70
2024-07-24,Wednesday,False,33.1,False,False,Croissant,40,6,40
2024-07-24,Wednesday,False,33.1,False,False,Cookies,51,2,20
2024-07-24,Wednesday,False,33.1,False,False,Muffin,30,5,55
2024-07-25,Thursday,False,35.5,False,False,Cake,13,2,400
2024-07-25,Thursday,False,35.5,False,False,Cupcake,52,6,60
2024-07-25,Thursday,False,35.5,False,False,Jar Cake,32,6,120
2024-07-25,Thursday,False,35.5,False,False,Chocolate,54,3,25
2024-07-25,Thursday,False,35.5,False,False,Brownie,32,1,70
2024-07-25,Thursday,False,35.5,False,False,Croissant,50,3,40
2024-07-25,Thursday,False,35.5,False,False,Cookies,58,5,20
2024-07-25,Thursday,False,35.5,False,False,Muffin,34,2,55
2024-07-26,Friday,False,34.1,False,False,Cake,7,0,400
2024-07-26,Friday,False,34.1,False,False,Cupcake,48,8,60
2024-07-26,Friday,False,34.1,False,False,Jar Cake,33,4,120
2024-07-26,Friday,False,34.1,False,False,Chocolate,44,4,25
2024-07-26,Friday,False,34.1,False,False,Brownie,47,3,70
2024-07-26,Friday,False,34.1,False,False,Croissant,65,11,40
2024-07-26,Friday,False,34.1,False,False,Cookies,56,3,20
2024-07-26,Friday,False,34.1,False,False,Muffin,31,4,55
2024-07-27,Saturday,True,31.3,True,False,Cake,22,1,400
2024-07-27,Saturday,True,31.3,True,False,Cupcake,44,8,60
2024-07-27,Saturday,True,31.3,True,False,Jar Cake,31,5,120
2024-07-27,Saturday,True,31.3,True,False,Chocolate,41,4,25
2024-07-27,Saturday,True,31.3,True,False,Brownie,36,2,70
2024-07-27,Saturday,True,31.3,True,False,Croissant,49,8,40
2024-07-27,Saturday,True,31.3,True,False,Cookies,65,6,20
2024-07-27,Saturday,True,31.3,True,False,Muffin,32,5,55
2024-07-28,Sunday,True,33.8,False,False,Cake,16,1,400
2024-07-28,Sunday,True,33.8,False,False,Cupcake,64,12,60
2024-07-28,Sunday,True,33.8,False,False,Jar Cake,50,6,120
2024-07-28,Sunday,True,33.8,False,False,Chocolate,84,6,25
2024-07-28,Sunday,True,33.8,False,False,Brownie,58,8,70
2024-07-28,Sunday,True,33.8,False,False,Croissant,64,11,40
2024-07-28,Sunday,True,33.8,False,False,Cookies,82,10,20
2024-07-28,Sunday,True,33.8,False,False,Muffin,58,8,55
2024-07-29,Monday,False,33.6,False,False,Cake,8,0,400
2024-07-29,Monday,False,33.6,False,False,Cupcake,42,4,60
2024-07-29,Monday,False,33.6,False,False,Jar Cake,33,4,120
2024-07-29,Monday,False,33.6,False,False,Chocolate,60,4,25
2024-07-29,Monday,False,33.6,False,False,Brownie,53,10,70
2024-07-29,Monday,False,33.6,False,False,Croissant,53,10,40
2024-07-29,Monday,False,33.6,False,False,Cookies,39,5,20
2024-07-29,Monday,False,33.6,False,False,Muffin,36,2,55
2024-07-30,Tuesday,False,31.6,False,False,Cake,16,1,400
2024-07-30,Tuesday,False,31.6,False,False,Cupcake,33,2,60
2024-07-30,Tuesday,False,31.6,False,False,Jar Cake,30,4,120
2024-07-30,Tuesday,False,31.6,False,False,Chocolate,44,5,25
2024-07-30,Tuesday,False,31.6,False,False,Brownie,54,10,70
2024-07-30,Tuesday,False,31.6,False,False,Croissant,44,4,40
2024-07-30,Tuesday,False,31.6,False,False,Cookies,66,11,20
2024-07-30,Tuesday,False,31.6,False,False,Muffin,38,2,55
2024-07-31,Wednesday,False,30.6,False,False,Cake,14,2,400
2024-07-31,Wednesday,False,30.6,False,False,Cupcake,33,3,60
2024-07-31,Wednesday,False,30.6,False,False,Jar Cake,23,3,120
2024-07-31,Wednesday,False,30.6,False,False,Chocolate,37,5,25
2024-07-31,Wednesday,False,30.6,False,False,Brownie,40,7,70
2024-07-31,Wednesday,False,30.6,False,False,Croissant,50,7,40
2024-07-31,Wednesday,False,30.6,False,False,Cookies,50,5,20
2024-07-31,Wednesday,False,30.6,False,False,Muffin,21,4,55
2024-08-01,Thursday,False,34.7,False,False,Cake,15,0,400
2024-08-01,Thursday,False,34.7,False,False,Cupcake,50,6,60
2024-08-01,Thursday,False,34.7,False,False,Jar Cake,28,2,120
2024-08-01,Thursday,False,34.7,False,False,Chocolate,45,4,25
2024-08-01,Thursday,False,34.7,False,False,Brownie,40,5,70
2024-08-01,Thursday,False,34.7,False,False,Croissant,52,3,40
2024-08-01,Thursday,False,34.7,False,False,Cookies,52,2,20
2024-08-01,Thursday,False,34.7,False,False,Muffin,39,5,55
2024-08-02,Friday,False,28.1,False,False,Cake,17,2,400
2024-08-02,Friday,False,28.1,False,False,Cupcake,30,3,60
2024-08-02,Friday,False,28.1,False,False,Jar Cake,26,1,120
2024-08-02,Friday,False,28.1,False,False,Chocolate,40,5,25
2024-08-02,Friday,False,28.1,False,False,Brownie,42,7,70
2024-08-02,Friday,False,28.1,False,False,Croissant,39,6,40
2024-08-02,Friday,False,28.1,False,False,Cookies,60,7,20
2024-08-02,Friday,False,28.1,False,False,Muffin,29,3,55
2024-08-03,Saturday,True,36.3,False,False,Cake,17,1,400
2024-08-03,Saturday,True,36.3,False,False,Cupcake,59,9,60
2024-08-03,Saturday,True,36.3,False,False,Jar Cake,44,5,120
2024-08-03,Saturday,True,36.3,False,False,Chocolate,80,14,25
2024-08-03,Saturday,True,36.3,False,False,Brownie,57,7,70
2024-08-03,Saturday,True,36.3,False,False,Croissant,77,7,40
2024-08-03,Saturday,True,36.3,False,False,Cookies,78,6,20
2024-08-03,Saturday,True,36.3,False,False,Muffin,51,9,55
2024-08-04,Sunday,True,32.1,False,False,Cake,20,1,400
2024-08-04,Sunday,True,32.1,False,False,Cupcake,60,11,60
2024-08-04,Sunday,True,32.1,False,False,Jar Cake,49,6,120
2024-08-04,Sunday,True,32.1,False,False,Chocolate,82,13,25
2024-08-04,Sunday,True,32.1,False,False,Brownie,62,4,70
2024-08-04,Sunday,True,32.1,False,False,Croissant,50,4,40
2024-08-04,Sunday,True,32.1,False,False,Cookies,68,8,20
2024-08-04,Sunday,True,32.1,False,False,Muffin,38,6,55
2024-08-05,Monday,False,35.1,False,False,Cake,14,2,400
2024-08-05,Monday,False,35.1,False,False,Cupcake,39,4,60
2024-08-05,Monday,False,35.1,False,False,Jar Cake,28,5,120
2024-08-05,Monday,False,35.1,False,False,Chocolate,47,2,25
2024-08-05,Monday,False,35.1,False,False,Brownie,46,8,70
2024-08-05,Monday,False,35.1,False,False,Croissant,51,8,40
2024-08-05,Monday,False,35.1,False,False,Cookies,50,6,20
2024-08-05,Monday,False,35.1,False,False,Muffin,31,3,55
2024-08-06,Tuesday,False,31.7,False,False,Cake,14,2,400
2024-08-06,Tuesday,False,31.7,False,False,Cupcake,37,4,60
2024-08-06,Tuesday,False,31.7,False,False,Jar Cake,18,0,120
2024-08-06,Tuesday,False,31.7,False,False,Chocolate,34,2,25
2024-08-06,Tuesday,False,31.7,False,False,Brownie,33,1,70
2024-08-06,Tuesday,False,31.7,False,False,Croissant,34,5,40
2024-08-06,Tuesday,False,31.7,False,False,Cookies,54,9,20
2024-08-06,Tuesday,False,31.7,False,False,Muffin,36,4,55
2024-08-07,Wednesday,False,28.9,True,False,Cake,9,1,400
2024-08-07,Wednesday,False,28.9,True,False,Cupcake,24,4,60
2024-08-07,Wednesday,False,28.9,True,False,Jar Cake,19,2,120
2024-08-07,Wednesday,False,28.9,True,False,Chocolate,29,5,25
2024-08-07,Wednesday,False,28.9,True,False,Brownie,37,2,70
2024-08-07,Wednesday,False,28.9,True,False,Croissant,34,2,40
2024-08-07,Wednesday,False,28.9,True,False,Cookies,44,3,20
2024-08-07,Wednesday,False,28.9,True,False,Muffin,25,3,55
2024-08-08,Thursday,False,31.4,False,False,Cake,18,1,400
2024-08-08,Thursday,False,31.4,False,False,Cupcake,30,2,60
2024-08-08,Thursday,False,31.4,False,False,Jar Cake,26,2,120
2024-08-08,Thursday,False,31.4,False,False,Chocolate,44,4,25
2024-08-08,Thursday,False,31.4,False,False,Brownie,43,2,70
2024-08-08,Thursday,False,31.4,False,False,Croissant,33,6,40
2024-08-08,Thursday,False,31.4,False,False,Cookies,45,6,20
2024-08-08,Thursday,False,31.4,False,False,Muffin,34,5,55
2024-08-09,Friday,False,31.5,False,False,Cake,15,1,400
2024-08-09,Friday,False,31.5,False,False,Cupcake,40,3,60
2024-08-09,Friday,False,31.5,False,False,Jar Cake,23,3,120
2024-08-09,Friday,False,31.5,False,False,Chocolate,35,3,25
2024-08-09,Friday,False,31.5,False,False,Brownie,57,7,70
2024-08-09,Friday,False,31.5,False,False,Croissant,47,8,40
2024-08-09,Friday,False,31.5,False,False,Cookies,50,3,20
2024-08-09,Friday,False,31.5,False,False,Muffin,27,4,55
2024-08-10,Saturday,True,31.9,True,False,Cake,16,2,400
2024-08-10,Saturday,True,31.9,True,False,Cupcake,31,3,60
2024-08-10,Saturday,True,31.9,True,False,Jar Cake,29,2,120
2024-08-10,Saturday,True,31.9,True,False,Chocolate,53,7,25
2024-08-10,Saturday,True,31.9,True,False,Brownie,56,3,70
2024-08-10,Saturday,True,31.9,True,False,Croissant,55,8,40
2024-08-10,Saturday,True,31.9,True,False,Cookies,54,7,20
2024-08-10,Saturday,True,31.9,True,False,Muffin,25,4,55
2024-08-11,Sunday,True,30.1,False,False,Cake,20,1,400
2024-08-11,Sunday,True,30.1,False,False,Cupcake,45,8,60
2024-08-11,Sunday,True,30.1,False,False,Jar Cake,37,2,120
2024-08-11,Sunday,True,30.1,False,False,Chocolate,63,4,25
2024-08-11,Sunday,True,30.1,False,False,Brownie,54,4,70
2024-08-11,Sunday,True,30.1,False,False,Croissant,56,5,40
2024-08-11,Sunday,True,30.1,False,False,Cookies,69,7,20
2024-08-11,Sunday,True,30.1,False,False,Muffin,46,7,55
2024-08-12,Monday,False,33.2,True,False,Cake,6,1,400
2024-08-12,Monday,False,33.2,True,False,Cupcake,41,5,60
2024-08-12,Monday,False,33.2,True,False,Jar Cake,28,2,120
2024-08-12,Monday,False,33.2,True,False,Chocolate,53,8,25
2024-08-12,Monday,False,33.2,True,False,Brownie,35,2,70
2024-08-12,Monday,False,33.2,True,False,Croissant,44,6,40
2024-08-12,Monday,False,33.2,True,False,Cookies,49,7,20
2024-08-12,Monday,False,33.2,True,False,Muffin,36,6,55
2024-08-13,Tuesday,False,29.8,True,False,Cake,13,1,400
2024-08-13,Tuesday,False,29.8,True,False,Cupcake,26,4,60
2024-08-13,Tuesday,False,29.8,True,False,Jar Cake,30,4,120
2024-08-13,Tuesday,False,29.8,True,False,Chocolate,43,3,25
2024-08-13,Tuesday,False,29.8,True,False,Brownie,42,7,70
2024-08-13,Tuesday,False,29.8,True,False,Croissant,37,4,40
2024-08-13,Tuesday,False,29.8,True,False,Cookies,37,6,20
2024-08-13,Tuesday,False,29.8,True,False,Muffin,24,1,55
2024-08-14,Wednesday,False,29.4,False,False,Cake,19,1,400
2024-08-14,Wednesday,False,29.4,False,False,Cupcake,46,3,60
2024-08-14,Wednesday,False,29.4,False,False,Jar Cake,35,2,120
2024-08-14,Wednesday,False,29.4,False,False,Chocolate,41,4,25
2024-08-14,Wednesday,False,29.4,False,False,Brownie,43,5,70
2024-08-14,Wednesday,False,29.4,False,False,Croissant,41,2,40
2024-08-14,Wednesday,False,29.4,False,False,Cookies,49,6,20
2024-08-14,Wednesday,False,29.4,False,False,Muffin,26,1,55
2024-08-15,Thursday,False,30.1,True,True,Cake,30,2,400
2024-08-15,Thursday,False,30.1,True,True,Cupcake,44,3,60
2024-08-15,Thursday,False,30.1,True,True,Jar Cake,24,3,120
2024-08-15,Thursday,False,30.1,True,True,Chocolate,44,5,25
2024-08-15,Thursday,False,30.1,True,True,Brownie,46,7,70
2024-08-15,Thursday,False,30.1,True,True,Croissant,47,4,40
2024-08-15,Thursday,False,30.1,True,True,Cookies,74,8,20
2024-08-15,Thursday,False,30.1,True,True,Muffin,27,3,55
2024-08-16,Friday,False,30.1,False,False,Cake,14,1,400
2024-08-16,Friday,False,30.1,False,False,Cupcake,40,2,60
2024-08-16,Friday,False,30.1,False,False,Jar Cake,30,2,120
2024-08-16,Friday,False,30.1,False,False,Chocolate,35,6,25
2024-08-16,Friday,False,30.1,False,False,Brownie,49,6,70
2024-08-16,Friday,False,30.1,False,False,Croissant,39,3,40
2024-08-16,Friday,False,30.1,False,False,Cookies,43,4,20
2024-08-16,Friday,False,30.1,False,False,Muffin,40,5,55
2024-08-17,Saturday,True,27.3,False,False,Cake,27,2,400
2024-08-17,Saturday,True,27.3,False,False,Cupcake,50,9,60
2024-08-17,Saturday,True,27.3,False,False,Jar Cake,43,2,120
2024-08-17,Saturday,True,27.3,False,False,Chocolate,42,3,25
2024-08-17,Saturday,True,27.3,False,False,Brownie,59,8,70
2024-08-17,Saturday,True,27.3,False,False,Croissant,46,8,40
2024-08-17,Saturday,True,27.3,False,False,Cookies,81,4,20
2024-08-17,Saturday,True,27.3,False,False,Muffin,37,3,55
2024-08-18,Sunday,True,30.6,True,False,Cake,10,0,400
2024-08-18,Sunday,True,30.6,True,False,Cupcake,38,5,60
2024-08-18,Sunday,True,30.6,True,False,Jar Cake,42,2,120
2024-08-18,Sunday,True,30.6,True,False,Chocolate,48,8,25
2024-08-18,Sunday,True,30.6,True,False,Brownie,50,3,70
2024-08-18,Sunday,True,30.6,True,False,Croissant,58,9,40
2024-08-18,Sunday,True,30.6,True,False,Cookies,50,5,20
2024-08-18,Sunday,True,30.6,True,False,Muffin,29,2,55
2024-08-19,Monday,False,31.5,False,False,Cake,14,2,400
2024-08-19,Monday,False,31.5,False,False,Cupcake,33,6,60
2024-08-19,Monday,False,31.5,False,False,Jar Cake,30,2,120
2024-08-19,Monday,False,31.5,False,False,Chocolate,38,3,25
2024-08-19,Monday,False,31.5,False,False,Brownie,40,3,70
2024-08-19,Monday,False,31.5,False,False,Croissant,45,8,40
2024-08-19,Monday,False,31.5,False,False,Cookies,43,4,20
2024-08-19,Monday,False,31.5,False,False,Muffin,24,4,55
2024-08-20,Tuesday,False,27.2,False,False,Cake,6,0,400
2024-08-20,Tuesday,False,27.2,False,False,Cupcake,37,4,60
2024-08-20,Tuesday,False,27.2,False,False,Jar Cake,27,3,120
2024-08-20,Tuesday,False,27.2,False,False,Chocolate,36,4,25
2024-08-20,Tuesday,False,27.2,False,False,Brownie,44,7,70
2024-08-20,Tuesday,False,27.2,False,False,Croissant,45,7,40
2024-08-20,Tuesday,False,27.2,False,False,Cookies,59,3,20
2024-08-20,Tuesday,False,27.2,False,False,Muffin,31,2,55
2024-08-21,Wednesday,False,33.2,True,False,Cake,18,2,400
2024-08-21,Wednesday,False,33.2,True,False,Cupcake,38,1,60
2024-08-21,Wednesday,False,33.2,True,False,Jar Cake,33,4,120
2024-08-21,Wednesday,False,33.2,True,False,Chocolate,48,9,25
2024-08-21,Wednesday,False,33.2,True,False,Brownie,39,7,70
2024-08-21,Wednesday,False,33.2,True,False,Croissant,41,2,40
2024-08-21,Wednesday,False,33.2,True,False,Cookies,50,7,20
2024-08-21,Wednesday,False,33.2,True,False,Muffin,33,4,55
2024-08-22,Thursday,False,29.3,False,False,Cake,14,2,400
2024-08-22,Thursday,False,29.3,False,False,Cupcake,40,3,60
2024-08-22,Thursday,False,29.3,False,False,Jar Cake,25,4,120
2024-08-22,Thursday,False,29.3,False,False,Chocolate,47,5,25
2024-08-22,Thursday,False,29.3,False,False,Brownie,44,2,70
2024-08-22,Thursday,False,29.3,False,False,Croissant,59,5,40
2024-08-22,Thursday,False,29.3,False,False,Cookies,52,9,20
2024-08-22,Thursday,False,29.3,False,False,Muffin,27,1,55
2024-08-23,Friday,False,28.1,True,False,Cake,11,1,400
2024-08-23,Friday,False,28.1,True,False,Cupcake,25,4,60
2024-08-23,Friday,False,28.1,True,False,Jar Cake,18,2,120
2024-08-23,Friday,False,28.1,True,False,Chocolate,41,2,25
2024-08-23,Friday,False,28.1,True,False,Brownie,36,4,70
2024-08-23,Friday,False,28.1,True,False,Croissant,44,5,40
2024-08-23,Friday,False,28.1,True,False,Cookies,40,6,20
2024-08-23,Friday,False,28.1,True,False,Muffin,22,3,55
2024-08-24,Saturday,True,31.7,True,False,Cake,17,2,400
2024-08-24,Saturday,True,31.7,True,False,Cupcake,46,6,60
2024-08-24,Saturday,True,31.7,True,False,Jar Cake,27,1,120
2024-08-24,Saturday,True,31.7,True,False,Chocolate,39,7,25
2024-08-24,Saturday,True,31.7,True,False,Brownie,52,6,70
2024-08-24,Saturday,True,31.7,True,False,Croissant,51,8,40
2024-08-24,Saturday,True,31.7,True,False,Cookies,58,9,20
2024-08-24,Saturday,True,31.7,True,False,Muffin,27,1,55
2024-08-25,Sunday,True,28.7,False,False,Cake,15,1,400
2024-08-25,Sunday,True,28.7,False,False,Cupcake,46,2,60
2024-08-25,Sunday,True,28.7,False,False,Jar Cake,34,4,120
2024-08-25,Sunday,True,28.7,False,False,Chocolate,57,9,25
2024-08-25,Sunday,True,28.7,False,False,Brownie,57,6,70
2024-08-25,Sunday,True,28.7,False,False,Croissant,60,3,40
2024-08-25,Sunday,True,28.7,False,False,Cookies,71,6,20
2024-08-25,Sunday,True,28.7,False,False,Muffin,30,5,55
2024-08-26,Monday,False,27.4,False,False,Cake,16,0,400
2024-08-26,Monday,False,27.4,False,False,Cupcake,30,1,60
2024-08-26,Monday,False,27.4,False,False,Jar Cake,27,1,120
2024-08-26,Monday,False,27.4,False,False,Chocolate,49,7,25
2024-08-26,Monday,False,27.4,False,False,Brownie,56,4,70
2024-08-26,Monday,False,27.4,False,False,Croissant,45,7,40
2024-08-26,Monday,False,27.4,False,False,Cookies,36,4,20
2024-08-26,Monday,False,27.4,False,False,Muffin,39,5,55
2024-08-27,Tuesday,False,29.5,False,False,Cake,14,0,400
2024-08-27,Tuesday,False,29.5,False,False,Cupcake,31,5,60
2024-08-27,Tuesday,False,29.5,False,False,Jar Cake,22,3,120
2024-08-27,Tuesday,False,29.5,False,False,Chocolate,33,5,25
2024-08-27,Tuesday,False,29.5,False,False,Brownie,54,8,70
2024-08-27,Tuesday,False,29.5,False,False,Croissant,36,3,40
2024-08-27,Tuesday,False,29.5,False,False,Cookies,63,10,20
2024-08-27,Tuesday,False,29.5,False,False,Muffin,25,3,55
2024-08-28,Wednesday,False,27.9,False,False,Cake,21,3,400
2024-08-28,Wednesday,False,27.9,False,False,Cupcake,35,3,60
2024-08-28,Wednesday,False,27.9,False,False,Jar Cake,26,2,120
2024-08-28,Wednesday,False,27.9,False,False,Chocolate,42,6,25
2024-08-28,Wednesday,False,27.9,False,False,Brownie,44,3,70
2024-08-28,Wednesday,False,27.9,False,False,Croissant,45,4,40
2024-08-28,Wednesday,False,27.9,False,False,Cookies,55,6,20
2024-08-28,Wednesday,False,27.9,False,False,Muffin,25,2,55
2024-08-29,Thursday,False,28.9,False,False,Cake,18,1,400
2024-08-29,Thursday,False,28.9,False,False,Cupcake,45,4,60
2024-08-29,Thursday,False,28.9,False,False,Jar Cake,25,3,120
2024-08-29,Thursday,False,28.9,False,False,Chocolate,40,3,25
2024-08-29,Thursday,False,28.9,False,False,Brownie,52,3,70
2024-08-29,Thursday,False,28.9,False,False,Croissant,59,4,40
2024-08-29,Thursday,False,28.9,False,False,Cookies,50,9,20
2024-08-29,Thursday,False,28.9,False,False,Muffin,24,2,55
2024-08-30,Friday,False,30.8,False,False,Cake,11,1,400
2024-08-30,Friday,False,30.8,False,False,Cupcake,28,3,60
2024-08-30,Friday,False,30.8,False,False,Jar Cake,21,2,120
2024-08-30,Friday,False,30.8,False,False,Chocolate,48,9,25
2024-08-30,Friday,False,30.8,False,False,Brownie,43,5,70
2024-08-30,Friday,False,30.8,False,False,Croissant,42,5,40
2024-08-30,Friday,False,30.8,False,False,Cookies,59,6,20
2024-08-30,Friday,False,30.8,False,False,Muffin,22,2,55
2024-08-31,Saturday,True,27.1,True,False,Cake,19,1,400
2024-08-31,Saturday,True,27.1,True,False,Cupcake,51,9,60
2024-08-31,Saturday,True,27.1,True,False,Jar Cake,26,1,120
2024-08-31,Saturday,True,27.1,True,False,Chocolate,45,3,25
2024-08-31,Saturday,True,27.1,True,False,Brownie,55,9,70
2024-08-31,Saturday,True,27.1,True,False,Croissant,39,4,40
2024-08-31,Saturday,True,27.1,True,False,Cookies,57,5,20
2024-08-31,Saturday,True,27.1,True,False,Muffin,42,2,55
2024-09-01,Sunday,True,29.1,False,False,Cake,11,1,400
2024-09-01,Sunday,True,29.1,False,False,Cupcake,41,5,60
2024-09-01,Sunday,True,29.1,False,False,Jar Cake,40,2,120
2024-09-01,Sunday,True,29.1,False,False,Chocolate,43,3,25
2024-09-01,Sunday,True,29.1,False,False,Brownie,60,8,70
2024-09-01,Sunday,True,29.1,False,False,Croissant,50,4,40
2024-09-01,Sunday,True,29.1,False,False,Cookies,79,14,20
2024-09-01,Sunday,True,29.1,False,False,Muffin,48,8,55
2024-09-02,Monday,False,30.6,True,False,Cake,10,0,400
2024-09-02,Monday,False,30.6,True,False,Cupcake,32,6,60
2024-09-02,Monday,False,30.6,True,False,Jar Cake,17,2,120
2024-09-02,Monday,False,30.6,True,False,Chocolate,38,3,25
2024-09-02,Monday,False,30.6,True,False,Brownie,33,2,70
2024-09-02,Monday,False,30.6,True,False,Croissant,40,7,40
2024-09-02,Monday,False,30.6,True,False,Cookies,56,5,20
2024-09-02,Monday,False,30.6,True,False,Muffin,21,1,55
2024-09-03,Tuesday,False,28.6,False,False,Cake,14,1,400
2024-09-03,Tuesday,False,28.6,False,False,Cupcake,35,4,60
2024-09-03,Tuesday,False,28.6,False,False,Jar Cake,24,4,120
2024-09-03,Tuesday,False,28.6,False,False,Chocolate,37,4,25
2024-09-03,Tuesday,False,28.6,False,False,Brownie,46,7,70
2024-09-03,Tuesday,False,28.6,False,False,Croissant,49,6,40
2024-09-03,Tuesday,False,28.6,False,False,Cookies,58,6,20
2024-09-03,Tuesday,False,28.6,False,False,Muffin,30,2,55
2024-09-04,Wednesday,False,31.7,False,False,Cake,17,1,400
2024-09-04,Wednesday,False,31.7,False,False,Cupcake,37,2,60
2024-09-04,Wednesday,False,31.7,False,False,Jar Cake,25,3,120
2024-09-04,Wednesday,False,31.7,False,False,Chocolate,30,2,25
2024-09-04,Wednesday,False,31.7,False,False,Brownie,49,3,70
2024-09-04,Wednesday,False,31.7,False,False,Croissant,43,2,40
2024-09-04,Wednesday,False,31.7,False,False,Cookies,57,5,20
2024-09-04,Wednesday,False,31.7,False,False,Muffin,19,3,55
2024-09-05,Thursday,False,25.1,True,False,Cake,15,1,400
2024-09-05,Thursday,False,25.1,True,False,Cupcake,27,4,60
2024-09-05,Thursday,False,25.1,True,False,Jar Cake,35,4,120
2024-09-05,Thursday,False,25.1,True,False,Chocolate,33,2,25
2024-09-05,Thursday,False,25.1,True,False,Brownie,45,5,70
2024-09-05,Thursday,False,25.1,True,False,Croissant,34,2,40
2024-09-05,Thursday,False,25.1,True,False,Cookies,47,7,20
2024-09-05,Thursday,False,25.1,True,False,Muffin,24,2,55
2024-09-06,Friday,False,28.8,False,False,Cake,9,1,400
2024-09-06,Friday,False,28.8,False,False,Cupcake,38,4,60
2024-09-06,Friday,False,28.8,False,False,Jar Cake,20,1,120
2024-09-06,Friday,False,28.8,False,False,Chocolate,49,4,25
2024-09-06,Friday,False,28.8,False,False,Brownie,40,5,70
2024-09-06,Friday,False,28.8,False,False,Croissant,33,4,40
2024-09-06,Friday,False,28.8,False,False,Cookies,47,6,20
2024-09-06,Friday,False,28.8,False,False,Muffin,26,1,55
2024-09-07,Saturday,True,22.2,True,False,Cake,18,3,400
2024-09-07,Saturday,True,22.2,True,False,Cupcake,42,3,60
2024-09-07,Saturday,True,22.2,True,False,Jar Cake,25,2,120
2024-09-07,Saturday,True,22.2,True,False,Chocolate,57,6,25
2024-09-07,Saturday,True,22.2,True,False,Brownie,49,7,70
2024-09-07,Saturday,True,22.2,True,False,Croissant,54,9,40
2024-09-07,Saturday,True,22.2,True,False,Cookies,58,7,20
2024-09-07,Saturday,True,22.2,True,False,Muffin,37,6,55
2024-09-08,Sunday,True,29.6,False,False,Cake,18,2,400
2024-09-08,Sunday,True,29.6,False,False,Cupcake,47,7,60
2024-09-08,Sunday,True,29.6,False,False,Jar Cake,32,4,120
2024-09-08,Sunday,True,29.6,False,False,Chocolate,61,6,25
2024-09-08,Sunday,True,29.6,False,False,Brownie,57,10,70
2024-09-08,Sunday,True,29.6,False,False,Croissant,47,8,40
2024-09-08,Sunday,True,29.6,False,False,Cookies,60,7,20
2024-09-08,Sunday,True,29.6,False,False,Muffin,48,3,55
2024-09-09,Monday,False,27.9,False,False,Cake,13,2,400
2024-09-09,Monday,False,27.9,False,False,Cupcake,37,3,60
2024-09-09,Monday,False,27.9,False,False,Jar Cake,21,1,120
2024-09-09,Monday,False,27.9,False,False,Chocolate,37,4,25
2024-09-09,Monday,False,27.9,False,False,Brownie,50,7,70
2024-09-09,Monday,False,27.9,False,False,Croissant,47,6,40
2024-09-09,Monday,False,27.9,False,False,Cookies,45,3,20
2024-09-09,Monday,False,27.9,False,False,Muffin,25,4,55
2024-09-10,Tuesday,False,26.6,False,False,Cake,19,2,400
2024-09-10,Tuesday,False,26.6,False,False,Cupcake,33,1,60
2024-09-10,Tuesday,False,26.6,False,False,Jar Cake,19,3,120
2024-09-10,Tuesday,False,26.6,False,False,Chocolate,35,5,25
2024-09-10,Tuesday,False,26.6,False,False,Brownie,59,8,70
2024-09-10,Tuesday,False,26.6,False,False,Croissant,44,5,40
2024-09-10,Tuesday,False,26.6,False,False,Cookies,43,5,20
2024-09-10,Tuesday,False,26.6,False,False,Muffin,33,5,55
2024-09-11,Wednesday,False,28.2,False,False,Cake,15,2,400
2024-09-11,Wednesday,False,28.2,False,False,Cupcake,36,6,60
2024-09-11,Wednesday,False,28.2,False,False,Jar Cake,28,3,120
2024-09-11,Wednesday,False,28.2,False,False,Chocolate,41,4,25
2024-09-11,Wednesday,False,28.2,False,False,Brownie,50,3,70
2024-09-11,Wednesday,False,28.2,False,False,Croissant,38,6,40
2024-09-11,Wednesday,False,28.2,False,False,Cookies,60,11,20
2024-09-11,Wednesday,False,28.2,False,False,Muffin,25,4,55
2024-09-12,Thursday,False,26.1,True,False,Cake,15,2,400
2024-09-12,Thursday,False,26.1,True,False,Cupcake,38,5,60
2024-09-12,Thursday,False,26.1,True,False,Jar Cake,16,1,120
2024-09-12,Thursday,False,26.1,True,False,Chocolate,28,2,25
2024-09-12,Thursday,False,26.1,True,False,Brownie,48,4,70
2024-09-12,Thursday,False,26.1,True,False,Croissant,37,5,40
2024-09-12,Thursday,False,26.1,True,False,Cookies,51,3,20
2024-09-12,Thursday,False,26.1,True,False,Muffin,28,4,55
2024-09-13,Friday,False,25.7,False,False,Cake,18,2,400
2024-09-13,Friday,False,25.7,False,False,Cupcake,38,3,60
2024-09-13,Friday,False,25.7,False,False,Jar Cake,27,1,120
2024-09-13,Friday,False,25.7,False,False,Chocolate,39,4,25
2024-09-13,Friday,False,25.7,False,False,Brownie,40,6,70
2024-09-13,Friday,False,25.7,False,False,Croissant,45,4,40
2024-09-13,Friday,False,25.7,False,False,Cookies,52,3,20
2024-09-13,Friday,False,25.7,False,False,Muffin,34,5,55
2024-09-14,Saturday,True,27.7,False,False,Cake,20,1,400
2024-09-14,Saturday,True,27.7,False,False,Cupcake,50,6,60
2024-09-14,Saturday,True,27.7,False,False,Jar Cake,31,4,120
2024-09-14,Saturday,True,27.7,False,False,Chocolate,58,5,25
2024-09-14,Saturday,True,27.7,False,False,Brownie,67,12,70
2024-09-14,Saturday,True,27.7,False,False,Croissant,61,8,40
2024-09-14,Saturday,True,27.7,False,False,Cookies,53,10,20
2024-09-14,Saturday,True,27.7,False,False,Muffin,41,5,55
2024-09-15,Sunday,True,26.0,False,False,Cake,18,3,400
2024-09-15,Sunday,True,26.0,False,False,Cupcake,35,3,60
2024-09-15,Sunday,True,26.0,False,False,Jar Cake,35,5,120
2024-09-15,Sunday,True,26.0,False,False,Chocolate,52,5,25
2024-09-15,Sunday,True,26.0,False,False,Brownie,67,6,70
2024-09-15,Sunday,True,26.0,False,False,Croissant,43,5,40
2024-09-15,Sunday,True,26.0,False,False,Cookies,74,13,20
2024-09-15,Sunday,True,26.0,False,False,Muffin,35,2,55
2024-09-16,Monday,False,24.9,False,False,Cake,21,1,400
2024-09-16,Monday,False,24.9,False,False,Cupcake,34,4,60
2024-09-16,Monday,False,24.9,False,False,Jar Cake,25,1,120
2024-09-16,Monday,False,24.9,False,False,Chocolate,46,6,25
2024-09-16,Monday,False,24.9,False,False,Brownie,56,8,70
2024-09-16,Monday,False,24.9,False,False,Croissant,33,2,40
2024-09-16,Monday,False,24.9,False,False,Cookies,55,6,20
2024-09-16,Monday,False,24.9,False,False,Muffin,32,5,55
2024-09-17,Tuesday,False,27.3,False,False,Cake,17,1,400
2024-09-17,Tuesday,False,27.3,False,False,Cupcake,30,2,60
2024-09-17,Tuesday,False,27.3,False,False,Jar Cake,20,1,120
2024-09-17,Tuesday,False,27.3,False,False,Chocolate,38,5,25
2024-09-17,Tuesday,False,27.3,False,False,Brownie,47,5,70
2024-09-17,Tuesday,False,27.3,False,False,Croissant,35,4,40
2024-09-17,Tuesday,False,27.3,False,False,Cookies,54,5,20
2024-09-17,Tuesday,False,27.3,False,False,Muffin,27,2,55
2024-09-18,Wednesday,False,22.6,False,False,Cake,21,2,400
2024-09-18,Wednesday,False,22.6,False,False,Cupcake,35,6,60
2024-09-18,Wednesday,False,22.6,False,False,Jar Cake,26,2,120
2024-09-18,Wednesday,False,22.6,False,False,Chocolate,43,2,25
2024-09-18,Wednesday,False,22.6,False,False,Brownie,58,4,70
2024-09-18,Wednesday,False,22.6,False,False,Croissant,40,2,40
2024-09-18,Wednesday,False,22.6,False,False,Cookies,40,6,20
2024-09-18,Wednesday,False,22.6,False,False,Muffin,37,1,55
2024-09-19,Thursday,False,24.6,False,False,Cake,15,2,400
2024-09-19,Thursday,False,24.6,False,False,Cupcake,44,4,60
2024-09-19,Thursday,False,24.6,False,False,Jar Cake,23,3,120
2024-09-19,Thursday,False,24.6,False,False,Chocolate,39,7,25
2024-09-19,Thursday,False,24.6,False,False,Brownie,42,2,70
2024-09-19,Thursday,False,24.6,False,False,Croissant,38,3,40
2024-09-19,Thursday,False,24.6,False,False,Cookies,60,7,20
2024-09-19,Thursday,False,24.6,False,False,Muffin,32,3,55
2024-09-20,Friday,False,22.9,False,False,Cake,16,0,400
2024-09-20,Friday,False,22.9,False,False,Cupcake,34,4,60
2024-09-20,Friday,False,22.9,False,False,Jar Cake,31,2,120
2024-09-20,Friday,False,22.9,False,False,Chocolate,44,4,25
2024-09-20,Friday,False,22.9,False,False,Brownie,45,5,70
2024-09-20,Friday,False,22.9,False,False,Croissant,39,3,40
2024-09-20,Friday,False,22.9,False,False,Cookies,35,1,20
2024-09-20,Friday,False,22.9,False,False,Muffin,32,6,55
2024-09-21,Saturday,True,23.5,False,False,Cake,27,3,400
2024-09-21,Saturday,True,23.5,False,False,Cupcake,50,7,60
2024-09-21,Saturday,True,23.5,False,False,Jar Cake,20,2,120
2024-09-21,Saturday,True,23.5,False,False,Chocolate,55,3,25
2024-09-21,Saturday,True,23.5,False,False,Brownie,69,7,70
2024-09-21,Saturday,True,23.5,False,False,Croissant,56,4,40
2024-09-21,Saturday,True,23.5,False,False,Cookies,68,7,20
2024-09-21,Saturday,True,23.5,False,False,Muffin,40,6,55
2024-09-22,Sunday,True,22.2,False,False,Cake,17,2,400
2024-09-22,Sunday,True,22.2,False,False,Cupcake,41,6,60
2024-09-22,Sunday,True,22.2,False,False,Jar Cake,26,2,120
2024-09-22,Sunday,True,22.2,False,False,Chocolate,54,6,25
2024-09-22,Sunday,True,22.2,False,False,Brownie,62,3,70
2024-09-22,Sunday,True,22.2,False,False,Croissant,54,3,40
2024-09-22,Sunday,True,22.2,False,False,Cookies,56,8,20
2024-09-22,Sunday,True,22.2,False,False,Muffin,45,2,55
2024-09-23,Monday,False,23.0,False,False,Cake,18,1,400
2024-09-23,Monday,False,23.0,False,False,Cupcake,31,3,60
2024-09-23,Monday,False,23.0,False,False,Jar Cake,26,3,120
2024-09-23,Monday,False,23.0,False,False,Chocolate,37,6,25
2024-09-23,Monday,False,23.0,False,False,Brownie,37,2,70
2024-09-23,Monday,False,23.0,False,False,Croissant,47,8,40
2024-09-23,Monday,False,23.0,False,False,Cookies,36,2,20
2024-09-23,Monday,False,23.0,False,False,Muffin,38,5,55
2024-09-24,Tuesday,False,25.1,False,False,Cake,10,1,400
2024-09-24,Tuesday,False,25.1,False,False,Cupcake,32,3,60
2024-09-24,Tuesday,False,25.1,False,False,Jar Cake,26,2,120
2024-09-24,Tuesday,False,25.1,False,False,Chocolate,43,7,25
2024-09-24,Tuesday,False,25.1,False,False,Brownie,45,8,70
2024-09-24,Tuesday,False,25.1,False,False,Croissant,50,7,40
2024-09-24,Tuesday,False,25.1,False,False,Cookies,43,6,20
2024-09-24,Tuesday,False,25.1,False,False,Muffin,25,4,55
2024-09-25,Wednesday,False,23.4,False,False,Cake,19,1,400
2024-09-25,Wednesday,False,23.4,False,False,Cupcake,31,2,60
2024-09-25,Wednesday,False,23.4,False,False,Jar Cake,21,2,120
2024-09-25,Wednesday,False,23.4,False,False,Chocolate,50,7,25
2024-09-25,Wednesday,False,23.4,False,False,Brownie,49,9,70
2024-09-25,Wednesday,False,23.4,False,False,Croissant,46,7,40
2024-09-25,Wednesday,False,23.4,False,False,Cookies,45,2,20
2024-09-25,Wednesday,False,23.4,False,False,Muffin,36,5,55
2024-09-26,Thursday,False,26.6,False,False,Cake,17,2,400
2024-09-26,Thursday,False,26.6,False,False,Cupcake,37,6,60
2024-09-26,Thursday,False,26.6,False,False,Jar Cake,25,4,120
2024-09-26,Thursday,False,26.6,False,False,Chocolate,38,4,25
2024-09-26,Thursday,False,26.6,False,False,Brownie,52,6,70
2024-09-26,Thursday,False,26.6,False,False,Croissant,52,7,40
2024-09-26,Thursday,False,26.6,False,False,Cookies,44,7,20
2024-09-26,Thursday,False,26.6,False,False,Muffin,22,3,55
2024-09-27,Friday,False,23.8,False,False,Cake,12,1,400
2024-09-27,Friday,False,23.8,False,False,Cupcake,34,5,60
2024-09-27,Friday,False,23.8,False,False,Jar Cake,19,1,120
2024-09-27,Friday,False,23.8,False,False,Chocolate,46,4,25
2024-09-27,Friday,False,23.8,False,False,Brownie,39,5,70
2024-09-27,Friday,False,23.8,False,False,Croissant,48,9,40
2024-09-27,Friday,False,23.8,False,False,Cookies,46,6,20
2024-09-27,Friday,False,23.8,False,False,Muffin,29,4,55
2024-09-28,Saturday,True,23.3,False,False,Cake,25,3,400
2024-09-28,Saturday,True,23.3,False,False,Cupcake,49,6,60
2024-09-28,Saturday,True,23.3,False,False,Jar Cake,30,2,120
2024-09-28,Saturday,True,23.3,False,False,Chocolate,43,6,25
2024-09-28,Saturday,True,23.3,False,False,Brownie,78,4,70
2024-09-28,Saturday,True,23.3,False,False,Croissant,59,11,40
2024-09-28,Saturday,True,23.3,False,False,Cookies,68,4,20
2024-09-28,Saturday,True,23.3,False,False,Muffin,34,4,55
2024-09-29,Sunday,True,22.2,False,False,Cake,22,2,400
2024-09-29,Sunday,True,22.2,False,False,Cupcake,52,6,60
2024-09-29,Sunday,True,22.2,False,False,Jar Cake,37,3,120
2024-09-29,Sunday,True,22.2,False,False,Chocolate,59,4,25
2024-09-29,Sunday,True,22.2,False,False,Brownie,61,8,70
2024-09-29,Sunday,True,22.2,False,False,Croissant,50,4,40
2024-09-29,Sunday,True,22.2,False,False,Cookies,83,7,20
2024-09-29,Sunday,True,22.2,False,False,Muffin,46,8,55
2024-09-30,Monday,False,22.8,False,False,Cake,17,1,400
2024-09-30,Monday,False,22.8,False,False,Cupcake,31,4,60
2024-09-30,Monday,False,22.8,False,False,Jar Cake,27,5,120
2024-09-30,Monday,False,22.8,False,False,Chocolate,51,4,25
2024-09-30,Monday,False,22.8,False,False,Brownie,46,3,70
2024-09-30,Monday,False,22.8,False,False,Croissant,59,4,40
2024-09-30,Monday,False,22.8,False,False,Cookies,55,6,20
2024-09-30,Monday,False,22.8,False,False,Muffin,23,2,55
2024-10-01,Tuesday,False,19.9,True,False,Cake,15,1,400
2024-10-01,Tuesday,False,19.9,True,False,Cupcake,35,4,60
2024-10-01,Tuesday,False,19.9,True,False,Jar Cake,18,1,120
2024-10-01,Tuesday,False,19.9,True,False,Chocolate,29,1,25
2024-10-01,Tuesday,False,19.9,True,False,Brownie,28,2,70
2024-10-01,Tuesday,False,19.9,True,False,Croissant,43,3,40
2024-10-01,Tuesday,False,19.9,True,False,Cookies,55,5,20
2024-10-01,Tuesday,False,19.9,True,False,Muffin,32,3,55
2024-10-02,Wednesday,False,20.0,False,False,Cake,13,1,400
2024-10-02,Wednesday,False,20.0,False,False,Cupcake,31,1,60
2024-10-02,Wednesday,False,20.0,False,False,Jar Cake,20,3,120
2024-10-02,Wednesday,False,20.0,False,False,Chocolate,38,3,25
2024-10-02,Wednesday,False,20.0,False,False,Brownie,36,3,70
2024-10-02,Wednesday,False,20.0,False,False,Croissant,47,7,40
2024-10-02,Wednesday,False,20.0,False,False,Cookies,47,6,20
2024-10-02,Wednesday,False,20.0,False,False,Muffin,27,4,55
2024-10-03,Thursday,False,22.0,False,False,Cake,21,2,400
2024-10-03,Thursday,False,22.0,False,False,Cupcake,32,4,60
2024-10-03,Thursday,False,22.0,False,False,Jar Cake,25,2,120
2024-10-03,Thursday,False,22.0,False,False,Chocolate,46,2,25
2024-10-03,Thursday,False,22.0,False,False,Brownie,46,7,70
2024-10-03,Thursday,False,22.0,False,False,Croissant,48,7,40
2024-10-03,Thursday,False,22.0,False,False,Cookies,54,6,20
2024-10-03,Thursday,False,22.0,False,False,Muffin,27,2,55
2024-10-04,Friday,False,23.0,False,False,Cake,21,3,400
2024-10-04,Friday,False,23.0,False,False,Cupcake,57,8,60
2024-10-04,Friday,False,23.0,False,False,Jar Cake,24,2,120
2024-10-04,Friday,False,23.0,False,False,Chocolate,46,3,25
2024-10-04,Friday,False,23.0,False,False,Brownie,50,8,70
2024-10-04,Friday,False,23.0,False,False,Croissant,42,6,40
2024-10-04,Friday,False,23.0,False,False,Cookies,47,2,20
2024-10-04,Friday,False,23.0,False,False,Muffin,31,5,55
2024-10-05,Saturday,True,16.8,False,False,Cake,18,3,400
2024-10-05,Saturday,True,16.8,False,False,Cupcake,46,2,60
2024-10-05,Saturday,True,16.8,False,False,Jar Cake,37,2,120
2024-10-05,Saturday,True,16.8,False,False,Chocolate,60,8,25
2024-10-05,Saturday,True,16.8,False,False,Brownie,64,11,70
2024-10-05,Saturday,True,16.8,False,False,Croissant,84,13,40
2024-10-05,Saturday,True,16.8,False,False,Cookies,60,4,20
2024-10-05,Saturday,True,16.8,False,False,Muffin,34,3,55
2024-10-06,Sunday,True,22.7,False,False,Cake,20,1,400
2024-10-06,Sunday,True,22.7,False,False,Cupcake,49,4,60
2024-10-06,Sunday,True,22.7,False,False,Jar Cake,41,7,120
2024-10-06,Sunday,True,22.7,False,False,Chocolate,54,8,25
2024-10-06,Sunday,True,22.7,False,False,Brownie,53,3,70
2024-10-06,Sunday,True,22.7,False,False,Croissant,69,12,40
2024-10-06,Sunday,True,22.7,False,False,Cookies,78,12,20
2024-10-06,Sunday,True,22.7,False,False,Muffin,43,4,55
2024-10-07,Monday,False,21.5,False,False,Cake,15,2,400
2024-10-07,Monday,False,21.5,False,False,Cupcake,41,3,60
2024-10-07,Monday,False,21.5,False,False,Jar Cake,27,1,120
2024-10-07,Monday,False,21.5,False,False,Chocolate,48,3,25
2024-10-07,Monday,False,21.5,False,False,Brownie,41,5,70
2024-10-07,Monday,False,21.5,False,False,Croissant,40,6,40
2024-10-07,Monday,False,21.5,False,False,Cookies,41,4,20
2024-10-07,Monday,False,21.5,False,False,Muffin,30,3,55
2024-10-08,Tuesday,False,24.6,False,False,Cake,16,1,400
2024-10-08,Tuesday,False,24.6,False,False,Cupcake,34,5,60
2024-10-08,Tuesday,False,24.6,False,False,Jar Cake,26,1,120
2024-10-08,Tuesday,False,24.6,False,False,Chocolate,34,3,25
2024-10-08,Tuesday,False,24.6,False,False,Brownie,45,6,70
2024-10-08,Tuesday,False,24.6,False,False,Croissant,53,6,40
2024-10-08,Tuesday,False,24.6,False,False,Cookies,52,7,20
2024-10-08,Tuesday,False,24.6,False,False,Muffin,34,5,55
2024-10-09,Wednesday,False,19.1,False,False,Cake,24,4,400
2024-10-09,Wednesday,False,19.1,False,False,Cupcake,36,4,60
2024-10-09,Wednesday,False,19.1,False,False,Jar Cake,20,1,120
2024-10-09,Wednesday,False,19.1,False,False,Chocolate,40,4,25
2024-10-09,Wednesday,False,19.1,False,False,Brownie,44,2,70
2024-10-09,Wednesday,False,19.1,False,False,Croissant,63,10,40
2024-10-09,Wednesday,False,19.1,False,False,Cookies,41,3,20
2024-10-09,Wednesday,False,19.1,False,False,Muffin,25,1,55
2024-10-10,Thursday,False,25.8,False,False,Cake,13,1,400
2024-10-10,Thursday,False,25.8,False,False,Cupcake,36,6,60
2024-10-10,Thursday,False,25.8,False,False,Jar Cake,38,4,120
2024-10-10,Thursday,False,25.8,False,False,Chocolate,38,3,25
2024-10-10,Thursday,False,25.8,False,False,Brownie,48,3,70
2024-10-10,Thursday,False,25.8,False,False,Croissant,49,8,40
2024-10-10,Thursday,False,25.8,False,False,Cookies,40,6,20
2024-10-10,Thursday,False,25.8,False,False,Muffin,22,2,55
2024-10-11,Friday,False,18.7,False,False,Cake,21,3,400
2024-10-11,Friday,False,18.7,False,False,Cupcake,34,3,60
2024-10-11,Friday,False,18.7,False,False,Jar Cake,22,1,120
2024-10-11,Friday,False,18.7,False,False,Chocolate,48,3,25
2024-10-11,Friday,False,18.7,False,False,Brownie,48,9,70
2024-10-11,Friday,False,18.7,False,False,Croissant,61,3,40
2024-10-11,Friday,False,18.7,False,False,Cookies,50,3,20
2024-10-11,Friday,False,18.7,False,False,Muffin,36,4,55
2024-10-12,Saturday,True,24.1,False,False,Cake,15,1,400
2024-10-12,Saturday,True,24.1,False,False,Cupcake,43,8,60
2024-10-12,Saturday,True,24.1,False,False,Jar Cake,27,1,120
2024-10-12,Saturday,True,24.1,False,False,Chocolate,56,5,25
2024-10-12,Saturday,True,24.1,False,False,Brownie,53,8,70
2024-10-12,Saturday,True,24.1,False,False,Croissant,65,5,40
2024-10-12,Saturday,True,24.1,False,False,Cookies,66,7,20
2024-10-12,Saturday,True,24.1,False,False,Muffin,39,4,55
2024-10-13,Sunday,True,20.1,False,False,Cake,24,3,400
2024-10-13,Sunday,True,20.1,False,False,Cupcake,58,7,60
2024-10-13,Sunday,True,20.1,False,False,Jar Cake,39,3,120
2024-10-13,Sunday,True,20.1,False,False,Chocolate,45,5,25
2024-10-13,Sunday,True,20.1,False,False,Brownie,71,10,70
2024-10-13,Sunday,True,20.1,False,False,Croissant,84,9,40
2024-10-13,Sunday,True,20.1,False,False,Cookies,68,7,20
2024-10-13,Sunday,True,20.1,False,False,Muffin,38,7,55
2024-10-14,Monday,False,20.8,False,False,Cake,17,1,400
2024-10-14,Monday,False,20.8,False,False,Cupcake,38,5,60
2024-10-14,Monday,False,20.8,False,False,Jar Cake,29,2,120
2024-10-14,Monday,False,20.8,False,False,Chocolate,49,8,25
2024-10-14,Monday,False,20.8,False,False,Brownie,45,8,70
2024-10-14,Monday,False,20.8,False,False,Croissant,68,6,40
2024-10-14,Monday,False,20.8,False,False,Cookies,48,4,20
2024-10-14,Monday,False,20.8,False,False,Muffin,26,1,55
2024-10-15,Tuesday,False,18.7,False,False,Cake,7,1,400
2024-10-15,Tuesday,False,18.7,False,False,Cupcake,43,5,60
2024-10-15,Tuesday,False,18.7,False,False,Jar Cake,24,3,120
2024-10-15,Tuesday,False,18.7,False,False,Chocolate,40,7,25
2024-10-15,Tuesday,False,18.7,False,False,Brownie,56,7,70
2024-10-15,Tuesday,False,18.7,False,False,Croissant,57,7,40
2024-10-15,Tuesday,False,18.7,False,False,Cookies,53,8,20
2024-10-15,Tuesday,False,18.7,False,False,Muffin,37,4,55
2024-10-16,Wednesday,False,21.5,False,False,Cake,17,2,400
2024-10-16,Wednesday,False,21.5,False,False,Cupcake,43,8,60
2024-10-16,Wednesday,False,21.5,False,False,Jar Cake,37,1,120
2024-10-16,Wednesday,False,21.5,False,False,Chocolate,33,5,25
2024-10-16,Wednesday,False,21.5,False,False,Brownie,40,3,70
2024-10-16,Wednesday,False,21.5,False,False,Croissant,60,4,40
2024-10-16,Wednesday,False,21.5,False,False,Cookies,45,7,20
2024-10-16,Wednesday,False,21.5,False,False,Muffin,29,4,55
2024-10-17,Thursday,False,19.7,False,False,Cake,12,1,400
2024-10-17,Thursday,False,19.7,False,False,Cupcake,34,5,60
2024-10-17,Thursday,False,19.7,False,False,Jar Cake,20,2,120
2024-10-17,Thursday,False,19.7,False,False,Chocolate,34,3,25
2024-10-17,Thursday,False,19.7,False,False,Brownie,44,3,70
2024-10-17,Thursday,False,19.7,False,False,Croissant,55,3,40
2024-10-17,Thursday,False,19.7,False,False,Cookies,50,6,20
2024-10-17,Thursday,False,19.7,False,False,Muffin,33,2,55
2024-10-18,Friday,False,22.6,False,False,Cake,23,2,400
2024-10-18,Friday,False,22.6,False,False,Cupcake,29,2,60
2024-10-18,Friday,False,22.6,False,False,Jar Cake,19,2,120
2024-10-18,Friday,False,22.6,False,False,Chocolate,32,5,25
2024-10-18,Friday,False,22.6,False,False,Brownie,38,3,70
2024-10-18,Friday,False,22.6,False,False,Croissant,47,2,40
2024-10-18,Friday,False,22.6,False,False,Cookies,44,5,20
2024-10-18,Friday,False,22.6,False,False,Muffin,33,1,55
2024-10-19,Saturday,True,24.9,False,False,Cake,21,2,400
2024-10-19,Saturday,True,24.9,False,False,Cupcake,60,5,60
2024-10-19,Saturday,True,24.9,False,False,Jar Cake,29,3,120
2024-10-19,Saturday,True,24.9,False,False,Chocolate,60,3,25
2024-10-19,Saturday,True,24.9,False,False,Brownie,66,6,70
2024-10-19,Saturday,True,24.9,False,False,Croissant,65,11,40
2024-10-19,Saturday,True,24.9,False,False,Cookies,77,11,20
2024-10-19,Saturday,True,24.9,False,False,Muffin,49,4,55
2024-10-20,Sunday,True,20.7,False,False,Cake,16,2,400
2024-10-20,Sunday,True,20.7,False,False,Cupcake,52,4,60
2024-10-20,Sunday,True,20.7,False,False,Jar Cake,31,2,120
2024-10-20,Sunday,True,20.7,False,False,Chocolate,59,6,25
2024-10-20,Sunday,True,20.7,False,False,Brownie,58,3,70
2024-10-20,Sunday,True,20.7,False,False,Croissant,78,8,40
2024-10-20,Sunday,True,20.7,False,False,Cookies,66,8,20
2024-10-20,Sunday,True,20.7,False,False,Muffin,41,2,55
2024-10-21,Monday,False,17.2,False,False,Cake,20,1,400
2024-10-21,Monday,False,17.2,False,False,Cupcake,29,1,60
2024-10-21,Monday,False,17.2,False,False,Jar Cake,28,5,120
2024-10-21,Monday,False,17.2,False,False,Chocolate,33,5,25
2024-10-21,Monday,False,17.2,False,False,Brownie,36,2,70
2024-10-21,Monday,False,17.2,False,False,Croissant,50,6,40
2024-10-21,Monday,False,17.2,False,False,Cookies,48,3,20
2024-10-21,Monday,False,17.2,False,False,Muffin,35,2,55
2024-10-22,Tuesday,False,20.4,False,False,Cake,13,1,400
2024-10-22,Tuesday,False,20.4,False,False,Cupcake,34,5,60
2024-10-22,Tuesday,False,20.4,False,False,Jar Cake,17,3,120
2024-10-22,Tuesday,False,20.4,False,False,Chocolate,27,4,25
2024-10-22,Tuesday,False,20.4,False,False,Brownie,44,3,70
2024-10-22,Tuesday,False,20.4,False,False,Croissant,56,6,40
2024-10-22,Tuesday,False,20.4,False,False,Cookies,56,6,20
2024-10-22,Tuesday,False,20.4,False,False,Muffin,36,5,55
2024-10-23,Wednesday,False,18.5,False,False,Cake,13,2,400
2024-10-23,Wednesday,False,18.5,False,False,Cupcake,36,4,60
2024-10-23,Wednesday,False,18.5,False,False,Jar Cake,23,4,120
2024-10-23,Wednesday,False,18.5,False,False,Chocolate,31,5,25
2024-10-23,Wednesday,False,18.5,False,False,Brownie,41,4,70
2024-10-23,Wednesday,False,18.5,False,False,Croissant,54,5,40
2024-10-23,Wednesday,False,18.5,False,False,Cookies,48,6,20
2024-10-23,Wednesday,False,18.5,False,False,Muffin,41,5,55
2024-10-24,Thursday,False,16.7,False,False,Cake,22,2,400
2024-10-24,Thursday,False,16.7,False,False,Cupcake,42,7,60
2024-10-24,Thursday,False,16.7,False,False,Jar Cake,34,3,120
2024-10-24,Thursday,False,16.7,False,False,Chocolate,39,5,25
2024-10-24,Thursday,False,16.7,False,False,Brownie,45,3,70
2024-10-24,Thursday,False,16.7,False,False,Croissant,42,6,40
2024-10-24,Thursday,False,16.7,False,False,Cookies,50,8,20
2024-10-24,Thursday,False,16.7,False,False,Muffin,32,4,55
2024-10-25,Friday,False,22.2,False,False,Cake,13,0,400
2024-10-25,Friday,False,22.2,False,False,Cupcake,38,7,60
2024-10-25,Friday,False,22.2,False,False,Jar Cake,18,1,120
2024-10-25,Friday,False,22.2,False,False,Chocolate,38,5,25
2024-10-25,Friday,False,22.2,False,False,Brownie,44,4,70
2024-10-25,Friday,False,22.2,False,False,Croissant,52,8,40
2024-10-25,Friday,False,22.2,False,False,Cookies,54,3,20
2024-10-25,Friday,False,22.2,False,False,Muffin,26,5,55
2024-10-26,Saturday,True,15.1,False,False,Cake,18,1,400
2024-10-26,Saturday,True,15.1,False,False,Cupcake,62,11,60
2024-10-26,Saturday,True,15.1,False,False,Jar Cake,39,5,120
2024-10-26,Saturday,True,15.1,False,False,Chocolate,57,8,25
2024-10-26,Saturday,True,15.1,False,False,Brownie,66,11,70
2024-10-26,Saturday,True,15.1,False,False,Croissant,68,8,40
2024-10-26,Saturday,True,15.1,False,False,Cookies,68,7,20
2024-10-26,Saturday,True,15.1,False,False,Muffin,42,2,55
2024-10-27,Sunday,True,21.1,False,False,Cake,21,1,400
2024-10-27,Sunday,True,21.1,False,False,Cupcake,45,3,60
2024-10-27,Sunday,True,21.1,False,False,Jar Cake,37,5,120
2024-10-27,Sunday,True,21.1,False,False,Chocolate,42,4,25
2024-10-27,Sunday,True,21.1,False,False,Brownie,56,6,70
2024-10-27,Sunday,True,21.1,False,False,Croissant,71,11,40
2024-10-27,Sunday,True,21.1,False,False,Cookies,83,11,20
2024-10-27,Sunday,True,21.1,False,False,Muffin,36,1,55
2024-10-28,Monday,False,19.5,False,False,Cake,13,1,400
2024-10-28,Monday,False,19.5,False,False,Cupcake,42,7,60
2024-10-28,Monday,False,19.5,False,False,Jar Cake,21,2,120
2024-10-28,Monday,False,19.5,False,False,Chocolate,43,6,25
2024-10-28,Monday,False,19.5,False,False,Brownie,46,3,70
2024-10-28,Monday,False,19.5,False,False,Croissant,58,3,40
2024-10-28,Monday,False,19.5,False,False,Cookies,48,4,20
2024-10-28,Monday,False,19.5,False,False,Muffin,34,3,55
2024-10-29,Tuesday,False,20.0,False,False,Cake,16,2,400
2024-10-29,Tuesday,False,20.0,False,False,Cupcake,33,5,60
2024-10-29,Tuesday,False,20.0,False,False,Jar Cake,26,2,120
2024-10-29,Tuesday,False,20.0,False,False,Chocolate,37,3,25
2024-10-29,Tuesday,False,20.0,False,False,Brownie,45,8,70
2024-10-29,Tuesday,False,20.0,False,False,Croissant,69,10,40
2024-10-29,Tuesday,False,20.0,False,False,Cookies,49,4,20
2024-10-29,Tuesday,False,20.0,False,False,Muffin,27,3,55
2024-10-30,Wednesday,False,21.0,False,False,Cake,12,0,400
2024-10-30,Wednesday,False,21.0,False,False,Cupcake,22,1,60
2024-10-30,Wednesday,False,21.0,False,False,Jar Cake,25,3,120
2024-10-30,Wednesday,False,21.0,False,False,Chocolate,38,2,25
2024-10-30,Wednesday,False,21.0,False,False,Brownie,42,4,70
2024-10-30,Wednesday,False,21.0,False,False,Croissant,65,10,40
2024-10-30,Wednesday,False,21.0,False,False,Cookies,40,6,20
2024-10-30,Wednesday,False,21.0,False,False,Muffin,25,2,55
2024-10-31,Thursday,False,17.4,False,True,Cake,27,3,400
2024-10-31,Thursday,False,17.4,False,True,Cupcake,26,3,60
2024-10-31,Thursday,False,17.4,False,True,Jar Cake,25,2,120
2024-10-31,Thursday,False,17.4,False,True,Chocolate,87,14,25
2024-10-31,Thursday,False,17.4,False,True,Brownie,52,6,70
2024-10-31,Thursday,False,17.4,False,True,Croissant,61,3,40
2024-10-31,Thursday,False,17.4,False,True,Cookies,78,12,20
2024-10-31,Thursday,False,17.4,False,True,Muffin,35,3,55
2024-11-01,Friday,False,18.1,False,True,Cake,31,3,400
2024-11-01,Friday,False,18.1,False,True,Cupcake,41,6,60
2024-11-01,Friday,False,18.1,False,True,Jar Cake,27,2,120
2024-11-01,Friday,False,18.1,False,True,Chocolate,75,4,25
2024-11-01,Friday,False,18.1,False,True,Brownie,54,6,70
2024-11-01,Friday,False,18.1,False,True,Croissant,78,4,40
2024-11-01,Friday,False,18.1,False,True,Cookies,109,14,20
2024-11-01,Friday,False,18.1,False,True,Muffin,42,6,55
2024-11-02,Saturday,True,17.2,False,False,Cake,25,3,400
2024-11-02,Saturday,True,17.2,False,False,Cupcake,61,7,60
2024-11-02,Saturday,True,17.2,False,False,Jar Cake,33,4,120
2024-11-02,Saturday,True,17.2,False,False,Chocolate,68,12,25
2024-11-02,Saturday,True,17.2,False,False,Brownie,60,11,70
2024-11-02,Saturday,True,17.2,False,False,Croissant,73,8,40
2024-11-02,Saturday,True,17.2,False,False,Cookies,70,13,20
2024-11-02,Saturday,True,17.2,False,False,Muffin,35,4,55
2024-11-03,Sunday,True,16.5,False,False,Cake,24,3,400
2024-11-03,Sunday,True,16.5,False,False,Cupcake,44,6,60
2024-11-03,Sunday,True,16.5,False,False,Jar Cake,32,6,120
2024-11-03,Sunday,True,16.5,False,False,Chocolate,54,6,25
2024-11-03,Sunday,True,16.5,False,False,Brownie,57,6,70
2024-11-03,Sunday,True,16.5,False,False,Croissant,77,9,40
2024-11-03,Sunday,True,16.5,False,False,Cookies,57,4,20
2024-11-03,Sunday,True,16.5,False,False,Muffin,42,4,55
2024-11-04,Monday,False,18.3,False,False,Cake,11,1,400
2024-11-04,Monday,False,18.3,False,False,Cupcake,31,1,60
2024-11-04,Monday,False,18.3,False,False,Jar Cake,16,1,120
2024-11-04,Monday,False,18.3,False,False,Chocolate,35,4,25
2024-11-04,Monday,False,18.3,False,False,Brownie,43,6,70
2024-11-04,Monday,False,18.3,False,False,Croissant,61,9,40
2024-11-04,Monday,False,18.3,False,False,Cookies,39,7,20
2024-11-04,Monday,False,18.3,False,False,Muffin,33,6,55
2024-11-05,Tuesday,False,19.2,False,False,Cake,16,3,400
2024-11-05,Tuesday,False,19.2,False,False,Cupcake,24,3,60
2024-11-05,Tuesday,False,19.2,False,False,Jar Cake,30,5,120
2024-11-05,Tuesday,False,19.2,False,False,Chocolate,53,5,25
2024-11-05,Tuesday,False,19.2,False,False,Brownie,46,8,70
2024-11-05,Tuesday,False,19.2,False,False,Croissant,46,6,40
2024-11-05,Tuesday,False,19.2,False,False,Cookies,51,9,20
2024-11-05,Tuesday,False,19.2,False,False,Muffin,40,7,55
2024-11-06,Wednesday,False,20.5,False,False,Cake,10,1,400
2024-11-06,Wednesday,False,20.5,False,False,Cupcake,39,2,60
2024-11-06,Wednesday,False,20.5,False,False,Jar Cake,17,2,120
2024-11-06,Wednesday,False,20.5,False,False,Chocolate,37,5,25
2024-11-06,Wednesday,False,20.5,False,False,Brownie,49,9,70
2024-11-06,Wednesday,False,20.5,False,False,Croissant,56,4,40
2024-11-06,Wednesday,False,20.5,False,False,Cookies,46,6,20
2024-11-06,Wednesday,False,20.5,False,False,Muffin,26,4,55
2024-11-07,Thursday,False,16.1,False,False,Cake,12,1,400
2024-11-07,Thursday,False,16.1,False,False,Cupcake,27,3,60
2024-11-07,Thursday,False,16.1,False,False,Jar Cake,28,4,120
2024-11-07,Thursday,False,16.1,False,False,Chocolate,25,2,25
2024-11-07,Thursday,False,16.1,False,False,Brownie,37,3,70
2024-11-07,Thursday,False,16.1,False,False,Croissant,57,6,40
2024-11-07,Thursday,False,16.1,False,False,Cookies,55,5,20
2024-11-07,Thursday,False,16.1,False,False,Muffin,31,1,55
2024-11-08,Friday,False,18.6,False,False,Cake,9,1,400
2024-11-08,Friday,False,18.6,False,False,Cupcake,37,4,60
2024-11-08,Friday,False,18.6,False,False,Jar Cake,20,2,120
2024-11-08,Friday,False,18.6,False,False,Chocolate,41,7,25
2024-11-08,Friday,False,18.6,False,False,Brownie,55,9,70
2024-11-08,Friday,False,18.6,False,False,Croissant,72,6,40
2024-11-08,Friday,False,18.6,False,False,Cookies,50,6,20
2024-11-08,Friday,False,18.6,False,False,Muffin,34,2,55
2024-11-09,Saturday,True,17.0,False,False,Cake,15,1,400
2024-11-09,Saturday,True,17.0,False,False,Cupcake,44,4,60
2024-11-09,Saturday,True,17.0,False,False,Jar Cake,35,5,120
2024-11-09,Saturday,True,17.0,False,False,Chocolate,51,8,25
2024-11-09,Saturday,True,17.0,False,False,Brownie,63,4,70
2024-11-09,Saturday,True,17.0,False,False,Croissant,94,7,40
2024-11-09,Saturday,True,17.0,False,False,Cookies,63,9,20
2024-11-09,Saturday,True,17.0,False,False,Muffin,46,7,55
2024-11-10,Sunday,True,14.6,False,False,Cake,20,2,400
2024-11-10,Sunday,True,14.6,False,False,Cupcake,55,3,60
2024-11-10,Sunday,True,14.6,False,False,Jar Cake,41,7,120
2024-11-10,Sunday,True,14.6,False,False,Chocolate,43,7,25
2024-11-10,Sunday,True,14.6,False,False,Brownie,53,8,70
2024-11-10,Sunday,True,14.6,False,False,Croissant,86,15,40
2024-11-10,Sunday,True,14.6,False,False,Cookies,72,12,20
2024-11-10,Sunday,True,14.6,False,False,Muffin,39,3,55
2024-11-11,Monday,False,16.0,False,False,Cake,15,2,400
2024-11-11,Monday,False,16.0,False,False,Cupcake,36,2,60
2024-11-11,Monday,False,16.0,False,False,Jar Cake,16,2,120
2024-11-11,Monday,False,16.0,False,False,Chocolate,38,3,25
2024-11-11,Monday,False,16.0,False,False,Brownie,46,5,70
2024-11-11,Monday,False,16.0,False,False,Croissant,51,6,40
2024-11-11,Monday,False,16.0,False,False,Cookies,44,4,20
2024-11-11,Monday,False,16.0,False,False,Muffin,29,1,55
2024-11-12,Tuesday,False,14.7,False,False,Cake,13,1,400
2024-11-12,Tuesday,False,14.7,False,False,Cupcake,30,2,60
2024-11-12,Tuesday,False,14.7,False,False,Jar Cake,25,3,120
2024-11-12,Tuesday,False,14.7,False,False,Chocolate,45,5,25
2024-11-12,Tuesday,False,14.7,False,False,Brownie,33,2,70
2024-11-12,Tuesday,False,14.7,False,False,Croissant,57,10,40
2024-11-12,Tuesday,False,14.7,False,False,Cookies,51,5,20
2024-11-12,Tuesday,False,14.7,False,False,Muffin,42,3,55
2024-11-13,Wednesday,False,18.9,False,False,Cake,14,2,400
2024-11-13,Wednesday,False,18.9,False,False,Cupcake,29,2,60
2024-11-13,Wednesday,False,18.9,False,False,Jar Cake,22,3,120
2024-11-13,Wednesday,False,18.9,False,False,Chocolate,35,5,25
2024-11-13,Wednesday,False,18.9,False,False,Brownie,38,3,70
2024-11-13,Wednesday,False,18.9,False,False,Croissant,54,3,40
2024-11-13,Wednesday,False,18.9,False,False,Cookies,46,5,20
2024-11-13,Wednesday,False,18.9,False,False,Muffin,32,2,55
2024-11-14,Thursday,False,15.9,False,False,Cake,20,2,400
2024-11-14,Thursday,False,15.9,False,False,Cupcake,38,6,60
2024-11-14,Thursday,False,15.9,False,False,Jar Cake,25,4,120
2024-11-14,Thursday,False,15.9,False,False,Chocolate,51,6,25
2024-11-14,Thursday,False,15.9,False,False,Brownie,42,6,70
2024-11-14,Thursday,False,15.9,False,False,Croissant,67,12,40
2024-11-14,Thursday,False,15.9,False,False,Cookies,60,3,20
2024-11-14,Thursday,False,15.9,False,False,Muffin,22,3,55
2024-11-15,Friday,False,17.9,False,False,Cake,21,1,400
2024-11-15,Friday,False,17.9,False,False,Cupcake,29,3,60
2024-11-15,Friday,False,17.9,False,False,Jar Cake,25,2,120
2024-11-15,Friday,False,17.9,False,False,Chocolate,33,3,25
2024-11-15,Friday,False,17.9,False,False,Brownie,45,8,70
2024-11-15,Friday,False,17.9,False,False,Croissant,49,7,40
2024-11-15,Friday,False,17.9,False,False,Cookies,51,5,20
2024-11-15,Friday,False,17.9,False,False,Muffin,29,4,55
2024-11-16,Saturday,True,14.9,False,False,Cake,21,3,400
2024-11-16,Saturday,True,14.9,False,False,Cupcake,50,6,60
2024-11-16,Saturday,True,14.9,False,False,Jar Cake,38,4,120
2024-11-16,Saturday,True,14.9,False,False,Chocolate,50,9,25
2024-11-16,Saturday,True,14.9,False,False,Brownie,65,7,70
2024-11-16,Saturday,True,14.9,False,False,Croissant,89,17,40
2024-11-16,Saturday,True,14.9,False,False,Cookies,86,16,20
2024-11-16,Saturday,True,14.9,False,False,Muffin,38,4,55
2024-11-17,Sunday,True,15.5,False,False,Cake,22,1,400
2024-11-17,Sunday,True,15.5,False,False,Cupcake,49,4,60
2024-11-17,Sunday,True,15.5,False,False,Jar Cake,31,3,120
2024-11-17,Sunday,True,15.5,False,False,Chocolate,43,2,25
2024-11-17,Sunday,True,15.5,False,False,Brownie,60,4,70
2024-11-17,Sunday,True,15.5,False,False,Croissant,95,13,40
2024-11-17,Sunday,True,15.5,False,False,Cookies,71,4,20
2024-11-17,Sunday,True,15.5,False,False,Muffin,41,5,55
2024-11-18,Monday,False,17.1,False,False,Cake,13,2,400
2024-11-18,Monday,False,17.1,False,False,Cupcake,35,3,60
2024-11-18,Monday,False,17.1,False,False,Jar Cake,17,0,120
2024-11-18,Monday,False,17.1,False,False,Chocolate,38,5,25
2024-11-18,Monday,False,17.1,False,False,Brownie,50,4,70
2024-11-18,Monday,False,17.1,False,False,Croissant,51,3,40
2024-11-18,Monday,False,17.1,False,False,Cookies,57,6,20
2024-11-18,Monday,False,17.1,False,False,Muffin,28,3,55
2024-11-19,Tuesday,False,20.1,False,False,Cake,18,1,400
2024-11-19,Tuesday,False,20.1,False,False,Cupcake,33,3,60
2024-11-19,Tuesday,False,20.1,False,False,Jar Cake,21,1,120
2024-11-19,Tuesday,False,20.1,False,False,Chocolate,45,2,25
2024-11-19,Tuesday,False,20.1,False,False,Brownie,48,8,70
2024-11-19,Tuesday,False,20.1,False,False,Croissant,56,8,40
2024-11-19,Tuesday,False,20.1,False,False,Cookies,54,10,20
2024-11-19,Tuesday,False,20.1,False,False,Muffin,37,7,55
2024-11-20,Wednesday,False,14.5,False,False,Cake,8,1,400
2024-11-20,Wednesday,False,14.5,False,False,Cupcake,33,4,60
2024-11-20,Wednesday,False,14.5,False,False,Jar Cake,32,3,120
2024-11-20,Wednesday,False,14.5,False,False,Chocolate,33,2,25
2024-11-20,Wednesday,False,14.5,False,False,Brownie,48,3,70
2024-11-20,Wednesday,False,14.5,False,False,Croissant,71,8,40
2024-11-20,Wednesday,False,14.5,False,False,Cookies,50,3,20
2024-11-20,Wednesday,False,14.5,False,False,Muffin,28,4,55
2024-11-21,Thursday,False,17.3,False,False,Cake,16,1,400
2024-11-21,Thursday,False,17.3,False,False,Cupcake,28,2,60
2024-11-21,Thursday,False,17.3,False,False,Jar Cake,25,4,120
2024-11-21,Thursday,False,17.3,False,False,Chocolate,34,5,25
2024-11-21,Thursday,False,17.3,False,False,Brownie,46,4,70
2024-11-21,Thursday,False,17.3,False,False,Croissant,37,5,40
2024-11-21,Thursday,False,17.3,False,False,Cookies,34,5,20
2024-11-21,Thursday,False,17.3,False,False,Muffin,35,5,55
2024-11-22,Friday,False,13.8,False,False,Cake,8,0,400
2024-11-22,Friday,False,13.8,False,False,Cupcake,35,3,60
2024-11-22,Friday,False,13.8,False,False,Jar Cake,30,3,120
2024-11-22,Friday,False,13.8,False,False,Chocolate,36,3,25
2024-11-22,Friday,False,13.8,False,False,Brownie,44,7,70
2024-11-22,Friday,False,13.8,False,False,Croissant,55,4,40
2024-11-22,Friday,False,13.8,False,False,Cookies,55,9,20
2024-11-22,Friday,False,13.8,False,False,Muffin,35,5,55
2024-11-23,Saturday,True,15.2,False,False,Cake,18,0,400
2024-11-23,Saturday,True,15.2,False,False,Cupcake,46,6,60
2024-11-23,Saturday,True,15.2,False,False,Jar Cake,28,2,120
2024-11-23,Saturday,True,15.2,False,False,Chocolate,48,5,25
2024-11-23,Saturday,True,15.2,False,False,Brownie,54,4,70
2024-11-23,Saturday,True,15.2,False,False,Croissant,82,9,40
2024-11-23,Saturday,True,15.2,False,False,Cookies,73,5,20
2024-11-23,Saturday,True,15.2,False,False,Muffin,34,2,55
2024-11-24,Sunday,True,16.7,False,False,Cake,24,3,400
2024-11-24,Sunday,True,16.7,False,False,Cupcake,51,4,60
2024-11-24,Sunday,True,16.7,False,False,Jar Cake,36,1,120
2024-11-24,Sunday,True,16.7,False,False,Chocolate,63,5,25
2024-11-24,Sunday,True,16.7,False,False,Brownie,65,6,70
2024-11-24,Sunday,True,16.7,False,False,Croissant,72,8,40
2024-11-24,Sunday,True,16.7,False,False,Cookies,74,6,20
2024-11-24,Sunday,True,16.7,False,False,Muffin,34,6,55
2024-11-25,Monday,False,14.6,False,False,Cake,20,2,400
2024-11-25,Monday,False,14.6,False,False,Cupcake,29,2,60
2024-11-25,Monday,False,14.6,False,False,Jar Cake,19,3,120
2024-11-25,Monday,False,14.6,False,False,Chocolate,39,7,25
2024-11-25,Monday,False,14.6,False,False,Brownie,43,4,70
2024-11-25,Monday,False,14.6,False,False,Croissant,54,10,40
2024-11-25,Monday,False,14.6,False,False,Cookies,51,3,20
2024-11-25,Monday,False,14.6,False,False,Muffin,25,1,55
2024-11-26,Tuesday,False,16.0,True,False,Cake,10,1,400
2024-11-26,Tuesday,False,16.0,True,False,Cupcake,39,4,60
2024-11-26,Tuesday,False,16.0,True,False,Jar Cake,17,2,120
2024-11-26,Tuesday,False,16.0,True,False,Chocolate,35,5,25
2024-11-26,Tuesday,False,16.0,True,False,Brownie,39,6,70
2024-11-26,Tuesday,False,16.0,True,False,Croissant,42,8,40
2024-11-26,Tuesday,False,16.0,True,False,Cookies,46,5,20
2024-11-26,Tuesday,False,16.0,True,False,Muffin,23,3,55
2024-11-27,Wednesday,False,12.3,False,False,Cake,17,2,400
2024-11-27,Wednesday,False,12.3,False,False,Cupcake,41,5,60
2024-11-27,Wednesday,False,12.3,False,False,Jar Cake,29,3,120
2024-11-27,Wednesday,False,12.3,False,False,Chocolate,49,9,25
2024-11-27,Wednesday,False,12.3,False,False,Brownie,36,6,70
2024-11-27,Wednesday,False,12.3,False,False,Croissant,50,8,40
2024-11-27,Wednesday,False,12.3,False,False,Cookies,45,3,20
2024-11-27,Wednesday,False,12.3,False,False,Muffin,28,2,55
2024-11-28,Thursday,False,15.8,False,False,Cake,27,3,400
2024-11-28,Thursday,False,15.8,False,False,Cupcake,42,2,60
2024-11-28,Thursday,False,15.8,False,False,Jar Cake,26,1,120
2024-11-28,Thursday,False,15.8,False,False,Chocolate,48,9,25
2024-11-28,Thursday,False,15.8,False,False,Brownie,52,2,70
2024-11-28,Thursday,False,15.8,False,False,Croissant,55,10,40
2024-11-28,Thursday,False,15.8,False,False,Cookies,42,5,20
2024-11-28,Thursday,False,15.8,False,False,Muffin,26,3,55
2024-11-29,Friday,False,20.8,False,False,Cake,7,1,400
2024-11-29,Friday,False,20.8,False,False,Cupcake,36,4,60
2024-11-29,Friday,False,20.8,False,False,Jar Cake,23,1,120
2024-11-29,Friday,False,20.8,False,False,Chocolate,43,7,25
2024-11-29,Friday,False,20.8,False,False,Brownie,38,5,70
2024-11-29,Friday,False,20.8,False,False,Croissant,44,6,40
2024-11-29,Friday,False,20.8,False,False,Cookies,55,8,20
2024-11-29,Friday,False,20.8,False,False,Muffin,33,1,55
2024-11-30,Saturday,True,15.4,False,False,Cake,21,2,400
2024-11-30,Saturday,True,15.4,False,False,Cupcake,55,4,60
2024-11-30,Saturday,True,15.4,False,False,Jar Cake,43,6,120
2024-11-30,Saturday,True,15.4,False,False,Chocolate,53,3,25
2024-11-30,Saturday,True,15.4,False,False,Brownie,54,6,70
2024-11-30,Saturday,True,15.4,False,False,Croissant,70,9,40
2024-11-30,Saturday,True,15.4,False,False,Cookies,70,4,20
2024-11-30,Saturday,True,15.4,False,False,Muffin,47,3,55
2024-12-01,Sunday,True,15.0,True,False,Cake,15,1,400
2024-12-01,Sunday,True,15.0,True,False,Cupcake,43,6,60
2024-12-01,Sunday,True,15.0,True,False,Jar Cake,39,2,120
2024-12-01,Sunday,True,15.0,True,False,Chocolate,49,4,25
2024-12-01,Sunday,True,15.0,True,False,Brownie,48,6,70
2024-12-01,Sunday,True,15.0,True,False,Croissant,63,9,40
2024-12-01,Sunday,True,15.0,True,False,Cookies,55,4,20
2024-12-01,Sunday,True,15.0,True,False,Muffin,32,5,55
2024-12-02,Monday,False,13.1,False,False,Cake,16,2,400
2024-12-02,Monday,False,13.1,False,False,Cupcake,35,5,60
2024-12-02,Monday,False,13.1,False,False,Jar Cake,18,1,120
2024-12-02,Monday,False,13.1,False,False,Chocolate,55,6,25
2024-12-02,Monday,False,13.1,False,False,Brownie,38,6,70
2024-12-02,Monday,False,13.1,False,False,Croissant,73,7,40
2024-12-02,Monday,False,13.1,False,False,Cookies,52,9,20
2024-12-02,Monday,False,13.1,False,False,Muffin,37,3,55
2024-12-03,Tuesday,False,16.8,False,False,Cake,14,1,400
2024-12-03,Tuesday,False,16.8,False,False,Cupcake,41,7,60
2024-12-03,Tuesday,False,16.8,False,False,Jar Cake,23,2,120
2024-12-03,Tuesday,False,16.8,False,False,Chocolate,37,5,25
2024-12-03,Tuesday,False,16.8,False,False,Brownie,44,2,70
2024-12-03,Tuesday,False,16.8,False,False,Croissant,59,9,40
2024-12-03,Tuesday,False,16.8,False,False,Cookies,60,11,20
2024-12-03,Tuesday,False,16.8,False,False,Muffin,27,1,55
2024-12-04,Wednesday,False,14.8,False,False,Cake,21,3,400
2024-12-04,Wednesday,False,14.8,False,False,Cupcake,38,6,60
2024-12-04,Wednesday,False,14.8,False,False,Jar Cake,22,1,120
2024-12-04,Wednesday,False,14.8,False,False,Chocolate,51,4,25
2024-12-04,Wednesday,False,14.8,False,False,Brownie,46,6,70
2024-12-04,Wednesday,False,14.8,False,False,Croissant,50,8,40
2024-12-04,Wednesday,False,14.8,False,False,Cookies,49,5,20
2024-12-04,Wednesday,False,14.8,False,False,Muffin,30,3,55
2024-12-05,Thursday,False,14.4,False,False,Cake,15,1,400
2024-12-05,Thursday,False,14.4,False,False,Cupcake,30,4,60
2024-12-05,Thursday,False,14.4,False,False,Jar Cake,28,3,120
2024-12-05,Thursday,False,14.4,False,False,Chocolate,46,4,25
2024-12-05,Thursday,False,14.4,False,False,Brownie,38,2,70
2024-12-05,Thursday,False,14.4,False,False,Croissant,57,7,40
2024-12-05,Thursday,False,14.4,False,False,Cookies,55,8,20
2024-12-05,Thursday,False,14.4,False,False,Muffin,25,1,55
2024-12-06,Friday,False,17.3,False,False,Cake,14,2,400
2024-12-06,Friday,False,17.3,False,False,Cupcake,30,5,60
2024-12-06,Friday,False,17.3,False,False,Jar Cake,22,1,120
2024-12-06,Friday,False,17.3,False,False,Chocolate,35,3,25
2024-12-06,Friday,False,17.3,False,False,Brownie,37,2,70
2024-12-06,Friday,False,17.3,False,False,Croissant,61,3,40
2024-12-06,Friday,False,17.3,False,False,Cookies,42,5,20
2024-12-06,Friday,False,17.3,False,False,Muffin,21,1,55
2024-12-07,Saturday,True,14.4,False,False,Cake,27,1,400
2024-12-07,Saturday,True,14.4,False,False,Cupcake,54,9,60
2024-12-07,Saturday,True,14.4,False,False,Jar Cake,35,6,120
2024-12-07,Saturday,True,14.4,False,False,Chocolate,48,5,25
2024-12-07,Saturday,True,14.4,False,False,Brownie,41,2,70
2024-12-07,Saturday,True,14.4,False,False,Croissant,80,10,40
2024-12-07,Saturday,True,14.4,False,False,Cookies,82,11,20
2024-12-07,Saturday,True,14.4,False,False,Muffin,46,5,55
2024-12-08,Sunday,True,14.5,False,False,Cake,16,0,400
2024-12-08,Sunday,True,14.5,False,False,Cupcake,54,4,60
2024-12-08,Sunday,True,14.5,False,False,Jar Cake,29,5,120
2024-12-08,Sunday,True,14.5,False,False,Chocolate,55,6,25
2024-12-08,Sunday,True,14.5,False,False,Brownie,58,3,70
2024-12-08,Sunday,True,14.5,False,False,Croissant,74,9,40
2024-12-08,Sunday,True,14.5,False,False,Cookies,66,4,20
2024-12-08,Sunday,True,14.5,False,False,Muffin,41,3,55
2024-12-09,Monday,False,17.2,True,False,Cake,16,2,400
2024-12-09,Monday,False,17.2,True,False,Cupcake,34,4,60
2024-12-09,Monday,False,17.2,True,False,Jar Cake,20,2,120
2024-12-09,Monday,False,17.2,True,False,Chocolate,34,6,25
2024-12-09,Monday,False,17.2,True,False,Brownie,31,4,70
2024-12-09,Monday,False,17.2,True,False,Croissant,44,8,40
2024-12-09,Monday,False,17.2,True,False,Cookies,47,3,20
2024-12-09,Monday,False,17.2,True,False,Muffin,21,1,55
2024-12-10,Tuesday,False,13.0,False,False,Cake,11,0,400
2024-12-10,Tuesday,False,13.0,False,False,Cupcake,27,5,60
2024-12-10,Tuesday,False,13.0,False,False,Jar Cake,30,2,120
2024-12-10,Tuesday,False,13.0,False,False,Chocolate,41,6,25
2024-12-10,Tuesday,False,13.0,False,False,Brownie,40,5,70
2024-12-10,Tuesday,False,13.0,False,False,Croissant,61,4,40
2024-12-10,Tuesday,False,13.0,False,False,Cookies,45,4,20
2024-12-10,Tuesday,False,13.0,False,False,Muffin,37,6,55
2024-12-11,Wednesday,False,12.7,False,False,Cake,18,3,400
2024-12-11,Wednesday,False,12.7,False,False,Cupcake,31,2,60
2024-12-11,Wednesday,False,12.7,False,False,Jar Cake,25,2,120
2024-12-11,Wednesday,False,12.7,False,False,Chocolate,58,9,25
2024-12-11,Wednesday,False,12.7,False,False,Brownie,49,2,70
2024-12-11,Wednesday,False,12.7,False,False,Croissant,54,2,40
2024-12-11,Wednesday,False,12.7,False,False,Cookies,52,9,20
2024-12-11,Wednesday,False,12.7,False,False,Muffin,21,3,55
2024-12-12,Thursday,False,15.9,False,False,Cake,14,1,400
2024-12-12,Thursday,False,15.9,False,False,Cupcake,33,6,60
2024-12-12,Thursday,False,15.9,False,False,Jar Cake,25,4,120
2024-12-12,Thursday,False,15.9,False,False,Chocolate,37,4,25
2024-12-12,Thursday,False,15.9,False,False,Brownie,42,7,70
2024-12-12,Thursday,False,15.9,False,False,Croissant,45,5,40
2024-12-12,Thursday,False,15.9,False,False,Cookies,39,2,20
2024-12-12,Thursday,False,15.9,False,False,Muffin,30,2,55
2024-12-13,Friday,False,15.4,False,False,Cake,20,1,400
2024-12-13,Friday,False,15.4,False,False,Cupcake,41,8,60
2024-12-13,Friday,False,15.4,False,False,Jar Cake,21,3,120
2024-12-13,Friday,False,15.4,False,False,Chocolate,35,3,25
2024-12-13,Friday,False,15.4,False,False,Brownie,61,9,70
2024-12-13,Friday,False,15.4,False,False,Croissant,57,4,40
2024-12-13,Friday,False,15.4,False,False,Cookies,54,7,20
2024-12-13,Friday,False,15.4,False,False,Muffin,25,2,55
2024-12-14,Saturday,True,17.2,False,False,Cake,21,3,400
2024-12-14,Saturday,True,17.2,False,False,Cupcake,39,3,60
2024-12-14,Saturday,True,17.2,False,False,Jar Cake,32,5,120
2024-12-14,Saturday,True,17.2,False,False,Chocolate,44,3,25
2024-12-14,Saturday,True,17.2,False,False,Brownie,59,11,70
2024-12-14,Saturday,True,17.2,False,False,Croissant,76,10,40
2024-12-14,Saturday,True,17.2,False,False,Cookies,72,12,20
2024-12-14,Saturday,True,17.2,False,False,Muffin,39,6,55
2024-12-15,Sunday,True,15.0,False,False,Cake,13,2,400
2024-12-15,Sunday,True,15.0,False,False,Cupcake,56,5,60
2024-12-15,Sunday,True,15.0,False,False,Jar Cake,40,5,120
2024-12-15,Sunday,True,15.0,False,False,Chocolate,56,10,25
2024-12-15,Sunday,True,15.0,False,False,Brownie,61,12,70
2024-12-15,Sunday,True,15.0,False,False,Croissant,76,9,40
2024-12-15,Sunday,True,15.0,False,False,Cookies,76,12,20
2024-12-15,Sunday,True,15.0,False,False,Muffin,44,7,55
2024-12-16,Monday,False,14.9,False,False,Cake,15,1,400
2024-12-16,Monday,False,14.9,False,False,Cupcake,35,4,60
2024-12-16,Monday,False,14.9,False,False,Jar Cake,25,2,120
2024-12-16,Monday,False,14.9,False,False,Chocolate,33,6,25
2024-12-16,Monday,False,14.9,False,False,Brownie,37,5,70
2024-12-16,Monday,False,14.9,False,False,Croissant,59,9,40
2024-12-16,Monday,False,14.9,False,False,Cookies,56,5,20
2024-12-16,Monday,False,14.9,False,False,Muffin,33,3,55
2024-12-17,Tuesday,False,15.2,False,False,Cake,11,1,400
2024-12-17,Tuesday,False,15.2,False,False,Cupcake,32,5,60
2024-12-17,Tuesday,False,15.2,False,False,Jar Cake,22,1,120
2024-12-17,Tuesday,False,15.2,False,False,Chocolate,47,2,25
2024-12-17,Tuesday,False,15.2,False,False,Brownie,48,8,70
2024-12-17,Tuesday,False,15.2,False,False,Croissant,53,6,40
2024-12-17,Tuesday,False,15.2,False,False,Cookies,49,7,20
2024-12-17,Tuesday,False,15.2,False,False,Muffin,34,6,55
2024-12-18,Wednesday,False,16.8,False,False,Cake,17,3,400
2024-12-18,Wednesday,False,16.8,False,False,Cupcake,41,3,60
2024-12-18,Wednesday,False,16.8,False,False,Jar Cake,23,2,120
2024-12-18,Wednesday,False,16.8,False,False,Chocolate,40,7,25
2024-12-18,Wednesday,False,16.8,False,False,Brownie,56,5,70
2024-12-18,Wednesday,False,16.8,False,False,Croissant,55,9,40
2024-12-18,Wednesday,False,16.8,False,False,Cookies,50,8,20
2024-12-18,Wednesday,False,16.8,False,False,Muffin,35,5,55
2024-12-19,Thursday,False,13.0,False,False,Cake,12,1,400
2024-12-19,Thursday,False,13.0,False,False,Cupcake,32,4,60
2024-12-19,Thursday,False,13.0,False,False,Jar Cake,29,1,120
2024-12-19,Thursday,False,13.0,False,False,Chocolate,48,9,25
2024-12-19,Thursday,False,13.0,False,False,Brownie,47,4,70
2024-12-19,Thursday,False,13.0,False,False,Croissant,47,3,40
2024-12-19,Thursday,False,13.0,False,False,Cookies,51,4,20
2024-12-19,Thursday,False,13.0,False,False,Muffin,15,0,55
2024-12-20,Friday,False,13.3,False,False,Cake,14,1,400
2024-12-20,Friday,False,13.3,False,False,Cupcake,39,2,60
2024-12-20,Friday,False,13.3,False,False,Jar Cake,26,3,120
2024-12-20,Friday,False,13.3,False,False,Chocolate,43,6,25
2024-12-20,Friday,False,13.3,False,False,Brownie,46,7,70
2024-12-20,Friday,False,13.3,False,False,Croissant,57,10,40
2024-12-20,Friday,False,13.3,False,False,Cookies,49,8,20
2024-12-20,Friday,False,13.3,False,False,Muffin,31,5,55
2024-12-21,Saturday,True,17.3,True,False,Cake,20,3,400
2024-12-21,Saturday,True,17.3,True,False,Cupcake,27,3,60
2024-12-21,Saturday,True,17.3,True,False,Jar Cake,26,3,120
2024-12-21,Saturday,True,17.3,True,False,Chocolate,45,6,25
2024-12-21,Saturday,True,17.3,True,False,Brownie,57,10,70
2024-12-21,Saturday,True,17.3,True,False,Croissant,62,11,40
2024-12-21,Saturday,True,17.3,True,False,Cookies,53,6,20
2024-12-21,Saturday,True,17.3,True,False,Muffin,33,4,55
2024-12-22,Sunday,True,15.1,False,False,Cake,26,5,400
2024-12-22,Sunday,True,15.1,False,False,Cupcake,36,2,60
2024-12-22,Sunday,True,15.1,False,False,Jar Cake,37,4,120
2024-12-22,Sunday,True,15.1,False,False,Chocolate,67,9,25
2024-12-22,Sunday,True,15.1,False,False,Brownie,70,7,70
2024-12-22,Sunday,True,15.1,False,False,Croissant,64,7,40
2024-12-22,Sunday,True,15.1,False,False,Cookies,69,6,20
2024-12-22,Sunday,True,15.1,False,False,Muffin,47,7,55
2024-12-23,Monday,False,18.4,False,False,Cake,14,2,400
2024-12-23,Monday,False,18.4,False,False,Cupcake,39,5,60
2024-12-23,Monday,False,18.4,False,False,Jar Cake,17,1,120
2024-12-23,Monday,False,18.4,False,False,Chocolate,34,6,25
2024-12-23,Monday,False,18.4,False,False,Brownie,43,6,70
2024-12-23,Monday,False,18.4,False,False,Croissant,66,11,40
2024-12-23,Monday,False,18.4,False,False,Cookies,51,3,20
2024-12-23,Monday,False,18.4,False,False,Muffin,27,3,55
2024-12-24,Tuesday,False,14.7,False,False,Cake,12,2,400
2024-12-24,Tuesday,False,14.7,False,False,Cupcake,42,3,60
2024-12-24,Tuesday,False,14.7,False,False,Jar Cake,25,4,120
2024-12-24,Tuesday,False,14.7,False,False,Chocolate,34,3,25
2024-12-24,Tuesday,False,14.7,False,False,Brownie,62,10,70
2024-12-24,Tuesday,False,14.7,False,False,Croissant,62,8,40
2024-12-24,Tuesday,False,14.7,False,False,Cookies,60,11,20
2024-12-24,Tuesday,False,14.7,False,False,Muffin,25,4,55
2024-12-25,Wednesday,False,14.6,False,True,Cake,37,6,400
2024-12-25,Wednesday,False,14.6,False,True,Cupcake,43,8,60
2024-12-25,Wednesday,False,14.6,False,True,Jar Cake,29,3,120
2024-12-25,Wednesday,False,14.6,False,True,Chocolate,74,4,25
2024-12-25,Wednesday,False,14.6,False,True,Brownie,64,8,70
2024-12-25,Wednesday,False,14.6,False,True,Croissant,57,4,40
2024-12-25,Wednesday,False,14.6,False,True,Cookies,96,17,20
2024-12-25,Wednesday,False,14.6,False,True,Muffin,30,2,55
2024-12-26,Thursday,False,15.7,False,False,Cake,12,2,400
2024-12-26,Thursday,False,15.7,False,False,Cupcake,30,3,60
2024-12-26,Thursday,False,15.7,False,False,Jar Cake,22,1,120
2024-12-26,Thursday,False,15.7,False,False,Chocolate,46,7,25
2024-12-26,Thursday,False,15.7,False,False,Brownie,44,4,70
2024-12-26,Thursday,False,15.7,False,False,Croissant,48,3,40
2024-12-26,Thursday,False,15.7,False,False,Cookies,52,6,20
2024-12-26,Thursday,False,15.7,False,False,Muffin,33,4,55
2024-12-27,Friday,False,17.0,False,False,Cake,27,2,400
2024-12-27,Friday,False,17.0,False,False,Cupcake,29,2,60
2024-12-27,Friday,False,17.0,False,False,Jar Cake,28,3,120
2024-12-27,Friday,False,17.0,False,False,Chocolate,49,5,25
2024-12-27,Friday,False,17.0,False,False,Brownie,42,3,70
2024-12-27,Friday,False,17.0,False,False,Croissant,59,10,40
2024-12-27,Friday,False,17.0,False,False,Cookies,56,5,20
2024-12-27,Friday,False,17.0,False,False,Muffin,25,3,55
2024-12-28,Saturday,True,13.8,False,False,Cake,24,3,400
2024-12-28,Saturday,True,13.8,False,False,Cupcake,46,8,60
2024-12-28,Saturday,True,13.8,False,False,Jar Cake,41,2,120
2024-12-28,Saturday,True,13.8,False,False,Chocolate,52,6,25
2024-12-28,Saturday,True,13.8,False,False,Brownie,64,9,70
2024-12-28,Saturday,True,13.8,False,False,Croissant,67,6,40
2024-12-28,Saturday,True,13.8,False,False,Cookies,73,8,20
2024-12-28,Saturday,True,13.8,False,False,Muffin,44,7,55
2024-12-29,Sunday,True,14.0,False,False,Cake,21,2,400
2024-12-29,Sunday,True,14.0,False,False,Cupcake,49,7,60
2024-12-29,Sunday,True,14.0,False,False,Jar Cake,33,2,120
2024-12-29,Sunday,True,14.0,False,False,Chocolate,60,4,25
2024-12-29,Sunday,True,14.0,False,False,Brownie,80,15,70
2024-12-29,Sunday,True,14.0,False,False,Croissant,81,5,40
2024-12-29,Sunday,True,14.0,False,False,Cookies,60,9,20
2024-12-29,Sunday,True,14.0,False,False,Muffin,37,3,55
2024-12-30,Monday,False,14.7,False,False,Cake,13,1,400
2024-12-30,Monday,False,14.7,False,False,Cupcake,40,4,60
2024-12-30,Monday,False,14.7,False,False,Jar Cake,31,5,120
2024-12-30,Monday,False,14.7,False,False,Chocolate,36,5,25
2024-12-30,Monday,False,14.7,False,False,Brownie,47,7,70
2024-12-30,Monday,False,14.7,False,False,Croissant,46,7,40
2024-12-30,Monday,False,14.7,False,False,Cookies,52,8,20
2024-12-30,Monday,False,14.7,False,False,Muffin,25,3,55
2024-12-31,Tuesday,False,15.6,True,True,Cake,34,5,400
2024-12-31,Tuesday,False,15.6,True,True,Cupcake,36,6,60
2024-12-31,Tuesday,False,15.6,True,True,Jar Cake,32,2,120
2024-12-31,Tuesday,False,15.6,True,True,Chocolate,50,4,25
2024-12-31,Tuesday,False,15.6,True,True,Brownie,47,6,70
2024-12-31,Tuesday,False,15.6,True,True,Croissant,57,6,40
2024-12-31,Tuesday,False,15.6,True,True,Cookies,88,6,20
2024-12-31,Tuesday,False,15.6,True,True,Muffin,37,6,55
2025-01-01,Wednesday,False,10.5,False,False,Cake,19,2,400
2025-01-01,Wednesday,False,10.5,False,False,Cupcake,39,6,60
2025-01-01,Wednesday,False,10.5,False,False,Jar Cake,22,2,120
2025-01-01,Wednesday,False,10.5,False,False,Chocolate,40,2,25
2025-01-01,Wednesday,False,10.5,False,False,Brownie,47,4,70
2025-01-01,Wednesday,False,10.5,False,False,Croissant,68,7,40
2025-01-01,Wednesday,False,10.5,False,False,Cookies,51,9,20
2025-01-01,Wednesday,False,10.5,False,False,Muffin,28,3,55
2025-01-02,Thursday,False,15.3,False,False,Cake,15,0,400
2025-01-02,Thursday,False,15.3,False,False,Cupcake,31,1,60
2025-01-02,Thursday,False,15.3,False,False,Jar Cake,31,5,120
2025-01-02,Thursday,False,15.3,False,False,Chocolate,37,2,25
2025-01-02,Thursday,False,15.3,False,False,Brownie,32,2,70
2025-01-02,Thursday,False,15.3,False,False,Croissant,52,7,40
2025-01-02,Thursday,False,15.3,False,False,Cookies,57,8,20
2025-01-02,Thursday,False,15.3,False,False,Muffin,28,3,55
2025-01-03,Friday,False,14.4,True,False,Cake,14,2,400
2025-01-03,Friday,False,14.4,True,False,Cupcake,37,2,60
2025-01-03,Friday,False,14.4,True,False,Jar Cake,21,1,120
2025-01-03,Friday,False,14.4,True,False,Chocolate,38,3,25
2025-01-03,Friday,False,14.4,True,False,Brownie,33,3,70
2025-01-03,Friday,False,14.4,True,False,Croissant,49,8,40
2025-01-03,Friday,False,14.4,True,False,Cookies,40,6,20
2025-01-03,Friday,False,14.4,True,False,Muffin,24,4,55
2025-01-04,Saturday,True,16.5,False,False,Cake,22,2,400
2025-01-04,Saturday,True,16.5,False,False,Cupcake,43,6,60
2025-01-04,Saturday,True,16.5,False,False,Jar Cake,27,2,120
2025-01-04,Saturday,True,16.5,False,False,Chocolate,63,9,25
2025-01-04,Saturday,True,16.5,False,False,Brownie,62,6,70
2025-01-04,Saturday,True,16.5,False,False,Croissant,76,7,40
2025-01-04,Saturday,True,16.5,False,False,Cookies,79,5,20
2025-01-04,Saturday,True,16.5,False,False,Muffin,42,3,55
2025-01-05,Sunday,True,16.5,False,False,Cake,23,2,400
2025-01-05,Sunday,True,16.5,False,False,Cupcake,61,7,60
2025-01-05,Sunday,True,16.5,False,False,Jar Cake,35,4,120
2025-01-05,Sunday,True,16.5,False,False,Chocolate,64,6,25
2025-01-05,Sunday,True,16.5,False,False,Brownie,54,3,70
2025-01-05,Sunday,True,16.5,False,False,Croissant,87,12,40
2025-01-05,Sunday,True,16.5,False,False,Cookies,70,8,20
2025-01-05,Sunday,True,16.5,False,False,Muffin,49,9,55
2025-01-06,Monday,False,15.2,False,False,Cake,12,1,400
2025-01-06,Monday,False,15.2,False,False,Cupcake,27,2,60
2025-01-06,Monday,False,15.2,False,False,Jar Cake,27,4,120
2025-01-06,Monday,False,15.2,False,False,Chocolate,37,5,25
2025-01-06,Monday,False,15.2,False,False,Brownie,62,11,70
2025-01-06,Monday,False,15.2,False,False,Croissant,69,13,40
2025-01-06,Monday,False,15.2,False,False,Cookies,48,7,20
2025-01-06,Monday,False,15.2,False,False,Muffin,30,4,55
2025-01-07,Tuesday,False,15.3,False,False,Cake,23,2,400
2025-01-07,Tuesday,False,15.3,False,False,Cupcake,45,6,60
2025-01-07,Tuesday,False,15.3,False,False,Jar Cake,28,4,120
2025-01-07,Tuesday,False,15.3,False,False,Chocolate,38,2,25
2025-01-07,Tuesday,False,15.3,False,False,Brownie,36,6,70
2025-01-07,Tuesday,False,15.3,False,False,Croissant,58,4,40
2025-01-07,Tuesday,False,15.3,False,False,Cookies,55,3,20
2025-01-07,Tuesday,False,15.3,False,False,Muffin,14,0,55
2025-01-08,Wednesday,False,13.2,False,False,Cake,15,1,400
2025-01-08,Wednesday,False,13.2,False,False,Cupcake,45,2,60
2025-01-08,Wednesday,False,13.2,False,False,Jar Cake,22,2,120
2025-01-08,Wednesday,False,13.2,False,False,Chocolate,36,6,25
2025-01-08,Wednesday,False,13.2,False,False,Brownie,43,6,70
2025-01-08,Wednesday,False,13.2,False,False,Croissant,54,7,40
2025-01-08,Wednesday,False,13.2,False,False,Cookies,49,9,20
2025-01-08,Wednesday,False,13.2,False,False,Muffin,35,3,55
2025-01-09,Thursday,False,11.7,False,False,Cake,19,3,400
2025-01-09,Thursday,False,11.7,False,False,Cupcake,31,5,60
2025-01-09,Thursday,False,11.7,False,False,Jar Cake,23,1,120
2025-01-09,Thursday,False,11.7,False,False,Chocolate,46,4,25
2025-01-09,Thursday,False,11.7,False,False,Brownie,48,3,70
2025-01-09,Thursday,False,11.7,False,False,Croissant,58,10,40
2025-01-09,Thursday,False,11.7,False,False,Cookies,51,5,20
2025-01-09,Thursday,False,11.7,False,False,Muffin,34,3,55
2025-01-10,Friday,False,15.0,False,False,Cake,19,2,400
2025-01-10,Friday,False,15.0,False,False,Cupcake,42,3,60
2025-01-10,Friday,False,15.0,False,False,Jar Cake,22,2,120
2025-01-10,Friday,False,15.0,False,False,Chocolate,33,6,25
2025-01-10,Friday,False,15.0,False,False,Brownie,39,2,70
2025-01-10,Friday,False,15.0,False,False,Croissant,60,6,40
2025-01-10,Friday,False,15.0,False,False,Cookies,47,8,20
2025-01-10,Friday,False,15.0,False,False,Muffin,27,2,55
2025-01-11,Saturday,True,18.2,False,False,Cake,18,2,400
2025-01-11,Saturday,True,18.2,False,False,Cupcake,44,2,60
2025-01-11,Saturday,True,18.2,False,False,Jar Cake,28,1,120
2025-01-11,Saturday,True,18.2,False,False,Chocolate,62,11,25
2025-01-11,Saturday,True,18.2,False,False,Brownie,62,12,70
2025-01-11,Saturday,True,18.2,False,False,Croissant,80,12,40
2025-01-11,Saturday,True,18.2,False,False,Cookies,80,11,20
2025-01-11,Saturday,True,18.2,False,False,Muffin,30,2,55
2025-01-12,Sunday,True,18.2,False,False,Cake,22,1,400
2025-01-12,Sunday,True,18.2,False,False,Cupcake,50,4,60
2025-01-12,Sunday,True,18.2,False,False,Jar Cake,40,4,120
2025-01-12,Sunday,True,18.2,False,False,Chocolate,69,7,25
2025-01-12,Sunday,True,18.2,False,False,Brownie,63,11,70
2025-01-12,Sunday,True,18.2,False,False,Croissant,90,7,40
2025-01-12,Sunday,True,18.2,False,False,Cookies,57,8,20
2025-01-12,Sunday,True,18.2,False,False,Muffin,35,5,55
2025-01-13,Monday,False,12.5,True,False,Cake,12,2,400
2025-01-13,Monday,False,12.5,True,False,Cupcake,28,4,60
2025-01-13,Monday,False,12.5,True,False,Jar Cake,31,3,120
2025-01-13,Monday,False,12.5,True,False,Chocolate,40,2,25
2025-01-13,Monday,False,12.5,True,False,Brownie,41,5,70
2025-01-13,Monday,False,12.5,True,False,Croissant,48,5,40
2025-01-13,Monday,False,12.5,True,False,Cookies,38,6,20
2025-01-13,Monday,False,12.5,True,False,Muffin,20,1,55
2025-01-14,Tuesday,False,11.9,False,False,Cake,15,1,400
2025-01-14,Tuesday,False,11.9,False,False,Cupcake,42,6,60
2025-01-14,Tuesday,False,11.9,False,False,Jar Cake,32,3,120
2025-01-14,Tuesday,False,11.9,False,False,Chocolate,54,5,25
2025-01-14,Tuesday,False,11.9,False,False,Brownie,55,5,70
2025-01-14,Tuesday,False,11.9,False,False,Croissant,52,6,40
2025-01-14,Tuesday,False,11.9,False,False,Cookies,54,10,20
2025-01-14,Tuesday,False,11.9,False,False,Muffin,26,1,55
2025-01-15,Wednesday,False,14.1,False,False,Cake,13,1,400
2025-01-15,Wednesday,False,14.1,False,False,Cupcake,41,3,60
2025-01-15,Wednesday,False,14.1,False,False,Jar Cake,23,3,120
2025-01-15,Wednesday,False,14.1,False,False,Chocolate,42,5,25
2025-01-15,Wednesday,False,14.1,False,False,Brownie,50,2,70
2025-01-15,Wednesday,False,14.1,False,False,Croissant,55,8,40
2025-01-15,Wednesday,False,14.1,False,False,Cookies,43,3,20
2025-01-15,Wednesday,False,14.1,False,False,Muffin,31,1,55
2025-01-16,Thursday,False,16.4,True,False,Cake,21,3,400
2025-01-16,Thursday,False,16.4,True,False,Cupcake,19,2,60
2025-01-16,Thursday,False,16.4,True,False,Jar Cake,21,4,120
2025-01-16,Thursday,False,16.4,True,False,Chocolate,39,4,25
2025-01-16,Thursday,False,16.4,True,False,Brownie,36,5,70
2025-01-16,Thursday,False,16.4,True,False,Croissant,49,2,40
2025-01-16,Thursday,False,16.4,True,False,Cookies,56,6,20
2025-01-16,Thursday,False,16.4,True,False,Muffin,29,3,55
2025-01-17,Friday,False,14.3,False,False,Cake,14,1,400
2025-01-17,Friday,False,14.3,False,False,Cupcake,33,3,60
2025-01-17,Friday,False,14.3,False,False,Jar Cake,19,3,120
2025-01-17,Friday,False,14.3,False,False,Chocolate,38,3,25
2025-01-17,Friday,False,14.3,False,False,Brownie,47,3,70
2025-01-17,Friday,False,14.3,False,False,Croissant,62,10,40
2025-01-17,Friday,False,14.3,False,False,Cookies,48,5,20
2025-01-17,Friday,False,14.3,False,False,Muffin,25,2,55
2025-01-18,Saturday,True,15.1,False,False,Cake,18,3,400
2025-01-18,Saturday,True,15.1,False,False,Cupcake,42,4,60
2025-01-18,Saturday,True,15.1,False,False,Jar Cake,44,7,120
2025-01-18,Saturday,True,15.1,False,False,Chocolate,53,4,25
2025-01-18,Saturday,True,15.1,False,False,Brownie,59,8,70
2025-01-18,Saturday,True,15.1,False,False,Croissant,81,9,40
2025-01-18,Saturday,True,15.1,False,False,Cookies,71,11,20
2025-01-18,Saturday,True,15.1,False,False,Muffin,36,5,55
2025-01-19,Sunday,True,17.3,False,False,Cake,20,2,400
2025-01-19,Sunday,True,17.3,False,False,Cupcake,55,4,60
2025-01-19,Sunday,True,17.3,False,False,Jar Cake,35,3,120
2025-01-19,Sunday,True,17.3,False,False,Chocolate,44,2,25
2025-01-19,Sunday,True,17.3,False,False,Brownie,49,4,70
2025-01-19,Sunday,True,17.3,False,False,Croissant,91,14,40
2025-01-19,Sunday,True,17.3,False,False,Cookies,68,6,20
2025-01-19,Sunday,True,17.3,False,False,Muffin,53,9,55
2025-01-20,Monday,False,12.5,False,False,Cake,9,0,400
2025-01-20,Monday,False,12.5,False,False,Cupcake,35,5,60
2025-01-20,Monday,False,12.5,False,False,Jar Cake,30,3,120
2025-01-20,Monday,False,12.5,False,False,Chocolate,46,6,25
2025-01-20,Monday,False,12.5,False,False,Brownie,39,4,70
2025-01-20,Monday,False,12.5,False,False,Croissant,54,9,40
2025-01-20,Monday,False,12.5,False,False,Cookies,42,2,20
2025-01-20,Monday,False,12.5,False,False,Muffin,22,2,55
2025-01-21,Tuesday,False,16.1,False,False,Cake,13,0,400
2025-01-21,Tuesday,False,16.1,False,False,Cupcake,27,2,60
2025-01-21,Tuesday,False,16.1,False,False,Jar Cake,31,2,120
2025-01-21,Tuesday,False,16.1,False,False,Chocolate,44,6,25
2025-01-21,Tuesday,False,16.1,False,False,Brownie,50,8,70
2025-01-21,Tuesday,False,16.1,False,False,Croissant,58,7,40
2025-01-21,Tuesday,False,16.1,False,False,Cookies,52,5,20
2025-01-21,Tuesday,False,16.1,False,False,Muffin,27,4,55
2025-01-22,Wednesday,False,16.4,False,False,Cake,23,2,400
2025-01-22,Wednesday,False,16.4,False,False,Cupcake,40,5,60
2025-01-22,Wednesday,False,16.4,False,False,Jar Cake,14,1,120
2025-01-22,Wednesday,False,16.4,False,False,Chocolate,49,4,25
2025-01-22,Wednesday,False,16.4,False,False,Brownie,46,8,70
2025-01-22,Wednesday,False,16.4,False,False,Croissant,48,4,40
2025-01-22,Wednesday,False,16.4,False,False,Cookies,59,9,20
2025-01-22,Wednesday,False,16.4,False,False,Muffin,32,2,55
2025-01-23,Thursday,False,18.2,False,False,Cake,8,1,400
2025-01-23,Thursday,False,18.2,False,False,Cupcake,36,7,60
2025-01-23,Thursday,False,18.2,False,False,Jar Cake,17,1,120
2025-01-23,Thursday,False,18.2,False,False,Chocolate,38,7,25
2025-01-23,Thursday,False,18.2,False,False,Brownie,45,7,70
2025-01-23,Thursday,False,18.2,False,False,Croissant,65,11,40
2025-01-23,Thursday,False,18.2,False,False,Cookies,50,5,20
2025-01-23,Thursday,False,18.2,False,False,Muffin,30,3,55
2025-01-24,Friday,False,17.7,False,False,Cake,11,1,400
2025-01-24,Friday,False,17.7,False,False,Cupcake,38,5,60
2025-01-24,Friday,False,17.7,False,False,Jar Cake,31,2,120
2025-01-24,Friday,False,17.7,False,False,Chocolate,47,4,25
2025-01-24,Friday,False,17.7,False,False,Brownie,54,9,70
2025-01-24,Friday,False,17.7,False,False,Croissant,51,6,40
2025-01-24,Friday,False,17.7,False,False,Cookies,39,3,20
2025-01-24,Friday,False,17.7,False,False,Muffin,29,2,55
2025-01-25,Saturday,True,15.9,False,False,Cake,28,4,400
2025-01-25,Saturday,True,15.9,False,False,Cupcake,37,6,60
2025-01-25,Saturday,True,15.9,False,False,Jar Cake,38,5,120
2025-01-25,Saturday,True,15.9,False,False,Chocolate,52,8,25
2025-01-25,Saturday,True,15.9,False,False,Brownie,65,12,70
2025-01-25,Saturday,True,15.9,False,False,Croissant,72,13,40
2025-01-25,Saturday,True,15.9,False,False,Cookies,75,5,20
2025-01-25,Saturday,True,15.9,False,False,Muffin,35,3,55
2025-01-26,Sunday,True,17.8,False,True,Cake,34,3,400
2025-01-26,Sunday,True,17.8,False,True,Cupcake,48,5,60
2025-01-26,Sunday,True,17.8,False,True,Jar Cake,50,4,120
2025-01-26,Sunday,True,17.8,False,True,Chocolate,127,21,25
2025-01-26,Sunday,True,17.8,False,True,Brownie,68,12,70
2025-01-26,Sunday,True,17.8,False,True,Croissant,79,7,40
2025-01-26,Sunday,True,17.8,False,True,Cookies,100,6,20
2025-01-26,Sunday,True,17.8,False,True,Muffin,36,4,55
2025-01-27,Monday,False,15.2,False,False,Cake,21,3,400
2025-01-27,Monday,False,15.2,False,False,Cupcake,32,4,60
2025-01-27,Monday,False,15.2,False,False,Jar Cake,27,2,120
2025-01-27,Monday,False,15.2,False,False,Chocolate,39,3,25
2025-01-27,Monday,False,15.2,False,False,Brownie,35,3,70
2025-01-27,Monday,False,15.2,False,False,Croissant,53,3,40
2025-01-27,Monday,False,15.2,False,False,Cookies,52,10,20
2025-01-27,Monday,False,15.2,False,False,Muffin,28,5,55
2025-01-28,Tuesday,False,13.6,False,False,Cake,16,2,400
2025-01-28,Tuesday,False,13.6,False,False,Cupcake,32,5,60
2025-01-28,Tuesday,False,13.6,False,False,Jar Cake,28,2,120
2025-01-28,Tuesday,False,13.6,False,False,Chocolate,32,5,25
2025-01-28,Tuesday,False,13.6,False,False,Brownie,27,2,70
2025-01-28,Tuesday,False,13.6,False,False,Croissant,59,4,40
2025-01-28,Tuesday,False,13.6,False,False,Cookies,42,5,20
2025-01-28,Tuesday,False,13.6,False,False,Muffin,29,4,55
2025-01-29,Wednesday,False,19.7,False,False,Cake,16,3,400
2025-01-29,Wednesday,False,19.7,False,False,Cupcake,31,3,60
2025-01-29,Wednesday,False,19.7,False,False,Jar Cake,17,2,120
2025-01-29,Wednesday,False,19.7,False,False,Chocolate,31,2,25
2025-01-29,Wednesday,False,19.7,False,False,Brownie,47,3,70
2025-01-29,Wednesday,False,19.7,False,False,Croissant,60,4,40
2025-01-29,Wednesday,False,19.7,False,False,Cookies,48,7,20
2025-01-29,Wednesday,False,19.7,False,False,Muffin,26,1,55
2025-01-30,Thursday,False,14.8,False,False,Cake,15,2,400
2025-01-30,Thursday,False,14.8,False,False,Cupcake,33,5,60
2025-01-30,Thursday,False,14.8,False,False,Jar Cake,18,2,120
2025-01-30,Thursday,False,14.8,False,False,Chocolate,34,4,25
2025-01-30,Thursday,False,14.8,False,False,Brownie,44,6,70
2025-01-30,Thursday,False,14.8,False,False,Croissant,59,5,40
2025-01-30,Thursday,False,14.8,False,False,Cookies,46,4,20
2025-01-30,Thursday,False,14.8,False,False,Muffin,24,1,55
2025-01-31,Friday,False,16.6,False,False,Cake,11,1,400
2025-01-31,Friday,False,16.6,False,False,Cupcake,44,6,60
2025-01-31,Friday,False,16.6,False,False,Jar Cake,18,1,120
2025-01-31,Friday,False,16.6,False,False,Chocolate,39,3,25
2025-01-31,Friday,False,16.6,False,False,Brownie,30,1,70
2025-01-31,Friday,False,16.6,False,False,Croissant,50,9,40
2025-01-31,Friday,False,16.6,False,False,Cookies,46,6,20
2025-01-31,Friday,False,16.6,False,False,Muffin,37,3,55
2025-02-01,Saturday,True,17.0,False,False,Cake,23,3,400
2025-02-01,Saturday,True,17.0,False,False,Cupcake,49,7,60
2025-02-01,Saturday,True,17.0,False,False,Jar Cake,40,7,120
2025-02-01,Saturday,True,17.0,False,False,Chocolate,46,8,25
2025-02-01,Saturday,True,17.0,False,False,Brownie,54,3,70
2025-02-01,Saturday,True,17.0,False,False,Croissant,73,7,40
2025-02-01,Saturday,True,17.0,False,False,Cookies,73,3,20
2025-02-01,Saturday,True,17.0,False,False,Muffin,53,3,55
2025-02-02,Sunday,True,18.0,False,False,Cake,16,1,400
2025-02-02,Sunday,True,18.0,False,False,Cupcake,59,6,60
2025-02-02,Sunday,True,18.0,False,False,Jar Cake,39,3,120
2025-02-02,Sunday,True,18.0,False,False,Chocolate,50,3,25
2025-02-02,Sunday,True,18.0,False,False,Brownie,68,12,70
2025-02-02,Sunday,True,18.0,False,False,Croissant,77,10,40
2025-02-02,Sunday,True,18.0,False,False,Cookies,75,5,20
2025-02-02,Sunday,True,18.0,False,False,Muffin,50,9,55
2025-02-03,Monday,False,14.7,True,False,Cake,18,1,400
2025-02-03,Monday,False,14.7,True,False,Cupcake,34,2,60
2025-02-03,Monday,False,14.7,True,False,Jar Cake,22,3,120
2025-02-03,Monday,False,14.7,True,False,Chocolate,26,1,25
2025-02-03,Monday,False,14.7,True,False,Brownie,41,8,70
2025-02-03,Monday,False,14.7,True,False,Croissant,46,6,40
2025-02-03,Monday,False,14.7,True,False,Cookies,49,7,20
2025-02-03,Monday,False,14.7,True,False,Muffin,32,2,55
2025-02-04,Tuesday,False,16.8,False,False,Cake,12,1,400
2025-02-04,Tuesday,False,16.8,False,False,Cupcake,38,2,60
2025-02-04,Tuesday,False,16.8,False,False,Jar Cake,25,2,120
2025-02-04,Tuesday,False,16.8,False,False,Chocolate,44,2,25
2025-02-04,Tuesday,False,16.8,False,False,Brownie,43,7,70
2025-02-04,Tuesday,False,16.8,False,False,Croissant,63,7,40
2025-02-04,Tuesday,False,16.8,False,False,Cookies,52,9,20
2025-02-04,Tuesday,False,16.8,False,False,Muffin,26,4,55
2025-02-05,Wednesday,False,18.8,False,False,Cake,15,2,400
2025-02-05,Wednesday,False,18.8,False,False,Cupcake,36,2,60
2025-02-05,Wednesday,False,18.8,False,False,Jar Cake,23,3,120
2025-02-05,Wednesday,False,18.8,False,False,Chocolate,38,4,25
2025-02-05,Wednesday,False,18.8,False,False,Brownie,34,2,70
2025-02-05,Wednesday,False,18.8,False,False,Croissant,64,5,40
2025-02-05,Wednesday,False,18.8,False,False,Cookies,51,10,20
2025-02-05,Wednesday,False,18.8,False,False,Muffin,23,3,55
2025-02-06,Thursday,False,18.8,False,False,Cake,24,4,400
2025-02-06,Thursday,False,18.8,False,False,Cupcake,31,4,60
2025-02-06,Thursday,False,18.8,False,False,Jar Cake,24,1,120
2025-02-06,Thursday,False,18.8,False,False,Chocolate,35,2,25
2025-02-06,Thursday,False,18.8,False,False,Brownie,41,5,70
2025-02-06,Thursday,False,18.8,False,False,Croissant,55,6,40
2025-02-06,Thursday,False,18.8,False,False,Cookies,45,2,20
2025-02-06,Thursday,False,18.8,False,False,Muffin,30,3,55
2025-02-07,Friday,False,18.9,False,False,Cake,12,1,400
2025-02-07,Friday,False,18.9,False,False,Cupcake,48,3,60
2025-02-07,Friday,False,18.9,False,False,Jar Cake,38,7,120
2025-02-07,Friday,False,18.9,False,False,Chocolate,36,2,25
2025-02-07,Friday,False,18.9,False,False,Brownie,39,5,70
2025-02-07,Friday,False,18.9,False,False,Croissant,70,12,40
2025-02-07,Friday,False,18.9,False,False,Cookies,49,9,20
2025-02-07,Friday,False,18.9,False,False,Muffin,27,4,55
2025-02-08,Saturday,True,19.6,True,False,Cake,22,1,400
2025-02-08,Saturday,True,19.6,True,False,Cupcake,38,6,60
2025-02-08,Saturday,True,19.6,True,False,Jar Cake,30,2,120
2025-02-08,Saturday,True,19.6,True,False,Chocolate,46,7,25
2025-02-08,Saturday,True,19.6,True,False,Brownie,52,6,70
2025-02-08,Saturday,True,19.6,True,False,Croissant,58,7,40
2025-02-08,Saturday,True,19.6,True,False,Cookies,50,5,20
2025-02-08,Saturday,True,19.6,True,False,Muffin,41,6,55
2025-02-09,Sunday,True,16.1,False,False,Cake,25,2,400
2025-02-09,Sunday,True,16.1,False,False,Cupcake,44,7,60
2025-02-09,Sunday,True,16.1,False,False,Jar Cake,38,6,120
2025-02-09,Sunday,True,16.1,False,False,Chocolate,53,7,25
2025-02-09,Sunday,True,16.1,False,False,Brownie,62,11,70
2025-02-09,Sunday,True,16.1,False,False,Croissant,74,14,40
2025-02-09,Sunday,True,16.1,False,False,Cookies,78,9,20
2025-02-09,Sunday,True,16.1,False,False,Muffin,39,7,55
2025-02-10,Monday,False,20.7,False,False,Cake,15,2,400
2025-02-10,Monday,False,20.7,False,False,Cupcake,36,2,60
2025-02-10,Monday,False,20.7,False,False,Jar Cake,20,1,120
2025-02-10,Monday,False,20.7,False,False,Chocolate,42,5,25
2025-02-10,Monday,False,20.7,False,False,Brownie,46,3,70
2025-02-10,Monday,False,20.7,False,False,Croissant,47,6,40
2025-02-10,Monday,False,20.7,False,False,Cookies,43,7,20
2025-02-10,Monday,False,20.7,False,False,Muffin,34,3,55
2025-02-11,Tuesday,False,18.4,False,False,Cake,13,2,400
2025-02-11,Tuesday,False,18.4,False,False,Cupcake,31,2,60
2025-02-11,Tuesday,False,18.4,False,False,Jar Cake,18,1,120
2025-02-11,Tuesday,False,18.4,False,False,Chocolate,29,4,25
2025-02-11,Tuesday,False,18.4,False,False,Brownie,51,5,70
2025-02-11,Tuesday,False,18.4,False,False,Croissant,55,10,40
2025-02-11,Tuesday,False,18.4,False,False,Cookies,46,4,20
2025-02-11,Tuesday,False,18.4,False,False,Muffin,29,2,55
2025-02-12,Wednesday,False,17.9,False,False,Cake,13,1,400
2025-02-12,Wednesday,False,17.9,False,False,Cupcake,26,3,60
2025-02-12,Wednesday,False,17.9,False,False,Jar Cake,19,2,120
2025-02-12,Wednesday,False,17.9,False,False,Chocolate,20,1,25
2025-02-12,Wednesday,False,17.9,False,False,Brownie,40,4,70
2025-02-12,Wednesday,False,17.9,False,False,Croissant,47,6,40
2025-02-12,Wednesday,False,17.9,False,False,Cookies,45,2,20
2025-02-12,Wednesday,False,17.9,False,False,Muffin,28,2,55
2025-02-13,Thursday,False,18.5,False,False,Cake,15,1,400
2025-02-13,Thursday,False,18.5,False,False,Cupcake,37,6,60
2025-02-13,Thursday,False,18.5,False,False,Jar Cake,26,2,120
2025-02-13,Thursday,False,18.5,False,False,Chocolate,49,9,25
2025-02-13,Thursday,False,18.5,False,False,Brownie,48,2,70
2025-02-13,Thursday,False,18.5,False,False,Croissant,59,3,40
2025-02-13,Thursday,False,18.5,False,False,Cookies,45,5,20
2025-02-13,Thursday,False,18.5,False,False,Muffin,29,4,55
2025-02-14,Friday,False,21.0,False,False,Cake,14,1,400
2025-02-14,Friday,False,21.0,False,False,Cupcake,47,4,60
2025-02-14,Friday,False,21.0,False,False,Jar Cake,24,1,120
2025-02-14,Friday,False,21.0,False,False,Chocolate,36,3,25
2025-02-14,Friday,False,21.0,False,False,Brownie,51,8,70
2025-02-14,Friday,False,21.0,False,False,Croissant,42,7,40
2025-02-14,Friday,False,21.0,False,False,Cookies,52,4,20
2025-02-14,Friday,False,21.0,False,False,Muffin,32,6,55
2025-02-15,Saturday,True,22.5,False,False,Cake,22,2,400
2025-02-15,Saturday,True,22.5,False,False,Cupcake,51,5,60
2025-02-15,Saturday,True,22.5,False,False,Jar Cake,23,1,120
2025-02-15,Saturday,True,22.5,False,False,Chocolate,54,6,25
2025-02-15,Saturday,True,22.5,False,False,Brownie,57,7,70
2025-02-15,Saturday,True,22.5,False,False,Croissant,55,10,40
2025-02-15,Saturday,True,22.5,False,False,Cookies,56,6,20
2025-02-15,Saturday,True,22.5,False,False,Muffin,50,9,55
2025-02-16,Sunday,True,21.9,False,False,Cake,21,2,400
2025-02-16,Sunday,True,21.9,False,False,Cupcake,43,5,60
2025-02-16,Sunday,True,21.9,False,False,Jar Cake,32,2,120
2025-02-16,Sunday,True,21.9,False,False,Chocolate,60,3,25
2025-02-16,Sunday,True,21.9,False,False,Brownie,58,3,70
2025-02-16,Sunday,True,21.9,False,False,Croissant,91,17,40
2025-02-16,Sunday,True,21.9,False,False,Cookies,73,7,20
2025-02-16,Sunday,True,21.9,False,False,Muffin,45,6,55
2025-02-17,Monday,False,21.1,False,False,Cake,11,1,400
2025-02-17,Monday,False,21.1,False,False,Cupcake,40,3,60
2025-02-17,Monday,False,21.1,False,False,Jar Cake,16,1,120
2025-02-17,Monday,False,21.1,False,False,Chocolate,39,7,25
2025-02-17,Monday,False,21.1,False,False,Brownie,45,2,70
2025-02-17,Monday,False,21.1,False,False,Croissant,54,7,40
2025-02-17,Monday,False,21.1,False,False,Cookies,47,8,20
2025-02-17,Monday,False,21.1,False,False,Muffin,26,5,55
2025-02-18,Tuesday,False,21.0,False,False,Cake,17,1,400
2025-02-18,Tuesday,False,21.0,False,False,Cupcake,38,4,60
2025-02-18,Tuesday,False,21.0,False,False,Jar Cake,20,3,120
2025-02-18,Tuesday,False,21.0,False,False,Chocolate,39,2,25
2025-02-18,Tuesday,False,21.0,False,False,Brownie,47,7,70
2025-02-18,Tuesday,False,21.0,False,False,Croissant,63,11,40
2025-02-18,Tuesday,False,21.0,False,False,Cookies,43,8,20
2025-02-18,Tuesday,False,21.0,False,False,Muffin,27,2,55
2025-02-19,Wednesday,False,18.4,False,False,Cake,19,2,400
2025-02-19,Wednesday,False,18.4,False,False,Cupcake,32,4,60
2025-02-19,Wednesday,False,18.4,False,False,Jar Cake,24,1,120
2025-02-19,Wednesday,False,18.4,False,False,Chocolate,46,3,25
2025-02-19,Wednesday,False,18.4,False,False,Brownie,48,4,70
2025-02-19,Wednesday,False,18.4,False,False,Croissant,52,4,40
2025-02-19,Wednesday,False,18.4,False,False,Cookies,57,4,20
2025-02-19,Wednesday,False,18.4,False,False,Muffin,29,2,55
2025-02-20,Thursday,False,19.2,False,False,Cake,13,2,400
2025-02-20,Thursday,False,19.2,False,False,Cupcake,22,2,60
2025-02-20,Thursday,False,19.2,False,False,Jar Cake,22,3,120
2025-02-20,Thursday,False,19.2,False,False,Chocolate,28,3,25
2025-02-20,Thursday,False,19.2,False,False,Brownie,55,7,70
2025-02-20,Thursday,False,19.2,False,False,Croissant,56,6,40
2025-02-20,Thursday,False,19.2,False,False,Cookies,43,5,20
2025-02-20,Thursday,False,19.2,False,False,Muffin,44,6,55
2025-02-21,Friday,False,20.7,False,False,Cake,19,2,400
2025-02-21,Friday,False,20.7,False,False,Cupcake,28,2,60
2025-02-21,Friday,False,20.7,False,False,Jar Cake,29,3,120
2025-02-21,Friday,False,20.7,False,False,Chocolate,28,2,25
2025-02-21,Friday,False,20.7,False,False,Brownie,48,3,70
2025-02-21,Friday,False,20.7,False,False,Croissant,80,5,40
2025-02-21,Friday,False,20.7,False,False,Cookies,40,6,20
2025-02-21,Friday,False,20.7,False,False,Muffin,28,3,55
2025-02-22,Saturday,True,20.3,False,False,Cake,25,3,400
2025-02-22,Saturday,True,20.3,False,False,Cupcake,42,8,60
2025-02-22,Saturday,True,20.3,False,False,Jar Cake,35,6,120
2025-02-22,Saturday,True,20.3,False,False,Chocolate,54,4,25
2025-02-22,Saturday,True,20.3,False,False,Brownie,54,7,70
2025-02-22,Saturday,True,20.3,False,False,Croissant,90,6,40
2025-02-22,Saturday,True,20.3,False,False,Cookies,63,10,20
2025-02-22,Saturday,True,20.3,False,False,Muffin,37,3,55
2025-02-23,Sunday,True,18.3,False,False,Cake,19,1,400
2025-02-23,Sunday,True,18.3,False,False,Cupcake,53,4,60
2025-02-23,Sunday,True,18.3,False,False,Jar Cake,28,3,120
2025-02-23,Sunday,True,18.3,False,False,Chocolate,56,8,25
2025-02-23,Sunday,True,18.3,False,False,Brownie,56,8,70
2025-02-23,Sunday,True,18.3,False,False,Croissant,72,7,40
2025-02-23,Sunday,True,18.3,False,False,Cookies,62,10,20
2025-02-23,Sunday,True,18.3,False,False,Muffin,48,2,55
2025-02-24,Monday,False,19.2,False,False,Cake,7,1,400
2025-02-24,Monday,False,19.2,False,False,Cupcake,41,4,60
2025-02-24,Monday,False,19.2,False,False,Jar Cake,18,3,120
2025-02-24,Monday,False,19.2,False,False,Chocolate,43,7,25
2025-02-24,Monday,False,19.2,False,False,Brownie,48,9,70
2025-02-24,Monday,False,19.2,False,False,Croissant,49,4,40
2025-02-24,Monday,False,19.2,False,False,Cookies,50,5,20
2025-02-24,Monday,False,19.2,False,False,Muffin,29,1,55
2025-02-25,Tuesday,False,22.4,False,False,Cake,17,0,400
2025-02-25,Tuesday,False,22.4,False,False,Cupcake,37,1,60
2025-02-25,Tuesday,False,22.4,False,False,Jar Cake,27,2,120
2025-02-25,Tuesday,False,22.4,False,False,Chocolate,43,4,25
2025-02-25,Tuesday,False,22.4,False,False,Brownie,37,5,70
2025-02-25,Tuesday,False,22.4,False,False,Croissant,50,3,40
2025-02-25,Tuesday,False,22.4,False,False,Cookies,38,7,20
2025-02-25,Tuesday,False,22.4,False,False,Muffin,25,1,55
2025-02-26,Wednesday,False,24.4,False,False,Cake,20,1,400
2025-02-26,Wednesday,False,24.4,False,False,Cupcake,31,4,60
2025-02-26,Wednesday,False,24.4,False,False,Jar Cake,25,3,120
2025-02-26,Wednesday,False,24.4,False,False,Chocolate,49,8,25
2025-02-26,Wednesday,False,24.4,False,False,Brownie,40,7,70
2025-02-26,Wednesday,False,24.4,False,False,Croissant,43,6,40
2025-02-26,Wednesday,False,24.4,False,False,Cookies,36,2,20
2025-02-26,Wednesday,False,24.4,False,False,Muffin,22,3,55
2025-02-27,Thursday,False,23.2,False,False,Cake,14,2,400
2025-02-27,Thursday,False,23.2,False,False,Cupcake,45,7,60
2025-02-27,Thursday,False,23.2,False,False,Jar Cake,20,1,120
2025-02-27,Thursday,False,23.2,False,False,Chocolate,43,4,25
2025-02-27,Thursday,False,23.2,False,False,Brownie,33,5,70
2025-02-27,Thursday,False,23.2,False,False,Croissant,44,5,40
2025-02-27,Thursday,False,23.2,False,False,Cookies,45,5,20
2025-02-27,Thursday,False,23.2,False,False,Muffin,28,3,55
2025-02-28,Friday,False,23.2,False,False,Cake,21,1,400
2025-02-28,Friday,False,23.2,False,False,Cupcake,31,5,60
2025-02-28,Friday,False,23.2,False,False,Jar Cake,27,1,120
2025-02-28,Friday,False,23.2,False,False,Chocolate,33,5,25
2025-02-28,Friday,False,23.2,False,False,Brownie,38,3,70
2025-02-28,Friday,False,23.2,False,False,Croissant,42,5,40
2025-02-28,Friday,False,23.2,False,False,Cookies,55,2,20
2025-02-28,Friday,False,23.2,False,False,Muffin,19,2,55
2025-03-01,Saturday,True,22.1,False,False,Cake,23,2,400
2025-03-01,Saturday,True,22.1,False,False,Cupcake,52,7,60
2025-03-01,Saturday,True,22.1,False,False,Jar Cake,31,2,120
2025-03-01,Saturday,True,22.1,False,False,Chocolate,47,8,25
2025-03-01,Saturday,True,22.1,False,False,Brownie,58,5,70
2025-03-01,Saturday,True,22.1,False,False,Croissant,60,5,40
2025-03-01,Saturday,True,22.1,False,False,Cookies,73,9,20
2025-03-01,Saturday,True,22.1,False,False,Muffin,46,6,55
2025-03-02,Sunday,True,24.2,False,False,Cake,18,2,400
2025-03-02,Sunday,True,24.2,False,False,Cupcake,43,2,60
2025-03-02,Sunday,True,24.2,False,False,Jar Cake,25,1,120
2025-03-02,Sunday,True,24.2,False,False,Chocolate,50,4,25
2025-03-02,Sunday,True,24.2,False,False,Brownie,67,5,70
2025-03-02,Sunday,True,24.2,False,False,Croissant,66,7,40
2025-03-02,Sunday,True,24.2,False,False,Cookies,60,11,20
2025-03-02,Sunday,True,24.2,False,False,Muffin,43,6,55
2025-03-03,Monday,False,24.6,False,False,Cake,16,2,400
2025-03-03,Monday,False,24.6,False,False,Cupcake,41,5,60
2025-03-03,Monday,False,24.6,False,False,Jar Cake,19,3,120
2025-03-03,Monday,False,24.6,False,False,Chocolate,32,2,25
2025-03-03,Monday,False,24.6,False,False,Brownie,50,3,70
2025-03-03,Monday,False,24.6,False,False,Croissant,54,9,40
2025-03-03,Monday,False,24.6,False,False,Cookies,49,3,20
2025-03-03,Monday,False,24.6,False,False,Muffin,24,3,55
2025-03-04,Tuesday,False,22.4,False,False,Cake,7,0,400
2025-03-04,Tuesday,False,22.4,False,False,Cupcake,36,2,60
2025-03-04,Tuesday,False,22.4,False,False,Jar Cake,22,1,120
2025-03-04,Tuesday,False,22.4,False,False,Chocolate,35,2,25
2025-03-04,Tuesday,False,22.4,False,False,Brownie,47,7,70
2025-03-04,Tuesday,False,22.4,False,False,Croissant,48,5,40
2025-03-04,Tuesday,False,22.4,False,False,Cookies,43,3,20
2025-03-04,Tuesday,False,22.4,False,False,Muffin,21,1,55
2025-03-05,Wednesday,False,21.8,False,False,Cake,11,1,400
2025-03-05,Wednesday,False,21.8,False,False,Cupcake,42,7,60
2025-03-05,Wednesday,False,21.8,False,False,Jar Cake,20,1,120
2025-03-05,Wednesday,False,21.8,False,False,Chocolate,42,5,25
2025-03-05,Wednesday,False,21.8,False,False,Brownie,50,7,70
2025-03-05,Wednesday,False,21.8,False,False,Croissant,71,7,40
2025-03-05,Wednesday,False,21.8,False,False,Cookies,55,4,20
2025-03-05,Wednesday,False,21.8,False,False,Muffin,28,3,55
2025-03-06,Thursday,False,22.2,False,False,Cake,21,1,400
2025-03-06,Thursday,False,22.2,False,False,Cupcake,36,1,60
2025-03-06,Thursday,False,22.2,False,False,Jar Cake,23,1,120
2025-03-06,Thursday,False,22.2,False,False,Chocolate,38,6,25
2025-03-06,Thursday,False,22.2,False,False,Brownie,45,5,70
2025-03-06,Thursday,False,22.2,False,False,Croissant,46,7,40
2025-03-06,Thursday,False,22.2,False,False,Cookies,58,5,20
2025-03-06,Thursday,False,22.2,False,False,Muffin,30,2,55
2025-03-07,Friday,False,25.8,False,False,Cake,12,0,400
2025-03-07,Friday,False,25.8,False,False,Cupcake,26,5,60
2025-03-07,Friday,False,25.8,False,False,Jar Cake,24,1,120
2025-03-07,Friday,False,25.8,False,False,Chocolate,41,5,25
2025-03-07,Friday,False,25.8,False,False,Brownie,58,9,70
2025-03-07,Friday,False,25.8,False,False,Croissant,35,2,40
2025-03-07,Friday,False,25.8,False,False,Cookies,47,4,20
2025-03-07,Friday,False,25.8,False,False,Muffin,28,2,55
2025-03-08,Saturday,True,23.2,False,False,Cake,15,1,400
2025-03-08,Saturday,True,23.2,False,False,Cupcake,61,3,60
2025-03-08,Saturday,True,23.2,False,False,Jar Cake,34,3,120
2025-03-08,Saturday,True,23.2,False,False,Chocolate,64,6,25
2025-03-08,Saturday,True,23.2,False,False,Brownie,53,7,70
2025-03-08,Saturday,True,23.2,False,False,Croissant,60,6,40
2025-03-08,Saturday,True,23.2,False,False,Cookies,88,9,20
2025-03-08,Saturday,True,23.2,False,False,Muffin,41,4,55
2025-03-09,Sunday,True,25.2,False,False,Cake,21,3,400
2025-03-09,Sunday,True,25.2,False,False,Cupcake,57,3,60
2025-03-09,Sunday,True,25.2,False,False,Jar Cake,48,6,120
2025-03-09,Sunday,True,25.2,False,False,Chocolate,58,4,25
2025-03-09,Sunday,True,25.2,False,False,Brownie,67,8,70
2025-03-09,Sunday,True,25.2,False,False,Croissant,60,3,40
2025-03-09,Sunday,True,25.2,False,False,Cookies,63,12,20
2025-03-09,Sunday,True,25.2,False,False,Muffin,46,5,55
2025-03-10,Monday,False,21.4,False,False,Cake,12,2,400
2025-03-10,Monday,False,21.4,False,False,Cupcake,43,5,60
2025-03-10,Monday,False,21.4,False,False,Jar Cake,30,5,120
2025-03-10,Monday,False,21.4,False,False,Chocolate,48,5,25
2025-03-10,Monday,False,21.4,False,False,Brownie,47,5,70
2025-03-10,Monday,False,21.4,False,False,Croissant,66,7,40
2025-03-10,Monday,False,21.4,False,False,Cookies,64,6,20
2025-03-10,Monday,False,21.4,False,False,Muffin,29,4,55
2025-03-11,Tuesday,False,22.8,False,False,Cake,14,1,400
2025-03-11,Tuesday,False,22.8,False,False,Cupcake,32,5,60
2025-03-11,Tuesday,False,22.8,False,False,Jar Cake,26,1,120
2025-03-11,Tuesday,False,22.8,False,False,Chocolate,36,5,25
2025-03-11,Tuesday,False,22.8,False,False,Brownie,40,5,70
2025-03-11,Tuesday,False,22.8,False,False,Croissant,39,2,40
2025-03-11,Tuesday,False,22.8,False,False,Cookies,49,6,20
2025-03-11,Tuesday,False,22.8,False,False,Muffin,26,4,55
2025-03-12,Wednesday,False,22.5,True,False,Cake,10,1,400
2025-03-12,Wednesday,False,22.5,True,False,Cupcake,32,4,60
2025-03-12,Wednesday,False,22.5,True,False,Jar Cake,29,2,120
2025-03-12,Wednesday,False,22.5,True,False,Chocolate,22,1,25
2025-03-12,Wednesday,False,22.5,True,False,Brownie,43,5,70
2025-03-12,Wednesday,False,22.5,True,False,Croissant,35,6,40
2025-03-12,Wednesday,False,22.5,True,False,Cookies,43,2,20
2025-03-12,Wednesday,False,22.5,True,False,Muffin,24,3,55
2025-03-13,Thursday,False,24.7,False,False,Cake,13,2,400
2025-03-13,Thursday,False,24.7,False,False,Cupcake,33,5,60
2025-03-13,Thursday,False,24.7,False,False,Jar Cake,19,2,120
2025-03-13,Thursday,False,24.7,False,False,Chocolate,43,3,25
2025-03-13,Thursday,False,24.7,False,False,Brownie,53,5,70
2025-03-13,Thursday,False,24.7,False,False,Croissant,48,2,40
2025-03-13,Thursday,False,24.7,False,False,Cookies,32,2,20
2025-03-13,Thursday,False,24.7,False,False,Muffin,26,2,55
2025-03-14,Friday,False,22.0,True,True,Cake,25,2,400
2025-03-14,Friday,False,22.0,True,True,Cupcake,38,4,60
2025-03-14,Friday,False,22.0,True,True,Jar Cake,31,4,120
2025-03-14,Friday,False,22.0,True,True,Chocolate,53,10,25
2025-03-14,Friday,False,22.0,True,True,Brownie,46,5,70
2025-03-14,Friday,False,22.0,True,True,Croissant,41,7,40
2025-03-14,Friday,False,22.0,True,True,Cookies,70,6,20
2025-03-14,Friday,False,22.0,True,True,Muffin,28,3,55
2025-03-15,Saturday,True,23.6,False,False,Cake,28,3,400
2025-03-15,Saturday,True,23.6,False,False,Cupcake,56,7,60
2025-03-15,Saturday,True,23.6,False,False,Jar Cake,47,8,120
2025-03-15,Saturday,True,23.6,False,False,Chocolate,57,10,25
2025-03-15,Saturday,True,23.6,False,False,Brownie,55,6,70
2025-03-15,Saturday,True,23.6,False,False,Croissant,65,3,40
2025-03-15,Saturday,True,23.6,False,False,Cookies,64,9,20
2025-03-15,Saturday,True,23.6,False,False,Muffin,39,4,55
2025-03-16,Sunday,True,23.2,False,False,Cake,17,2,400
2025-03-16,Sunday,True,23.2,False,False,Cupcake,52,5,60
2025-03-16,Sunday,True,23.2,False,False,Jar Cake,27,3,120
2025-03-16,Sunday,True,23.2,False,False,Chocolate,42,5,25
2025-03-16,Sunday,True,23.2,False,False,Brownie,61,8,70
2025-03-16,Sunday,True,23.2,False,False,Croissant,80,11,40
2025-03-16,Sunday,True,23.2,False,False,Cookies,47,6,20
2025-03-16,Sunday,True,23.2,False,False,Muffin,31,2,55
2025-03-17,Monday,False,20.3,False,False,Cake,17,2,400
2025-03-17,Monday,False,20.3,False,False,Cupcake,29,3,60
2025-03-17,Monday,False,20.3,False,False,Jar Cake,35,6,120
2025-03-17,Monday,False,20.3,False,False,Chocolate,36,2,25
2025-03-17,Monday,False,20.3,False,False,Brownie,35,6,70
2025-03-17,Monday,False,20.3,False,False,Croissant,59,9,40
2025-03-17,Monday,False,20.3,False,False,Cookies,45,2,20
2025-03-17,Monday,False,20.3,False,False,Muffin,27,1,55
2025-03-18,Tuesday,False,24.1,False,False,Cake,10,1,400
2025-03-18,Tuesday,False,24.1,False,False,Cupcake,36,3,60
2025-03-18,Tuesday,False,24.1,False,False,Jar Cake,14,1,120
2025-03-18,Tuesday,False,24.1,False,False,Chocolate,41,5,25
2025-03-18,Tuesday,False,24.1,False,False,Brownie,44,7,70
2025-03-18,Tuesday,False,24.1,False,False,Croissant,39,6,40
2025-03-18,Tuesday,False,24.1,False,False,Cookies,48,5,20
2025-03-18,Tuesday,False,24.1,False,False,Muffin,21,1,55
2025-03-19,Wednesday,False,24.4,False,False,Cake,15,1,400
2025-03-19,Wednesday,False,24.4,False,False,Cupcake,46,8,60
2025-03-19,Wednesday,False,24.4,False,False,Jar Cake,31,1,120
2025-03-19,Wednesday,False,24.4,False,False,Chocolate,41,7,25
2025-03-19,Wednesday,False,24.4,False,False,Brownie,42,2,70
2025-03-19,Wednesday,False,24.4,False,False,Croissant,45,7,40
2025-03-19,Wednesday,False,24.4,False,False,Cookies,50,7,20
2025-03-19,Wednesday,False,24.4,False,False,Muffin,36,6,55
2025-03-20,Thursday,False,22.9,False,False,Cake,22,2,400
2025-03-20,Thursday,False,22.9,False,False,Cupcake,32,5,60
2025-03-20,Thursday,False,22.9,False,False,Jar Cake,23,4,120
2025-03-20,Thursday,False,22.9,False,False,Chocolate,39,4,25
2025-03-20,Thursday,False,22.9,False,False,Brownie,49,4,70
2025-03-20,Thursday,False,22.9,False,False,Croissant,29,5,40
2025-03-20,Thursday,False,22.9,False,False,Cookies,63,9,20
2025-03-20,Thursday,False,22.9,False,False,Muffin,25,1,55
2025-03-21,Friday,False,26.0,False,False,Cake,18,1,400
2025-03-21,Friday,False,26.0,False,False,Cupcake,28,3,60
2025-03-21,Friday,False,26.0,False,False,Jar Cake,29,2,120
2025-03-21,Friday,False,26.0,False,False,Chocolate,36,3,25
2025-03-21,Friday,False,26.0,False,False,Brownie,34,1,70
2025-03-21,Friday,False,26.0,False,False,Croissant,38,3,40
2025-03-21,Friday,False,26.0,False,False,Cookies,54,7,20
2025-03-21,Friday,False,26.0,False,False,Muffin,44,7,55
2025-03-22,Saturday,True,24.2,False,False,Cake,22,2,400
2025-03-22,Saturday,True,24.2,False,False,Cupcake,48,5,60
2025-03-22,Saturday,True,24.2,False,False,Jar Cake,22,1,120
2025-03-22,Saturday,True,24.2,False,False,Chocolate,55,10,25
2025-03-22,Saturday,True,24.2,False,False,Brownie,58,4,70
2025-03-22,Saturday,True,24.2,False,False,Croissant,61,8,40
2025-03-22,Saturday,True,24.2,False,False,Cookies,73,4,20
2025-03-22,Saturday,True,24.2,False,False,Muffin,41,5,55
2025-03-23,Sunday,True,23.4,False,False,Cake,22,2,400
2025-03-23,Sunday,True,23.4,False,False,Cupcake,47,5,60
2025-03-23,Sunday,True,23.4,False,False,Jar Cake,28,3,120
2025-03-23,Sunday,True,23.4,False,False,Chocolate,43,5,25
2025-03-23,Sunday,True,23.4,False,False,Brownie,72,10,70
2025-03-23,Sunday,True,23.4,False,False,Croissant,57,6,40
2025-03-23,Sunday,True,23.4,False,False,Cookies,71,8,20
2025-03-23,Sunday,True,23.4,False,False,Muffin,36,6,55
2025-03-24,Monday,False,24.4,False,False,Cake,20,3,400
2025-03-24,Monday,False,24.4,False,False,Cupcake,42,4,60
2025-03-24,Monday,False,24.4,False,False,Jar Cake,23,1,120
2025-03-24,Monday,False,24.4,False,False,Chocolate,36,4,25
2025-03-24,Monday,False,24.4,False,False,Brownie,44,3,70
2025-03-24,Monday,False,24.4,False,False,Croissant,44,8,40
2025-03-24,Monday,False,24.4,False,False,Cookies,45,6,20
2025-03-24,Monday,False,24.4,False,False,Muffin,37,3,55
2025-03-25,Tuesday,False,23.8,False,False,Cake,13,1,400
2025-03-25,Tuesday,False,23.8,False,False,Cupcake,37,6,60
2025-03-25,Tuesday,False,23.8,False,False,Jar Cake,30,5,120
2025-03-25,Tuesday,False,23.8,False,False,Chocolate,35,5,25
2025-03-25,Tuesday,False,23.8,False,False,Brownie,44,8,70
2025-03-25,Tuesday,False,23.8,False,False,Croissant,51,3,40
2025-03-25,Tuesday,False,23.8,False,False,Cookies,55,6,20
2025-03-25,Tuesday,False,23.8,False,False,Muffin,27,2,55
2025-03-26,Wednesday,False,23.6,True,False,Cake,11,2,400
2025-03-26,Wednesday,False,23.6,True,False,Cupcake,18,2,60
2025-03-26,Wednesday,False,23.6,True,False,Jar Cake,21,1,120
2025-03-26,Wednesday,False,23.6,True,False,Chocolate,32,2,25
2025-03-26,Wednesday,False,23.6,True,False,Brownie,35,6,70
2025-03-26,Wednesday,False,23.6,True,False,Croissant,32,2,40
2025-03-26,Wednesday,False,23.6,True,False,Cookies,36,2,20
2025-03-26,Wednesday,False,23.6,True,False,Muffin,34,2,55
2025-03-27,Thursday,False,26.9,False,False,Cake,20,3,400
2025-03-27,Thursday,False,26.9,False,False,Cupcake,30,4,60
2025-03-27,Thursday,False,26.9,False,False,Jar Cake,23,2,120
2025-03-27,Thursday,False,26.9,False,False,Chocolate,37,7,25
2025-03-27,Thursday,False,26.9,False,False,Brownie,41,4,70
2025-03-27,Thursday,False,26.9,False,False,Croissant,62,10,40
2025-03-27,Thursday,False,26.9,False,False,Cookies,59,6,20
2025-03-27,Thursday,False,26.9,False,False,Muffin,34,6,55
2025-03-28,Friday,False,28.8,False,False,Cake,11,1,400
2025-03-28,Friday,False,28.8,False,False,Cupcake,44,4,60
2025-03-28,Friday,False,28.8,False,False,Jar Cake,31,2,120
2025-03-28,Friday,False,28.8,False,False,Chocolate,37,5,25
2025-03-28,Friday,False,28.8,False,False,Brownie,47,8,70
2025-03-28,Friday,False,28.8,False,False,Croissant,39,2,40
2025-03-28,Friday,False,28.8,False,False,Cookies,52,5,20
2025-03-28,Friday,False,28.8,False,False,Muffin,29,1,55
2025-03-29,Saturday,True,22.6,False,False,Cake,19,2,400
2025-03-29,Saturday,True,22.6,False,False,Cupcake,36,7,60
2025-03-29,Saturday,True,22.6,False,False,Jar Cake,34,2,120
2025-03-29,Saturday,True,22.6,False,False,Chocolate,53,3,25
2025-03-29,Saturday,True,22.6,False,False,Brownie,55,8,70
2025-03-29,Saturday,True,22.6,False,False,Croissant,58,3,40
2025-03-29,Saturday,True,22.6,False,False,Cookies,64,5,20
2025-03-29,Saturday,True,22.6,False,False,Muffin,43,2,55
2025-03-30,Sunday,True,29.4,False,False,Cake,21,4,400
2025-03-30,Sunday,True,29.4,False,False,Cupcake,52,2,60
2025-03-30,Sunday,True,29.4,False,False,Jar Cake,35,6,120
2025-03-30,Sunday,True,29.4,False,False,Chocolate,48,5,25
2025-03-30,Sunday,True,29.4,False,False,Brownie,54,9,70
2025-03-30,Sunday,True,29.4,False,False,Croissant,62,10,40
2025-03-30,Sunday,True,29.4,False,False,Cookies,62,3,20
2025-03-30,Sunday,True,29.4,False,False,Muffin,51,5,55
2025-03-31,Monday,False,27.2,False,False,Cake,14,1,400
2025-03-31,Monday,False,27.2,False,False,Cupcake,31,5,60
2025-03-31,Monday,False,27.2,False,False,Jar Cake,20,2,120
2025-03-31,Monday,False,27.2,False,False,Chocolate,41,2,25
2025-03-31,Monday,False,27.2,False,False,Brownie,42,7,70
2025-03-31,Monday,False,27.2,False,False,Croissant,39,4,40
2025-03-31,Monday,False,27.2,False,False,Cookies,43,2,20
2025-03-31,Monday,False,27.2,False,False,Muffin,30,3,55
2025-04-01,Tuesday,False,29.2,False,False,Cake,14,1,400
2025-04-01,Tuesday,False,29.2,False,False,Cupcake,28,5,60
2025-04-01,Tuesday,False,29.2,False,False,Jar Cake,25,4,120
2025-04-01,Tuesday,False,29.2,False,False,Chocolate,36,7,25
2025-04-01,Tuesday,False,29.2,False,False,Brownie,48,3,70
2025-04-01,Tuesday,False,29.2,False,False,Croissant,39,3,40
2025-04-01,Tuesday,False,29.2,False,False,Cookies,42,3,20
2025-04-01,Tuesday,False,29.2,False,False,Muffin,25,4,55
2025-04-02,Wednesday,False,31.3,False,False,Cake,14,1,400
2025-04-02,Wednesday,False,31.3,False,False,Cupcake,30,5,60
2025-04-02,Wednesday,False,31.3,False,False,Jar Cake,20,2,120
2025-04-02,Wednesday,False,31.3,False,False,Chocolate,40,2,25
2025-04-02,Wednesday,False,31.3,False,False,Brownie,43,3,70
2025-04-02,Wednesday,False,31.3,False,False,Croissant,43,7,40
2025-04-02,Wednesday,False,31.3,False,False,Cookies,46,5,20
2025-04-02,Wednesday,False,31.3,False,False,Muffin,34,3,55
2025-04-03,Thursday,False,23.4,False,False,Cake,16,1,400
2025-04-03,Thursday,False,23.4,False,False,Cupcake,35,6,60
2025-04-03,Thursday,False,23.4,False,False,Jar Cake,18,2,120
2025-04-03,Thursday,False,23.4,False,False,Chocolate,43,6,25
2025-04-03,Thursday,False,23.4,False,False,Brownie,44,6,70
2025-04-03,Thursday,False,23.4,False,False,Croissant,45,6,40
2025-04-03,Thursday,False,23.4,False,False,Cookies,51,7,20
2025-04-03,Thursday,False,23.4,False,False,Muffin,34,4,55
2025-04-04,Friday,False,27.1,False,False,Cake,14,0,400
2025-04-04,Friday,False,27.1,False,False,Cupcake,36,7,60
2025-04-04,Friday,False,27.1,False,False,Jar Cake,23,1,120
2025-04-04,Friday,False,27.1,False,False,Chocolate,35,5,25
2025-04-04,Friday,False,27.1,False,False,Brownie,44,5,70
2025-04-04,Friday,False,27.1,False,False,Croissant,53,2,40
2025-04-04,Friday,False,27.1,False,False,Cookies,38,7,20
2025-04-04,Friday,False,27.1,False,False,Muffin,31,5,55
2025-04-05,Saturday,True,23.7,False,False,Cake,20,1,400
2025-04-05,Saturday,True,23.7,False,False,Cupcake,43,5,60
2025-04-05,Saturday,True,23.7,False,False,Jar Cake,27,1,120
2025-04-05,Saturday,True,23.7,False,False,Chocolate,70,5,25
2025-04-05,Saturday,True,23.7,False,False,Brownie,66,8,70
2025-04-05,Saturday,True,23.7,False,False,Croissant,60,8,40
2025-04-05,Saturday,True,23.7,False,False,Cookies,75,5,20
2025-04-05,Saturday,True,23.7,False,False,Muffin,46,3,55
2025-04-06,Sunday,True,26.8,False,False,Cake,21,2,400
2025-04-06,Sunday,True,26.8,False,False,Cupcake,36,5,60
2025-04-06,Sunday,True,26.8,False,False,Jar Cake,29,5,120
2025-04-06,Sunday,True,26.8,False,False,Chocolate,61,4,25
2025-04-06,Sunday,True,26.8,False,False,Brownie,57,11,70
2025-04-06,Sunday,True,26.8,False,False,Croissant,68,5,40
2025-04-06,Sunday,True,26.8,False,False,Cookies,81,6,20
2025-04-06,Sunday,True,26.8,False,False,Muffin,49,3,55
2025-04-07,Monday,False,30.4,False,False,Cake,17,1,400
2025-04-07,Monday,False,30.4,False,False,Cupcake,25,2,60
2025-04-07,Monday,False,30.4,False,False,Jar Cake,21,2,120
2025-04-07,Monday,False,30.4,False,False,Chocolate,37,2,25
2025-04-07,Monday,False,30.4,False,False,Brownie,44,5,70
2025-04-07,Monday,False,30.4,False,False,Croissant,51,3,40
2025-04-07,Monday,False,30.4,False,False,Cookies,52,4,20
2025-04-07,Monday,False,30.4,False,False,Muffin,31,5,55
2025-04-08,Tuesday,False,30.6,False,False,Cake,14,2,400
2025-04-08,Tuesday,False,30.6,False,False,Cupcake,31,2,60
2025-04-08,Tuesday,False,30.6,False,False,Jar Cake,28,4,120
2025-04-08,Tuesday,False,30.6,False,False,Chocolate,44,3,25
2025-04-08,Tuesday,False,30.6,False,False,Brownie,48,8,70
2025-04-08,Tuesday,False,30.6,False,False,Croissant,47,8,40
2025-04-08,Tuesday,False,30.6,False,False,Cookies,60,11,20
2025-04-08,Tuesday,False,30.6,False,False,Muffin,30,2,55
2025-04-09,Wednesday,False,25.2,False,False,Cake,10,0,400
2025-04-09,Wednesday,False,25.2,False,False,Cupcake,32,4,60
2025-04-09,Wednesday,False,25.2,False,False,Jar Cake,21,2,120
2025-04-09,Wednesday,False,25.2,False,False,Chocolate,43,3,25
2025-04-09,Wednesday,False,25.2,False,False,Brownie,43,3,70
2025-04-09,Wednesday,False,25.2,False,False,Croissant,45,2,40
2025-04-09,Wednesday,False,25.2,False,False,Cookies,49,3,20
2025-04-09,Wednesday,False,25.2,False,False,Muffin,28,5,55
2025-04-10,Thursday,False,27.0,False,False,Cake,15,1,400
2025-04-10,Thursday,False,27.0,False,False,Cupcake,35,2,60
2025-04-10,Thursday,False,27.0,False,False,Jar Cake,24,3,120
2025-04-10,Thursday,False,27.0,False,False,Chocolate,39,2,25
2025-04-10,Thursday,False,27.0,False,False,Brownie,36,7,70
2025-04-10,Thursday,False,27.0,False,False,Croissant,34,6,40
2025-04-10,Thursday,False,27.0,False,False,Cookies,50,4,20
2025-04-10,Thursday,False,27.0,False,False,Muffin,27,4,55
2025-04-11,Friday,False,30.4,False,False,Cake,12,1,400
2025-04-11,Friday,False,30.4,False,False,Cupcake,40,5,60
2025-04-11,Friday,False,30.4,False,False,Jar Cake,32,1,120
2025-04-11,Friday,False,30.4,False,False,Chocolate,40,6,25
2025-04-11,Friday,False,30.4,False,False,Brownie,60,7,70
2025-04-11,Friday,False,30.4,False,False,Croissant,48,4,40
2025-04-11,Friday,False,30.4,False,False,Cookies,62,3,20
2025-04-11,Friday,False,30.4,False,False,Muffin,25,4,55
2025-04-12,Saturday,True,31.1,False,False,Cake,21,2,400
2025-04-12,Saturday,True,31.1,False,False,Cupcake,38,6,60
2025-04-12,Saturday,True,31.1,False,False,Jar Cake,36,4,120
2025-04-12,Saturday,True,31.1,False,False,Chocolate,51,2,25
2025-04-12,Saturday,True,31.1,False,False,Brownie,70,12,70
2025-04-12,Saturday,True,31.1,False,False,Croissant,51,9,40
2025-04-12,Saturday,True,31.1,False,False,Cookies,67,11,20
2025-04-12,Saturday,True,31.1,False,False,Muffin,39,2,55
2025-04-13,Sunday,True,27.7,False,False,Cake,15,0,400
2025-04-13,Sunday,True,27.7,False,False,Cupcake,55,5,60
2025-04-13,Sunday,True,27.7,False,False,Jar Cake,42,8,120
2025-04-13,Sunday,True,27.7,False,False,Chocolate,56,8,25
2025-04-13,Sunday,True,27.7,False,False,Brownie,67,12,70
2025-04-13,Sunday,True,27.7,False,False,Croissant,51,3,40
2025-04-13,Sunday,True,27.7,False,False,Cookies,60,11,20
2025-04-13,Sunday,True,27.7,False,False,Muffin,29,3,55
2025-04-14,Monday,False,28.2,False,False,Cake,8,1,400
2025-04-14,Monday,False,28.2,False,False,Cupcake,32,4,60
2025-04-14,Monday,False,28.2,False,False,Jar Cake,34,5,120
2025-04-14,Monday,False,28.2,False,False,Chocolate,52,6,25
2025-04-14,Monday,False,28.2,False,False,Brownie,39,6,70
2025-04-14,Monday,False,28.2,False,False,Croissant,55,4,40
2025-04-14,Monday,False,28.2,False,False,Cookies,52,2,20
2025-04-14,Monday,False,28.2,False,False,Muffin,25,4,55
2025-04-15,Tuesday,False,27.4,False,False,Cake,14,1,400
2025-04-15,Tuesday,False,27.4,False,False,Cupcake,27,1,60
2025-04-15,Tuesday,False,27.4,False,False,Jar Cake,26,2,120
2025-04-15,Tuesday,False,27.4,False,False,Chocolate,48,8,25
2025-04-15,Tuesday,False,27.4,False,False,Brownie,45,7,70
2025-04-15,Tuesday,False,27.4,False,False,Croissant,33,4,40
2025-04-15,Tuesday,False,27.4,False,False,Cookies,50,9,20
2025-04-15,Tuesday,False,27.4,False,False,Muffin,28,3,55
2025-04-16,Wednesday,False,27.4,False,False,Cake,12,1,400
2025-04-16,Wednesday,False,27.4,False,False,Cupcake,28,2,60
2025-04-16,Wednesday,False,27.4,False,False,Jar Cake,23,3,120
2025-04-16,Wednesday,False,27.4,False,False,Chocolate,37,1,25
2025-04-16,Wednesday,False,27.4,False,False,Brownie,32,3,70
2025-04-16,Wednesday,False,27.4,False,False,Croissant,40,6,40
2025-04-16,Wednesday,False,27.4,False,False,Cookies,45,5,20
2025-04-16,Wednesday,False,27.4,False,False,Muffin,23,1,55
2025-04-17,Thursday,False,28.2,False,False,Cake,13,1,400
2025-04-17,Thursday,False,28.2,False,False,Cupcake,45,6,60
2025-04-17,Thursday,False,28.2,False,False,Jar Cake,23,3,120
2025-04-17,Thursday,False,28.2,False,False,Chocolate,34,4,25
2025-04-17,Thursday,False,28.2,False,False,Brownie,52,10,70
2025-04-17,Thursday,False,28.2,False,False,Croissant,45,7,40
2025-04-17,Thursday,False,28.2,False,False,Cookies,46,3,20
2025-04-17,Thursday,False,28.2,False,False,Muffin,31,3,55
2025-04-18,Friday,False,30.0,False,False,Cake,10,1,400
2025-04-18,Friday,False,30.0,False,False,Cupcake,27,3,60
2025-04-18,Friday,False,30.0,False,False,Jar Cake,20,3,120
2025-04-18,Friday,False,30.0,False,False,Chocolate,34,4,25
2025-04-18,Friday,False,30.0,False,False,Brownie,50,2,70
2025-04-18,Friday,False,30.0,False,False,Croissant,43,8,40
2025-04-18,Friday,False,30.0,False,False,Cookies,54,7,20
2025-04-18,Friday,False,30.0,False,False,Muffin,38,6,55
2025-04-19,Saturday,True,27.8,False,False,Cake,17,1,400
2025-04-19,Saturday,True,27.8,False,False,Cupcake,54,9,60
2025-04-19,Saturday,True,27.8,False,False,Jar Cake,35,4,120
2025-04-19,Saturday,True,27.8,False,False,Chocolate,49,5,25
2025-04-19,Saturday,True,27.8,False,False,Brownie,58,5,70
2025-04-19,Saturday,True,27.8,False,False,Croissant,65,9,40
2025-04-19,Saturday,True,27.8,False,False,Cookies,56,5,20
2025-04-19,Saturday,True,27.8,False,False,Muffin,39,6,55
2025-04-20,Sunday,True,27.8,False,False,Cake,18,2,400
2025-04-20,Sunday,True,27.8,False,False,Cupcake,49,7,60
2025-04-20,Sunday,True,27.8,False,False,Jar Cake,34,4,120
2025-04-20,Sunday,True,27.8,False,False,Chocolate,57,5,25
2025-04-20,Sunday,True,27.8,False,False,Brownie,51,7,70
2025-04-20,Sunday,True,27.8,False,False,Croissant,71,5,40
2025-04-20,Sunday,True,27.8,False,False,Cookies,74,13,20
2025-04-20,Sunday,True,27.8,False,False,Muffin,42,2,55
2025-04-21,Monday,False,29.4,False,False,Cake,15,2,400
2025-04-21,Monday,False,29.4,False,False,Cupcake,28,4,60
2025-04-21,Monday,False,29.4,False,False,Jar Cake,32,4,120
2025-04-21,Monday,False,29.4,False,False,Chocolate,29,1,25
2025-04-21,Monday,False,29.4,False,False,Brownie,41,4,70
2025-04-21,Monday,False,29.4,False,False,Croissant,46,5,40
2025-04-21,Monday,False,29.4,False,False,Cookies,71,10,20
2025-04-21,Monday,False,29.4,False,False,Muffin,29,3,55
2025-04-22,Tuesday,False,30.6,False,False,Cake,9,0,400
2025-04-22,Tuesday,False,30.6,False,False,Cupcake,40,5,60
2025-04-22,Tuesday,False,30.6,False,False,Jar Cake,24,3,120
2025-04-22,Tuesday,False,30.6,False,False,Chocolate,46,6,25
2025-04-22,Tuesday,False,30.6,False,False,Brownie,44,8,70
2025-04-22,Tuesday,False,30.6,False,False,Croissant,62,11,40
2025-04-22,Tuesday,False,30.6,False,False,Cookies,48,2,20
2025-04-22,Tuesday,False,30.6,False,False,Muffin,23,2,55
2025-04-23,Wednesday,False,32.1,False,False,Cake,15,0,400
2025-04-23,Wednesday,False,32.1,False,False,Cupcake,35,2,60
2025-04-23,Wednesday,False,32.1,False,False,Jar Cake,28,2,120
2025-04-23,Wednesday,False,32.1,False,False,Chocolate,61,9,25
2025-04-23,Wednesday,False,32.1,False,False,Brownie,35,5,70
2025-04-23,Wednesday,False,32.1,False,False,Croissant,35,4,40
2025-04-23,Wednesday,False,32.1,False,False,Cookies,62,11,20
2025-04-23,Wednesday,False,32.1,False,False,Muffin,31,3,55
2025-04-24,Thursday,False,25.0,False,False,Cake,15,2,400
2025-04-24,Thursday,False,25.0,False,False,Cupcake,31,3,60
2025-04-24,Thursday,False,25.0,False,False,Jar Cake,19,1,120
2025-04-24,Thursday,False,25.0,False,False,Chocolate,34,4,25
2025-04-24,Thursday,False,25.0,False,False,Brownie,51,9,70
2025-04-24,Thursday,False,25.0,False,False,Croissant,48,7,40
2025-04-24,Thursday,False,25.0,False,False,Cookies,49,2,20
2025-04-24,Thursday,False,25.0,False,False,Muffin,26,1,55
2025-04-25,Friday,False,32.1,False,False,Cake,17,2,400
2025-04-25,Friday,False,32.1,False,False,Cupcake,34,4,60
2025-04-25,Friday,False,32.1,False,False,Jar Cake,35,2,120
2025-04-25,Friday,False,32.1,False,False,Chocolate,45,3,25
2025-04-25,Friday,False,32.1,False,False,Brownie,43,4,70
2025-04-25,Friday,False,32.1,False,False,Croissant,51,3,40
2025-04-25,Friday,False,32.1,False,False,Cookies,38,2,20
2025-04-25,Friday,False,32.1,False,False,Muffin,41,8,55
2025-04-26,Saturday,True,32.4,False,False,Cake,19,1,400
2025-04-26,Saturday,True,32.4,False,False,Cupcake,52,3,60
2025-04-26,Saturday,True,32.4,False,False,Jar Cake,34,3,120
2025-04-26,Saturday,True,32.4,False,False,Chocolate,69,5,25
2025-04-26,Saturday,True,32.4,False,False,Brownie,51,3,70
2025-04-26,Saturday,True,32.4,False,False,Croissant,58,6,40
2025-04-26,Saturday,True,32.4,False,False,Cookies,62,3,20
2025-04-26,Saturday,True,32.4,False,False,Muffin,49,8,55
2025-04-27,Sunday,True,32.8,True,False,Cake,20,2,400
2025-04-27,Sunday,True,32.8,True,False,Cupcake,65,11,60
2025-04-27,Sunday,True,32.8,True,False,Jar Cake,40,2,120
2025-04-27,Sunday,True,32.8,True,False,Chocolate,75,7,25
2025-04-27,Sunday,True,32.8,True,False,Brownie,43,7,70
2025-04-27,Sunday,True,32.8,True,False,Croissant,59,6,40
2025-04-27,Sunday,True,32.8,True,False,Cookies,53,9,20
2025-04-27,Sunday,True,32.8,True,False,Muffin,34,4,55
2025-04-28,Monday,False,31.9,False,False,Cake,22,3,400
2025-04-28,Monday,False,31.9,False,False,Cupcake,22,2,60
2025-04-28,Monday,False,31.9,False,False,Jar Cake,25,1,120
2025-04-28,Monday,False,31.9,False,False,Chocolate,42,4,25
2025-04-28,Monday,False,31.9,False,False,Brownie,46,6,70
2025-04-28,Monday,False,31.9,False,False,Croissant,39,5,40
2025-04-28,Monday,False,31.9,False,False,Cookies,55,10,20
2025-04-28,Monday,False,31.9,False,False,Muffin,31,2,55
2025-04-29,Tuesday,False,33.9,False,False,Cake,21,3,400
2025-04-29,Tuesday,False,33.9,False,False,Cupcake,57,9,60
2025-04-29,Tuesday,False,33.9,False,False,Jar Cake,31,3,120
2025-04-29,Tuesday,False,33.9,False,False,Chocolate,48,3,25
2025-04-29,Tuesday,False,33.9,False,False,Brownie,52,5,70
2025-04-29,Tuesday,False,33.9,False,False,Croissant,55,7,40
2025-04-29,Tuesday,False,33.9,False,False,Cookies,42,8,20
2025-04-29,Tuesday,False,33.9,False,False,Muffin,37,2,55
2025-04-30,Wednesday,False,30.2,False,False,Cake,12,2,400
2025-04-30,Wednesday,False,30.2,False,False,Cupcake,32,5,60
2025-04-30,Wednesday,False,30.2,False,False,Jar Cake,26,4,120
2025-04-30,Wednesday,False,30.2,False,False,Chocolate,48,6,25
2025-04-30,Wednesday,False,30.2,False,False,Brownie,40,2,70
2025-04-30,Wednesday,False,30.2,False,False,Croissant,46,5,40
2025-04-30,Wednesday,False,30.2,False,False,Cookies,37,2,20
2025-04-30,Wednesday,False,30.2,False,False,Muffin,36,3,55
2025-05-01,Thursday,False,32.2,False,False,Cake,8,0,400
2025-05-01,Thursday,False,32.2,False,False,Cupcake,51,5,60
2025-05-01,Thursday,False,32.2,False,False,Jar Cake,32,5,120
2025-05-01,Thursday,False,32.2,False,False,Chocolate,36,1,25
2025-05-01,Thursday,False,32.2,False,False,Brownie,44,4,70
2025-05-01,Thursday,False,32.2,False,False,Croissant,58,11,40
2025-05-01,Thursday,False,32.2,False,False,Cookies,56,4,20
2025-05-01,Thursday,False,32.2,False,False,Muffin,37,4,55
2025-05-02,Friday,False,32.8,False,False,Cake,24,4,400
2025-05-02,Friday,False,32.8,False,False,Cupcake,59,4,60
2025-05-02,Friday,False,32.8,False,False,Jar Cake,32,3,120
2025-05-02,Friday,False,32.8,False,False,Chocolate,49,5,25
2025-05-02,Friday,False,32.8,False,False,Brownie,31,5,70
2025-05-02,Friday,False,32.8,False,False,Croissant,37,3,40
2025-05-02,Friday,False,32.8,False,False,Cookies,59,5,20
2025-05-02,Friday,False,32.8,False,False,Muffin,41,3,55
2025-05-03,Saturday,True,28.1,False,False,Cake,22,3,400
2025-05-03,Saturday,True,28.1,False,False,Cupcake,43,7,60
2025-05-03,Saturday,True,28.1,False,False,Jar Cake,41,4,120
2025-05-03,Saturday,True,28.1,False,False,Chocolate,54,8,25
2025-05-03,Saturday,True,28.1,False,False,Brownie,45,7,70
2025-05-03,Saturday,True,28.1,False,False,Croissant,60,11,40
2025-05-03,Saturday,True,28.1,False,False,Cookies,79,8,20
2025-05-03,Saturday,True,28.1,False,False,Muffin,41,4,55
2025-05-04,Sunday,True,29.8,False,False,Cake,14,1,400
2025-05-04,Sunday,True,29.8,False,False,Cupcake,46,4,60
2025-05-04,Sunday,True,29.8,False,False,Jar Cake,35,5,120
2025-05-04,Sunday,True,29.8,False,False,Chocolate,55,9,25
2025-05-04,Sunday,True,29.8,False,False,Brownie,52,3,70
2025-05-04,Sunday,True,29.8,False,False,Croissant,55,9,40
2025-05-04,Sunday,True,29.8,False,False,Cookies,75,9,20
2025-05-04,Sunday,True,29.8,False,False,Muffin,45,7,55
2025-05-05,Monday,False,34.4,False,False,Cake,20,2,400
2025-05-05,Monday,False,34.4,False,False,Cupcake,51,9,60
2025-05-05,Monday,False,34.4,False,False,Jar Cake,30,5,120
2025-05-05,Monday,False,34.4,False,False,Chocolate,51,5,25
2025-05-05,Monday,False,34.4,False,False,Brownie,40,2,70
2025-05-05,Monday,False,34.4,False,False,Croissant,54,4,40
2025-05-05,Monday,False,34.4,False,False,Cookies,54,4,20
2025-05-05,Monday,False,34.4,False,False,Muffin,35,5,55
2025-05-06,Tuesday,False,34.2,False,False,Cake,15,2,400
2025-05-06,Tuesday,False,34.2,False,False,Cupcake,48,4,60
2025-05-06,Tuesday,False,34.2,False,False,Jar Cake,40,6,120
2025-05-06,Tuesday,False,34.2,False,False,Chocolate,53,6,25
2025-05-06,Tuesday,False,34.2,False,False,Brownie,42,5,70
2025-05-06,Tuesday,False,34.2,False,False,Croissant,53,8,40
2025-05-06,Tuesday,False,34.2,False,False,Cookies,58,5,20
2025-05-06,Tuesday,False,34.2,False,False,Muffin,40,5,55
2025-05-07,Wednesday,False,32.6,False,False,Cake,14,2,400
2025-05-07,Wednesday,False,32.6,False,False,Cupcake,36,2,60
2025-05-07,Wednesday,False,32.6,False,False,Jar Cake,17,2,120
2025-05-07,Wednesday,False,32.6,False,False,Chocolate,50,6,25
2025-05-07,Wednesday,False,32.6,False,False,Brownie,35,2,70
2025-05-07,Wednesday,False,32.6,False,False,Croissant,42,8,40
2025-05-07,Wednesday,False,32.6,False,False,Cookies,47,3,20
2025-05-07,Wednesday,False,32.6,False,False,Muffin,45,3,55
2025-05-08,Thursday,False,30.1,False,False,Cake,10,0,400
2025-05-08,Thursday,False,30.1,False,False,Cupcake,36,4,60
2025-05-08,Thursday,False,30.1,False,False,Jar Cake,26,2,120
2025-05-08,Thursday,False,30.1,False,False,Chocolate,27,1,25
2025-05-08,Thursday,False,30.1,False,False,Brownie,46,5,70
2025-05-08,Thursday,False,30.1,False,False,Croissant,55,5,40
2025-05-08,Thursday,False,30.1,False,False,Cookies,52,5,20
2025-05-08,Thursday,False,30.1,False,False,Muffin,26,4,55
2025-05-09,Friday,False,33.8,False,False,Cake,10,1,400
2025-05-09,Friday,False,33.8,False,False,Cupcake,46,2,60
2025-05-09,Friday,False,33.8,False,False,Jar Cake,30,4,120
2025-05-09,Friday,False,33.8,False,False,Chocolate,59,3,25
2025-05-09,Friday,False,33.8,False,False,Brownie,44,5,70
2025-05-09,Friday,False,33.8,False,False,Croissant,40,5,40
2025-05-09,Friday,False,33.8,False,False,Cookies,51,8,20
2025-05-09,Friday,False,33.8,False,False,Muffin,39,6,55
2025-05-10,Saturday,True,37.8,True,False,Cake,18,0,400
2025-05-10,Saturday,True,37.8,True,False,Cupcake,50,5,60
2025-05-10,Saturday,True,37.8,True,False,Jar Cake,31,5,120
2025-05-10,Saturday,True,37.8,True,False,Chocolate,70,8,25
2025-05-10,Saturday,True,37.8,True,False,Brownie,60,5,70
2025-05-10,Saturday,True,37.8,True,False,Croissant,53,8,40
2025-05-10,Saturday,True,37.8,True,False,Cookies,63,3,20
2025-05-10,Saturday,True,37.8,True,False,Muffin,57,5,55
2025-05-11,Sunday,True,35.6,False,False,Cake,25,1,400
2025-05-11,Sunday,True,35.6,False,False,Cupcake,59,11,60
2025-05-11,Sunday,True,35.6,False,False,Jar Cake,36,4,120
2025-05-11,Sunday,True,35.6,False,False,Chocolate,65,9,25
2025-05-11,Sunday,True,35.6,False,False,Brownie,85,10,70
2025-05-11,Sunday,True,35.6,False,False,Croissant,61,8,40
2025-05-11,Sunday,True,35.6,False,False,Cookies,66,6,20
2025-05-11,Sunday,True,35.6,False,False,Muffin,49,4,55
2025-05-12,Monday,False,35.0,False,False,Cake,14,1,400
2025-05-12,Monday,False,35.0,False,False,Cupcake,49,8,60
2025-05-12,Monday,False,35.0,False,False,Jar Cake,32,5,120
2025-05-12,Monday,False,35.0,False,False,Chocolate,50,5,25
2025-05-12,Monday,False,35.0,False,False,Brownie,43,3,70
2025-05-12,Monday,False,35.0,False,False,Croissant,42,4,40
2025-05-12,Monday,False,35.0,False,False,Cookies,44,7,20
2025-05-12,Monday,False,35.0,False,False,Muffin,45,8,55
2025-05-13,Tuesday,False,29.6,False,False,Cake,18,1,400
2025-05-13,Tuesday,False,29.6,False,False,Cupcake,34,4,60
2025-05-13,Tuesday,False,29.6,False,False,Jar Cake,28,4,120
2025-05-13,Tuesday,False,29.6,False,False,Chocolate,36,2,25
2025-05-13,Tuesday,False,29.6,False,False,Brownie,49,2,70
2025-05-13,Tuesday,False,29.6,False,False,Croissant,48,3,40
2025-05-13,Tuesday,False,29.6,False,False,Cookies,48,5,20
2025-05-13,Tuesday,False,29.6,False,False,Muffin,28,4,55
2025-05-14,Wednesday,False,36.1,False,False,Cake,17,2,400
2025-05-14,Wednesday,False,36.1,False,False,Cupcake,39,4,60
2025-05-14,Wednesday,False,36.1,False,False,Jar Cake,31,3,120
2025-05-14,Wednesday,False,36.1,False,False,Chocolate,64,7,25
2025-05-14,Wednesday,False,36.1,False,False,Brownie,34,2,70
2025-05-14,Wednesday,False,36.1,False,False,Croissant,32,2,40
2025-05-14,Wednesday,False,36.1,False,False,Cookies,41,2,20
2025-05-14,Wednesday,False,36.1,False,False,Muffin,33,5,55
2025-05-15,Thursday,False,34.0,True,False,Cake,6,0,400
2025-05-15,Thursday,False,34.0,True,False,Cupcake,43,4,60
2025-05-15,Thursday,False,34.0,True,False,Jar Cake,20,2,120
2025-05-15,Thursday,False,34.0,True,False,Chocolate,49,7,25
2025-05-15,Thursday,False,34.0,True,False,Brownie,39,3,70
2025-05-15,Thursday,False,34.0,True,False,Croissant,50,3,40
2025-05-15,Thursday,False,34.0,True,False,Cookies,41,5,20
2025-05-15,Thursday,False,34.0,True,False,Muffin,34,2,55
2025-05-16,Friday,False,27.1,False,False,Cake,13,1,400
2025-05-16,Friday,False,27.1,False,False,Cupcake,29,2,60
2025-05-16,Friday,False,27.1,False,False,Jar Cake,14,1,120
2025-05-16,Friday,False,27.1,False,False,Chocolate,36,2,25
2025-05-16,Friday,False,27.1,False,False,Brownie,51,7,70
2025-05-16,Friday,False,27.1,False,False,Croissant,49,8,40
2025-05-16,Friday,False,27.1,False,False,Cookies,52,6,20
2025-05-16,Friday,False,27.1,False,False,Muffin,22,3,55
2025-05-17,Saturday,True,29.6,False,False,Cake,20,1,400
2025-05-17,Saturday,True,29.6,False,False,Cupcake,48,7,60
2025-05-17,Saturday,True,29.6,False,False,Jar Cake,38,3,120
2025-05-17,Saturday,True,29.6,False,False,Chocolate,60,10,25
2025-05-17,Saturday,True,29.6,False,False,Brownie,67,11,70
2025-05-17,Saturday,True,29.6,False,False,Croissant,76,6,40
2025-05-17,Saturday,True,29.6,False,False,Cookies,65,9,20
2025-05-17,Saturday,True,29.6,False,False,Muffin,34,5,55
2025-05-18,Sunday,True,31.9,False,False,Cake,20,2,400
2025-05-18,Sunday,True,31.9,False,False,Cupcake,36,2,60
2025-05-18,Sunday,True,31.9,False,False,Jar Cake,29,3,120
2025-05-18,Sunday,True,31.9,False,False,Chocolate,47,3,25
2025-05-18,Sunday,True,31.9,False,False,Brownie,61,4,70
2025-05-18,Sunday,True,31.9,False,False,Croissant,65,11,40
2025-05-18,Sunday,True,31.9,False,False,Cookies,54,3,20
2025-05-18,Sunday,True,31.9,False,False,Muffin,49,7,55
2025-05-19,Monday,False,28.9,False,False,Cake,23,4,400
2025-05-19,Monday,False,28.9,False,False,Cupcake,37,3,60
2025-05-19,Monday,False,28.9,False,False,Jar Cake,25,2,120
2025-05-19,Monday,False,28.9,False,False,Chocolate,41,3,25
2025-05-19,Monday,False,28.9,False,False,Brownie,48,6,70
2025-05-19,Monday,False,28.9,False,False,Croissant,37,3,40
2025-05-19,Monday,False,28.9,False,False,Cookies,50,8,20
2025-05-19,Monday,False,28.9,False,False,Muffin,21,2,55
2025-05-20,Tuesday,False,33.2,False,False,Cake,10,0,400
2025-05-20,Tuesday,False,33.2,False,False,Cupcake,44,3,60
2025-05-20,Tuesday,False,33.2,False,False,Jar Cake,23,1,120
2025-05-20,Tuesday,False,33.2,False,False,Chocolate,56,7,25
2025-05-20,Tuesday,False,33.2,False,False,Brownie,37,7,70
2025-05-20,Tuesday,False,33.2,False,False,Croissant,39,2,40
2025-05-20,Tuesday,False,33.2,False,False,Cookies,63,3,20
2025-05-20,Tuesday,False,33.2,False,False,Muffin,36,3,55
2025-05-21,Wednesday,False,33.0,False,False,Cake,10,0,400
2025-05-21,Wednesday,False,33.0,False,False,Cupcake,52,7,60
2025-05-21,Wednesday,False,33.0,False,False,Jar Cake,30,4,120
2025-05-21,Wednesday,False,33.0,False,False,Chocolate,51,7,25
2025-05-21,Wednesday,False,33.0,False,False,Brownie,45,6,70
2025-05-21,Wednesday,False,33.0,False,False,Croissant,48,5,40
2025-05-21,Wednesday,False,33.0,False,False,Cookies,35,4,20
2025-05-21,Wednesday,False,33.0,False,False,Muffin,27,3,55
2025-05-22,Thursday,False,37.8,False,False,Cake,18,3,400
2025-05-22,Thursday,False,37.8,False,False,Cupcake,53,9,60
2025-05-22,Thursday,False,37.8,False,False,Jar Cake,21,2,120
2025-05-22,Thursday,False,37.8,False,False,Chocolate,54,4,25
2025-05-22,Thursday,False,37.8,False,False,Brownie,48,8,70
2025-05-22,Thursday,False,37.8,False,False,Croissant,42,8,40
2025-05-22,Thursday,False,37.8,False,False,Cookies,61,10,20
2025-05-22,Thursday,False,37.8,False,False,Muffin,30,2,55
2025-05-23,Friday,False,35.4,False,False,Cake,14,2,400
2025-05-23,Friday,False,35.4,False,False,Cupcake,50,9,60
2025-05-23,Friday,False,35.4,False,False,Jar Cake,24,4,120
2025-05-23,Friday,False,35.4,False,False,Chocolate,69,8,25
2025-05-23,Friday,False,35.4,False,False,Brownie,49,6,70
2025-05-23,Friday,False,35.4,False,False,Croissant,40,4,40
2025-05-23,Friday,False,35.4,False,False,Cookies,51,6,20
2025-05-23,Friday,False,35.4,False,False,Muffin,35,1,55
2025-05-24,Saturday,True,32.8,False,False,Cake,21,1,400
2025-05-24,Saturday,True,32.8,False,False,Cupcake,50,4,60
2025-05-24,Saturday,True,32.8,False,False,Jar Cake,59,5,120
2025-05-24,Saturday,True,32.8,False,False,Chocolate,65,4,25
2025-05-24,Saturday,True,32.8,False,False,Brownie,50,8,70
2025-05-24,Saturday,True,32.8,False,False,Croissant,61,9,40
2025-05-24,Saturday,True,32.8,False,False,Cookies,66,5,20
2025-05-24,Saturday,True,32.8,False,False,Muffin,39,3,55
2025-05-25,Sunday,True,32.7,False,False,Cake,28,3,400
2025-05-25,Sunday,True,32.7,False,False,Cupcake,65,7,60
2025-05-25,Sunday,True,32.7,False,False,Jar Cake,37,4,120
2025-05-25,Sunday,True,32.7,False,False,Chocolate,78,5,25
2025-05-25,Sunday,True,32.7,False,False,Brownie,61,3,70
2025-05-25,Sunday,True,32.7,False,False,Croissant,61,10,40
2025-05-25,Sunday,True,32.7,False,False,Cookies,55,6,20
2025-05-25,Sunday,True,32.7,False,False,Muffin,44,7,55
2025-05-26,Monday,False,31.3,False,False,Cake,11,2,400
2025-05-26,Monday,False,31.3,False,False,Cupcake,34,4,60
2025-05-26,Monday,False,31.3,False,False,Jar Cake,23,2,120
2025-05-26,Monday,False,31.3,False,False,Chocolate,41,7,25
2025-05-26,Monday,False,31.3,False,False,Brownie,37,6,70
2025-05-26,Monday,False,31.3,False,False,Croissant,40,3,40
2025-05-26,Monday,False,31.3,False,False,Cookies,43,6,20
2025-05-26,Monday,False,31.3,False,False,Muffin,24,3,55
2025-05-27,Tuesday,False,36.1,False,False,Cake,15,1,400
2025-05-27,Tuesday,False,36.1,False,False,Cupcake,38,3,60
2025-05-27,Tuesday,False,36.1,False,False,Jar Cake,23,3,120
2025-05-27,Tuesday,False,36.1,False,False,Chocolate,49,5,25
2025-05-27,Tuesday,False,36.1,False,False,Brownie,45,6,70
2025-05-27,Tuesday,False,36.1,False,False,Croissant,42,7,40
2025-05-27,Tuesday,False,36.1,False,False,Cookies,49,7,20
2025-05-27,Tuesday,False,36.1,False,False,Muffin,36,5,55
2025-05-28,Wednesday,False,35.2,False,False,Cake,13,2,400
2025-05-28,Wednesday,False,35.2,False,False,Cupcake,39,4,60
2025-05-28,Wednesday,False,35.2,False,False,Jar Cake,27,3,120
2025-05-28,Wednesday,False,35.2,False,False,Chocolate,39,7,25
2025-05-28,Wednesday,False,35.2,False,False,Brownie,53,10,70
2025-05-28,Wednesday,False,35.2,False,False,Croissant,49,2,40
2025-05-28,Wednesday,False,35.2,False,False,Cookies,42,2,20
2025-05-28,Wednesday,False,35.2,False,False,Muffin,34,4,55
2025-05-29,Thursday,False,35.7,True,False,Cake,18,2,400
2025-05-29,Thursday,False,35.7,True,False,Cupcake,41,8,60
2025-05-29,Thursday,False,35.7,True,False,Jar Cake,27,5,120
2025-05-29,Thursday,False,35.7,True,False,Chocolate,46,5,25
2025-05-29,Thursday,False,35.7,True,False,Brownie,45,4,70
2025-05-29,Thursday,False,35.7,True,False,Croissant,38,5,40
2025-05-29,Thursday,False,35.7,True,False,Cookies,40,2,20
2025-05-29,Thursday,False,35.7,True,False,Muffin,37,4,55
2025-05-30,Friday,False,36.0,False,False,Cake,12,0,400
2025-05-30,Friday,False,36.0,False,False,Cupcake,45,8,60
2025-05-30,Friday,False,36.0,False,False,Jar Cake,30,4,120
2025-05-30,Friday,False,36.0,False,False,Chocolate,65,6,25
2025-05-30,Friday,False,36.0,False,False,Brownie,55,3,70
2025-05-30,Friday,False,36.0,False,False,Croissant,34,1,40
2025-05-30,Friday,False,36.0,False,False,Cookies,59,2,20
2025-05-30,Friday,False,36.0,False,False,Muffin,37,5,55
2025-05-31,Saturday,True,34.1,True,False,Cake,19,3,400
2025-05-31,Saturday,True,34.1,True,False,Cupcake,60,10,60
2025-05-31,Saturday,True,34.1,True,False,Jar Cake,34,6,120
2025-05-31,Saturday,True,34.1,True,False,Chocolate,75,6,25
2025-05-31,Saturday,True,34.1,True,False,Brownie,46,8,70
2025-05-31,Saturday,True,34.1,True,False,Croissant,43,4,40
2025-05-31,Saturday,True,34.1,True,False,Cookies,56,9,20
2025-05-31,Saturday,True,34.1,True,False,Muffin,45,6,55
2025-06-01,Sunday,True,38.5,True,False,Cake,22,4,400
2025-06-01,Sunday,True,38.5,True,False,Cupcake,47,4,60
2025-06-01,Sunday,True,38.5,True,False,Jar Cake,34,5,120
2025-06-01,Sunday,True,38.5,True,False,Chocolate,61,5,25
2025-06-01,Sunday,True,38.5,True,False,Brownie,56,4,70
2025-06-01,Sunday,True,38.5,True,False,Croissant,49,5,40
2025-06-01,Sunday,True,38.5,True,False,Cookies,53,4,20
2025-06-01,Sunday,True,38.5,True,False,Muffin,46,2,55
2025-06-02,Monday,False,33.7,False,False,Cake,18,1,400
2025-06-02,Monday,False,33.7,False,False,Cupcake,52,8,60
2025-06-02,Monday,False,33.7,False,False,Jar Cake,26,3,120
2025-06-02,Monday,False,33.7,False,False,Chocolate,51,6,25
2025-06-02,Monday,False,33.7,False,False,Brownie,41,4,70
2025-06-02,Monday,False,33.7,False,False,Croissant,46,9,40
2025-06-02,Monday,False,33.7,False,False,Cookies,50,6,20
2025-06-02,Monday,False,33.7,False,False,Muffin,47,7,55
2025-06-03,Tuesday,False,36.0,False,False,Cake,11,1,400
2025-06-03,Tuesday,False,36.0,False,False,Cupcake,41,5,60
2025-06-03,Tuesday,False,36.0,False,False,Jar Cake,41,6,120
2025-06-03,Tuesday,False,36.0,False,False,Chocolate,60,9,25
2025-06-03,Tuesday,False,36.0,False,False,Brownie,47,5,70
2025-06-03,Tuesday,False,36.0,False,False,Croissant,34,4,40
2025-06-03,Tuesday,False,36.0,False,False,Cookies,66,9,20
2025-06-03,Tuesday,False,36.0,False,False,Muffin,33,5,55
2025-06-04,Wednesday,False,36.3,False,False,Cake,8,1,400
2025-06-04,Wednesday,False,36.3,False,False,Cupcake,45,5,60
2025-06-04,Wednesday,False,36.3,False,False,Jar Cake,31,5,120
2025-06-04,Wednesday,False,36.3,False,False,Chocolate,50,2,25
2025-06-04,Wednesday,False,36.3,False,False,Brownie,49,9,70
2025-06-04,Wednesday,False,36.3,False,False,Croissant,48,7,40
2025-06-04,Wednesday,False,36.3,False,False,Cookies,47,3,20
2025-06-04,Wednesday,False,36.3,False,False,Muffin,35,6,55
2025-06-05,Thursday,False,35.8,False,False,Cake,15,0,400
2025-06-05,Thursday,False,35.8,False,False,Cupcake,43,6,60
2025-06-05,Thursday,False,35.8,False,False,Jar Cake,30,3,120
2025-06-05,Thursday,False,35.8,False,False,Chocolate,42,6,25
2025-06-05,Thursday,False,35.8,False,False,Brownie,45,2,70
2025-06-05,Thursday,False,35.8,False,False,Croissant,48,3,40
2025-06-05,Thursday,False,35.8,False,False,Cookies,45,4,20
2025-06-05,Thursday,False,35.8,False,False,Muffin,42,5,55
2025-06-06,Friday,False,31.3,True,False,Cake,15,2,400
2025-06-06,Friday,False,31.3,True,False,Cupcake,32,1,60
2025-06-06,Friday,False,31.3,True,False,Jar Cake,26,2,120
2025-06-06,Friday,False,31.3,True,False,Chocolate,25,2,25
2025-06-06,Friday,False,31.3,True,False,Brownie,47,8,70
2025-06-06,Friday,False,31.3,True,False,Croissant,39,6,40
2025-06-06,Friday,False,31.3,True,False,Cookies,36,3,20
2025-06-06,Friday,False,31.3,True,False,Muffin,26,1,55
2025-06-07,Saturday,True,33.3,False,False,Cake,26,4,400
2025-06-07,Saturday,True,33.3,False,False,Cupcake,54,7,60
2025-06-07,Saturday,True,33.3,False,False,Jar Cake,43,7,120
2025-06-07,Saturday,True,33.3,False,False,Chocolate,68,9,25
2025-06-07,Saturday,True,33.3,False,False,Brownie,49,3,70
2025-06-07,Saturday,True,33.3,False,False,Croissant,58,3,40
2025-06-07,Saturday,True,33.3,False,False,Cookies,71,11,20
2025-06-07,Saturday,True,33.3,False,False,Muffin,56,5,55
2025-06-08,Sunday,True,33.2,True,False,Cake,21,1,400
2025-06-08,Sunday,True,33.2,True,False,Cupcake,59,8,60
2025-06-08,Sunday,True,33.2,True,False,Jar Cake,38,6,120
2025-06-08,Sunday,True,33.2,True,False,Chocolate,54,9,25
2025-06-08,Sunday,True,33.2,True,False,Brownie,47,7,70
2025-06-08,Sunday,True,33.2,True,False,Croissant,50,8,40
2025-06-08,Sunday,True,33.2,True,False,Cookies,63,6,20
2025-06-08,Sunday,True,33.2,True,False,Muffin,47,8,55
2025-06-09,Monday,False,36.1,True,False,Cake,12,2,400
2025-06-09,Monday,False,36.1,True,False,Cupcake,42,2,60
2025-06-09,Monday,False,36.1,True,False,Jar Cake,29,5,120
2025-06-09,Monday,False,36.1,True,False,Chocolate,49,5,25
2025-06-09,Monday,False,36.1,True,False,Brownie,47,4,70
2025-06-09,Monday,False,36.1,True,False,Croissant,45,3,40
2025-06-09,Monday,False,36.1,True,False,Cookies,48,7,20
2025-06-09,Monday,False,36.1,True,False,Muffin,29,5,55
2025-06-10,Tuesday,False,33.5,True,False,Cake,7,0,400
2025-06-10,Tuesday,False,33.5,True,False,Cupcake,42,5,60
2025-06-10,Tuesday,False,33.5,True,False,Jar Cake,17,2,120
2025-06-10,Tuesday,False,33.5,True,False,Chocolate,38,7,25
2025-06-10,Tuesday,False,33.5,True,False,Brownie,45,6,70
2025-06-10,Tuesday,False,33.5,True,False,Croissant,48,8,40
2025-06-10,Tuesday,False,33.5,True,False,Cookies,48,8,20
2025-06-10,Tuesday,False,33.5,True,False,Muffin,44,3,55
2025-06-11,Wednesday,False,32.2,False,False,Cake,11,1,400
2025-06-11,Wednesday,False,32.2,False,False,Cupcake,34,4,60
2025-06-11,Wednesday,False,32.2,False,False,Jar Cake,39,5,120
2025-06-11,Wednesday,False,32.2,False,False,Chocolate,52,3,25
2025-06-11,Wednesday,False,32.2,False,False,Brownie,43,3,70
2025-06-11,Wednesday,False,32.2,False,False,Croissant,44,2,40
2025-06-11,Wednesday,False,32.2,False,False,Cookies,52,3,20
2025-06-11,Wednesday,False,32.2,False,False,Muffin,52,9,55
2025-06-12,Thursday,False,37.6,False,False,Cake,8,0,400
2025-06-12,Thursday,False,37.6,False,False,Cupcake,57,6,60
2025-06-12,Thursday,False,37.6,False,False,Jar Cake,36,2,120
2025-06-12,Thursday,False,37.6,False,False,Chocolate,58,10,25
2025-06-12,Thursday,False,37.6,False,False,Brownie,42,4,70
2025-06-12,Thursday,False,37.6,False,False,Croissant,40,4,40
2025-06-12,Thursday,False,37.6,False,False,Cookies,48,7,20
2025-06-12,Thursday,False,37.6,False,False,Muffin,50,6,55
2025-06-13,Friday,False,33.4,False,False,Cake,17,1,400
2025-06-13,Friday,False,33.4,False,False,Cupcake,53,5,60
2025-06-13,Friday,False,33.4,False,False,Jar Cake,35,2,120
2025-06-13,Friday,False,33.4,False,False,Chocolate,47,2,25
2025-06-13,Friday,False,33.4,False,False,Brownie,36,5,70
2025-06-13,Friday,False,33.4,False,False,Croissant,47,4,40
2025-06-13,Friday,False,33.4,False,False,Cookies,47,3,20
2025-06-13,Friday,False,33.4,False,False,Muffin,42,8,55
2025-06-14,Saturday,True,35.5,True,False,Cake,16,1,400
2025-06-14,Saturday,True,35.5,True,False,Cupcake,47,4,60
2025-06-14,Saturday,True,35.5,True,False,Jar Cake,36,6,120
2025-06-14,Saturday,True,35.5,True,False,Chocolate,51,5,25
2025-06-14,Saturday,True,35.5,True,False,Brownie,61,4,70
2025-06-14,Saturday,True,35.5,True,False,Croissant,51,6,40
2025-06-14,Saturday,True,35.5,True,False,Cookies,56,3,20
2025-06-14,Saturday,True,35.5,True,False,Muffin,54,3,55
2025-06-15,Sunday,True,33.7,True,False,Cake,19,2,400
2025-06-15,Sunday,True,33.7,True,False,Cupcake,56,10,60
2025-06-15,Sunday,True,33.7,True,False,Jar Cake,25,1,120
2025-06-15,Sunday,True,33.7,True,False,Chocolate,70,9,25
2025-06-15,Sunday,True,33.7,True,False,Brownie,39,3,70
2025-06-15,Sunday,True,33.7,True,False,Croissant,53,3,40
2025-06-15,Sunday,True,33.7,True,False,Cookies,63,7,20
2025-06-15,Sunday,True,33.7,True,False,Muffin,36,4,55
2025-06-16,Monday,False,35.0,False,False,Cake,21,3,400
2025-06-16,Monday,False,35.0,False,False,Cupcake,42,2,60
2025-06-16,Monday,False,35.0,False,False,Jar Cake,34,5,120
2025-06-16,Monday,False,35.0,False,False,Chocolate,43,3,25
2025-06-16,Monday,False,35.0,False,False,Brownie,48,8,70
2025-06-16,Monday,False,35.0,False,False,Croissant,39,6,40
2025-06-16,Monday,False,35.0,False,False,Cookies,49,6,20
2025-06-16,Monday,False,35.0,False,False,Muffin,41,5,55
2025-06-17,Tuesday,False,36.9,True,False,Cake,18,1,400
2025-06-17,Tuesday,False,36.9,True,False,Cupcake,39,7,60
2025-06-17,Tuesday,False,36.9,True,False,Jar Cake,22,1,120
2025-06-17,Tuesday,False,36.9,True,False,Chocolate,38,4,25
2025-06-17,Tuesday,False,36.9,True,False,Brownie,35,5,70
2025-06-17,Tuesday,False,36.9,True,False,Croissant,32,3,40
2025-06-17,Tuesday,False,36.9,True,False,Cookies,43,2,20
2025-06-17,Tuesday,False,36.9,True,False,Muffin,33,4,55
2025-06-18,Wednesday,False,33.6,False,False,Cake,21,1,400
2025-06-18,Wednesday,False,33.6,False,False,Cupcake,42,3,60
2025-06-18,Wednesday,False,33.6,False,False,Jar Cake,27,1,120
2025-06-18,Wednesday,False,33.6,False,False,Chocolate,66,5,25
2025-06-18,Wednesday,False,33.6,False,False,Brownie,40,6,70
2025-06-18,Wednesday,False,33.6,False,False,Croissant,51,8,40
2025-06-18,Wednesday,False,33.6,False,False,Cookies,48,6,20
2025-06-18,Wednesday,False,33.6,False,False,Muffin,34,1,55
2025-06-19,Thursday,False,31.9,False,False,Cake,13,0,400
2025-06-19,Thursday,False,31.9,False,False,Cupcake,32,1,60
2025-06-19,Thursday,False,31.9,False,False,Jar Cake,24,2,120
2025-06-19,Thursday,False,31.9,False,False,Chocolate,33,5,25
2025-06-19,Thursday,False,31.9,False,False,Brownie,44,6,70
2025-06-19,Thursday,False,31.9,False,False,Croissant,37,4,40
2025-06-19,Thursday,False,31.9,False,False,Cookies,44,5,20
2025-06-19,Thursday,False,31.9,False,False,Muffin,22,2,55
2025-06-20,Friday,False,35.7,False,False,Cake,15,0,400
2025-06-20,Friday,False,35.7,False,False,Cupcake,47,6,60
2025-06-20,Friday,False,35.7,False,False,Jar Cake,28,2,120
2025-06-20,Friday,False,35.7,False,False,Chocolate,53,5,25
2025-06-20,Friday,False,35.7,False,False,Brownie,49,2,70
2025-06-20,Friday,False,35.7,False,False,Croissant,58,8,40
2025-06-20,Friday,False,35.7,False,False,Cookies,59,10,20
2025-06-20,Friday,False,35.7,False,False,Muffin,32,4,55
2025-06-21,Saturday,True,34.2,False,False,Cake,27,3,400
2025-06-21,Saturday,True,34.2,False,False,Cupcake,57,7,60
2025-06-21,Saturday,True,34.2,False,False,Jar Cake,46,8,120
2025-06-21,Saturday,True,34.2,False,False,Chocolate,72,3,25
2025-06-21,Saturday,True,34.2,False,False,Brownie,62,10,70
2025-06-21,Saturday,True,34.2,False,False,Croissant,73,3,40
2025-06-21,Saturday,True,34.2,False,False,Cookies,67,13,20
2025-06-21,Saturday,True,34.2,False,False,Muffin,46,2,55
2025-06-22,Sunday,True,30.3,True,False,Cake,15,2,400
2025-06-22,Sunday,True,30.3,True,False,Cupcake,34,6,60
2025-06-22,Sunday,True,30.3,True,False,Jar Cake,32,3,120
2025-06-22,Sunday,True,30.3,True,False,Chocolate,53,8,25
2025-06-22,Sunday,True,30.3,True,False,Brownie,57,10,70
2025-06-22,Sunday,True,30.3,True,False,Croissant,51,9,40
2025-06-22,Sunday,True,30.3,True,False,Cookies,55,7,20
2025-06-22,Sunday,True,30.3,True,False,Muffin,32,4,55
2025-06-23,Monday,False,35.8,False,False,Cake,13,2,400
2025-06-23,Monday,False,35.8,False,False,Cupcake,37,6,60
2025-06-23,Monday,False,35.8,False,False,Jar Cake,37,5,120
2025-06-23,Monday,False,35.8,False,False,Chocolate,58,11,25
2025-06-23,Monday,False,35.8,False,False,Brownie,44,4,70
2025-06-23,Monday,False,35.8,False,False,Croissant,36,3,40
2025-06-23,Monday,False,35.8,False,False,Cookies,35,2,20
2025-06-23,Monday,False,35.8,False,False,Muffin,33,1,55
2025-06-24,Tuesday,False,36.0,False,False,Cake,11,0,400
2025-06-24,Tuesday,False,36.0,False,False,Cupcake,51,6,60
2025-06-24,Tuesday,False,36.0,False,False,Jar Cake,28,5,120
2025-06-24,Tuesday,False,36.0,False,False,Chocolate,53,7,25
2025-06-24,Tuesday,False,36.0,False,False,Brownie,59,8,70
2025-06-24,Tuesday,False,36.0,False,False,Croissant,49,8,40
2025-06-24,Tuesday,False,36.0,False,False,Cookies,48,8,20
2025-06-24,Tuesday,False,36.0,False,False,Muffin,42,5,55
2025-06-25,Wednesday,False,31.7,True,False,Cake,16,1,400
2025-06-25,Wednesday,False,31.7,True,False,Cupcake,35,2,60
2025-06-25,Wednesday,False,31.7,True,False,Jar Cake,20,2,120
2025-06-25,Wednesday,False,31.7,True,False,Chocolate,31,2,25
2025-06-25,Wednesday,False,31.7,True,False,Brownie,45,3,70
2025-06-25,Wednesday,False,31.7,True,False,Croissant,36,4,40
2025-06-25,Wednesday,False,31.7,True,False,Cookies,52,9,20
2025-06-25,Wednesday,False,31.7,True,False,Muffin,25,4,55
2025-06-26,Thursday,False,34.7,False,False,Cake,9,0,400
2025-06-26,Thursday,False,34.7,False,False,Cupcake,45,7,60
2025-06-26,Thursday,False,34.7,False,False,Jar Cake,36,6,120
2025-06-26,Thursday,False,34.7,False,False,Chocolate,53,7,25
2025-06-26,Thursday,False,34.7,False,False,Brownie,44,2,70
2025-06-26,Thursday,False,34.7,False,False,Croissant,40,5,40
2025-06-26,Thursday,False,34.7,False,False,Cookies,52,5,20
2025-06-26,Thursday,False,34.7,False,False,Muffin,37,4,55
2025-06-27,Friday,False,32.0,False,False,Cake,14,0,400
2025-06-27,Friday,False,32.0,False,False,Cupcake,38,7,60
2025-06-27,Friday,False,32.0,False,False,Jar Cake,26,3,120
2025-06-27,Friday,False,32.0,False,False,Chocolate,33,6,25
2025-06-27,Friday,False,32.0,False,False,Brownie,44,3,70
2025-06-27,Friday,False,32.0,False,False,Croissant,49,9,40
2025-06-27,Friday,False,32.0,False,False,Cookies,54,7,20
2025-06-27,Friday,False,32.0,False,False,Muffin,31,1,55
2025-06-28,Saturday,True,37.5,False,False,Cake,24,4,400
2025-06-28,Saturday,True,37.5,False,False,Cupcake,77,11,60
2025-06-28,Saturday,True,37.5,False,False,Jar Cake,41,2,120
2025-06-28,Saturday,True,37.5,False,False,Chocolate,70,6,25
2025-06-28,Saturday,True,37.5,False,False,Brownie,64,10,70
2025-06-28,Saturday,True,37.5,False,False,Croissant,70,6,40
2025-06-28,Saturday,True,37.5,False,False,Cookies,68,13,20
2025-06-28,Saturday,True,37.5,False,False,Muffin,44,2,55
2025-06-29,Sunday,True,36.2,False,False,Cake,15,2,400
2025-06-29,Sunday,True,36.2,False,False,Cupcake,56,7,60
2025-06-29,Sunday,True,36.2,False,False,Jar Cake,43,5,120
2025-06-29,Sunday,True,36.2,False,False,Chocolate,73,5,25
2025-06-29,Sunday,True,36.2,False,False,Brownie,62,6,70
2025-06-29,Sunday,True,36.2,False,False,Croissant,65,3,40
2025-06-29,Sunday,True,36.2,False,False,Cookies,63,4,20
2025-06-29,Sunday,True,36.2,False,False,Muffin,47,9,55
2025-06-30,Monday,False,34.1,True,False,Cake,15,2,400
2025-06-30,Monday,False,34.1,True,False,Cupcake,50,3,60
2025-06-30,Monday,False,34.1,True,False,Jar Cake,29,2,120
2025-06-30,Monday,False,34.1,True,False,Chocolate,42,7,25
2025-06-30,Monday,False,34.1,True,False,Brownie,41,3,70
2025-06-30,Monday,False,34.1,True,False,Croissant,32,2,40
2025-06-30,Monday,False,34.1,True,False,Cookies,45,7,20
2025-06-30,Monday,False,34.1,True,False,Muffin,39,3,55
2025-07-01,Tuesday,False,35.3,False,False,Cake,5,0,400
2025-07-01,Tuesday,False,35.3,False,False,Cupcake,39,6,60
2025-07-01,Tuesday,False,35.3,False,False,Jar Cake,28,2,120
2025-07-01,Tuesday,False,35.3,False,False,Chocolate,63,9,25
2025-07-01,Tuesday,False,35.3,False,False,Brownie,43,4,70
2025-07-01,Tuesday,False,35.3,False,False,Croissant,42,5,40
2025-07-01,Tuesday,False,35.3,False,False,Cookies,45,4,20
2025-07-01,Tuesday,False,35.3,False,False,Muffin,37,6,55
2025-07-02,Wednesday,False,34.8,False,False,Cake,18,2,400
2025-07-02,Wednesday,False,34.8,False,False,Cupcake,56,4,60
2025-07-02,Wednesday,False,34.8,False,False,Jar Cake,44,6,120
2025-07-02,Wednesday,False,34.8,False,False,Chocolate,49,6,25
2025-07-02,Wednesday,False,34.8,False,False,Brownie,43,6,70
2025-07-02,Wednesday,False,34.8,False,False,Croissant,50,5,40
2025-07-02,Wednesday,False,34.8,False,False,Cookies,50,2,20
2025-07-02,Wednesday,False,34.8,False,False,Muffin,40,2,55
2025-07-03,Thursday,False,32.0,False,False,Cake,7,0,400
2025-07-03,Thursday,False,32.0,False,False,Cupcake,42,3,60
2025-07-03,Thursday,False,32.0,False,False,Jar Cake,31,1,120
2025-07-03,Thursday,False,32.0,False,False,Chocolate,38,3,25
2025-07-03,Thursday,False,32.0,False,False,Brownie,44,6,70
2025-07-03,Thursday,False,32.0,False,False,Croissant,50,5,40
2025-07-03,Thursday,False,32.0,False,False,Cookies,38,2,20
2025-07-03,Thursday,False,32.0,False,False,Muffin,30,5,55
2025-07-04,Friday,False,35.1,False,False,Cake,15,1,400
2025-07-04,Friday,False,35.1,False,False,Cupcake,42,3,60
2025-07-04,Friday,False,35.1,False,False,Jar Cake,29,2,120
2025-07-04,Friday,False,35.1,False,False,Chocolate,50,5,25
2025-07-04,Friday,False,35.1,False,False,Brownie,67,12,70
2025-07-04,Friday,False,35.1,False,False,Croissant,47,5,40
2025-07-04,Friday,False,35.1,False,False,Cookies,49,9,20
2025-07-04,Friday,False,35.1,False,False,Muffin,34,4,55
2025-07-05,Saturday,True,33.3,False,False,Cake,18,2,400
2025-07-05,Saturday,True,33.3,False,False,Cupcake,68,7,60
2025-07-05,Saturday,True,33.3,False,False,Jar Cake,48,7,120
2025-07-05,Saturday,True,33.3,False,False,Chocolate,64,10,25
2025-07-05,Saturday,True,33.3,False,False,Brownie,61,5,70
2025-07-05,Saturday,True,33.3,False,False,Croissant,63,8,40
2025-07-05,Saturday,True,33.3,False,False,Cookies,62,10,20
2025-07-05,Saturday,True,33.3,False,False,Muffin,47,7,55
2025-07-06,Sunday,True,36.8,False,False,Cake,19,1,400
2025-07-06,Sunday,True,36.8,False,False,Cupcake,52,3,60
2025-07-06,Sunday,True,36.8,False,False,Jar Cake,57,10,120
2025-07-06,Sunday,True,36.8,False,False,Chocolate,83,14,25
2025-07-06,Sunday,True,36.8,False,False,Brownie,52,8,70
2025-07-06,Sunday,True,36.8,False,False,Croissant,65,5,40
2025-07-06,Sunday,True,36.8,False,False,Cookies,72,12,20
2025-07-06,Sunday,True,36.8,False,False,Muffin,45,3,55
2025-07-07,Monday,False,36.7,True,False,Cake,12,1,400
2025-07-07,Monday,False,36.7,True,False,Cupcake,33,4,60
2025-07-07,Monday,False,36.7,True,False,Jar Cake,24,4,120
2025-07-07,Monday,False,36.7,True,False,Chocolate,37,3,25
2025-07-07,Monday,False,36.7,True,False,Brownie,37,3,70
2025-07-07,Monday,False,36.7,True,False,Croissant,44,5,40
2025-07-07,Monday,False,36.7,True,False,Cookies,40,7,20
2025-07-07,Monday,False,36.7,True,False,Muffin,30,2,55
2025-07-08,Tuesday,False,31.3,True,False,Cake,12,0,400
2025-07-08,Tuesday,False,31.3,True,False,Cupcake,26,2,60
2025-07-08,Tuesday,False,31.3,True,False,Jar Cake,24,2,120
2025-07-08,Tuesday,False,31.3,True,False,Chocolate,29,4,25
2025-07-08,Tuesday,False,31.3,True,False,Brownie,35,2,70
2025-07-08,Tuesday,False,31.3,True,False,Croissant,47,6,40
2025-07-08,Tuesday,False,31.3,True,False,Cookies,42,5,20
2025-07-08,Tuesday,False,31.3,True,False,Muffin,25,3,55
2025-07-09,Wednesday,False,32.6,True,False,Cake,9,1,400
2025-07-09,Wednesday,False,32.6,True,False,Cupcake,39,5,60
2025-07-09,Wednesday,False,32.6,True,False,Jar Cake,27,1,120
2025-07-09,Wednesday,False,32.6,True,False,Chocolate,47,3,25
2025-07-09,Wednesday,False,32.6,True,False,Brownie,37,5,70
2025-07-09,Wednesday,False,32.6,True,False,Croissant,36,6,40
2025-07-09,Wednesday,False,32.6,True,False,Cookies,48,7,20
2025-07-09,Wednesday,False,32.6,True,False,Muffin,21,1,55
2025-07-10,Thursday,False,33.7,True,False,Cake,11,1,400
2025-07-10,Thursday,False,33.7,True,False,Cupcake,45,2,60
2025-07-10,Thursday,False,33.7,True,False,Jar Cake,32,4,120
2025-07-10,Thursday,False,33.7,True,False,Chocolate,54,6,25
2025-07-10,Thursday,False,33.7,True,False,Brownie,34,2,70
2025-07-10,Thursday,False,33.7,True,False,Croissant,47,3,40
2025-07-10,Thursday,False,33.7,True,False,Cookies,50,6,20
2025-07-10,Thursday,False,33.7,True,False,Muffin,37,5,55
2025-07-11,Friday,False,32.2,False,False,Cake,13,0,400
2025-07-11,Friday,False,32.2,False,False,Cupcake,41,4,60
2025-07-11,Friday,False,32.2,False,False,Jar Cake,30,4,120
2025-07-11,Friday,False,32.2,False,False,Chocolate,51,2,25
2025-07-11,Friday,False,32.2,False,False,Brownie,38,5,70
2025-07-11,Friday,False,32.2,False,False,Croissant,51,8,40
2025-07-11,Friday,False,32.2,False,False,Cookies,43,6,20
2025-07-11,Friday,False,32.2,False,False,Muffin,39,5,55
2025-07-12,Saturday,True,30.6,True,False,Cake,15,2,400
2025-07-12,Saturday,True,30.6,True,False,Cupcake,42,4,60
2025-07-12,Saturday,True,30.6,True,False,Jar Cake,37,5,120
2025-07-12,Saturday,True,30.6,True,False,Chocolate,46,6,25
2025-07-12,Saturday,True,30.6,True,False,Brownie,47,6,70
2025-07-12,Saturday,True,30.6,True,False,Croissant,51,5,40
2025-07-12,Saturday,True,30.6,True,False,Cookies,58,3,20
2025-07-12,Saturday,True,30.6,True,False,Muffin,32,4,55
2025-07-13,Sunday,True,35.9,True,False,Cake,22,2,400
2025-07-13,Sunday,True,35.9,True,False,Cupcake,49,4,60
2025-07-13,Sunday,True,35.9,True,False,Jar Cake,19,2,120
2025-07-13,Sunday,True,35.9,True,False,Chocolate,75,9,25
2025-07-13,Sunday,True,35.9,True,False,Brownie,53,4,70
2025-07-13,Sunday,True,35.9,True,False,Croissant,43,6,40
2025-07-13,Sunday,True,35.9,True,False,Cookies,51,7,20
2025-07-13,Sunday,True,35.9,True,False,Muffin,55,5,55
2025-07-14,Monday,False,30.8,False,False,Cake,18,2,400
2025-07-14,Monday,False,30.8,False,False,Cupcake,37,2,60
2025-07-14,Monday,False,30.8,False,False,Jar Cake,23,3,120
2025-07-14,Monday,False,30.8,False,False,Chocolate,35,3,25
2025-07-14,Monday,False,30.8,False,False,Brownie,46,5,70
2025-07-14,Monday,False,30.8,False,False,Croissant,49,8,40
2025-07-14,Monday,False,30.8,False,False,Cookies,42,6,20
2025-07-14,Monday,False,30.8,False,False,Muffin,33,4,55
2025-07-15,Tuesday,False,35.7,True,False,Cake,17,1,400
2025-07-15,Tuesday,False,35.7,True,False,Cupcake,40,2,60
2025-07-15,Tuesday,False,35.7,True,False,Jar Cake,29,4,120
2025-07-15,Tuesday,False,35.7,True,False,Chocolate,41,7,25
2025-07-15,Tuesday,False,35.7,True,False,Brownie,34,3,70
2025-07-15,Tuesday,False,35.7,True,False,Croissant,37,3,40
2025-07-15,Tuesday,False,35.7,True,False,Cookies,45,7,20
2025-07-15,Tuesday,False,35.7,True,False,Muffin,39,2,55
2025-07-16,Wednesday,False,34.4,False,False,Cake,7,1,400
2025-07-16,Wednesday,False,34.4,False,False,Cupcake,45,7,60
2025-07-16,Wednesday,False,34.4,False,False,Jar Cake,33,6,120
2025-07-16,Wednesday,False,34.4,False,False,Chocolate,45,7,25
2025-07-16,Wednesday,False,34.4,False,False,Brownie,35,2,70
2025-07-16,Wednesday,False,34.4,False,False,Croissant,52,4,40
2025-07-16,Wednesday,False,34.4,False,False,Cookies,49,7,20
2025-07-16,Wednesday,False,34.4,False,False,Muffin,38,4,55
2025-07-17,Thursday,False,36.9,False,False,Cake,11,1,400
2025-07-17,Thursday,False,36.9,False,False,Cupcake,39,3,60
2025-07-17,Thursday,False,36.9,False,False,Jar Cake,37,6,120
2025-07-17,Thursday,False,36.9,False,False,Chocolate,63,10,25
2025-07-17,Thursday,False,36.9,False,False,Brownie,46,6,70
2025-07-17,Thursday,False,36.9,False,False,Croissant,56,5,40
2025-07-17,Thursday,False,36.9,False,False,Cookies,48,2,20
2025-07-17,Thursday,False,36.9,False,False,Muffin,39,5,55
2025-07-18,Friday,False,36.5,False,False,Cake,24,1,400
2025-07-18,Friday,False,36.5,False,False,Cupcake,42,3,60
2025-07-18,Friday,False,36.5,False,False,Jar Cake,26,4,120
2025-07-18,Friday,False,36.5,False,False,Chocolate,53,9,25
2025-07-18,Friday,False,36.5,False,False,Brownie,64,12,70
2025-07-18,Friday,False,36.5,False,False,Croissant,50,7,40
2025-07-18,Friday,False,36.5,False,False,Cookies,47,2,20
2025-07-18,Friday,False,36.5,False,False,Muffin,36,4,55
2025-07-19,Saturday,True,30.7,False,False,Cake,16,1,400
2025-07-19,Saturday,True,30.7,False,False,Cupcake,38,2,60
2025-07-19,Saturday,True,30.7,False,False,Jar Cake,35,2,120
2025-07-19,Saturday,True,30.7,False,False,Chocolate,55,2,25
2025-07-19,Saturday,True,30.7,False,False,Brownie,62,9,70
2025-07-19,Saturday,True,30.7,False,False,Croissant,51,7,40
2025-07-19,Saturday,True,30.7,False,False,Cookies,80,13,20
2025-07-19,Saturday,True,30.7,False,False,Muffin,45,6,55
2025-07-20,Sunday,True,34.9,True,False,Cake,16,0,400
2025-07-20,Sunday,True,34.9,True,False,Cupcake,56,9,60
2025-07-20,Sunday,True,34.9,True,False,Jar Cake,33,3,120
2025-07-20,Sunday,True,34.9,True,False,Chocolate,54,5,25
2025-07-20,Sunday,True,34.9,True,False,Brownie,54,5,70
2025-07-20,Sunday,True,34.9,True,False,Croissant,45,6,40
2025-07-20,Sunday,True,34.9,True,False,Cookies,69,12,20
2025-07-20,Sunday,True,34.9,True,False,Muffin,45,2,55
2025-07-21,Monday,False,35.8,False,False,Cake,12,1,400
2025-07-21,Monday,False,35.8,False,False,Cupcake,52,7,60
2025-07-21,Monday,False,35.8,False,False,Jar Cake,33,6,120
2025-07-21,Monday,False,35.8,False,False,Chocolate,53,4,25
2025-07-21,Monday,False,35.8,False,False,Brownie,47,2,70
2025-07-21,Monday,False,35.8,False,False,Croissant,52,7,40
2025-07-21,Monday,False,35.8,False,False,Cookies,37,7,20
2025-07-21,Monday,False,35.8,False,False,Muffin,47,3,55
2025-07-22,Tuesday,False,29.4,False,False,Cake,26,1,400
2025-07-22,Tuesday,False,29.4,False,False,Cupcake,44,8,60
2025-07-22,Tuesday,False,29.4,False,False,Jar Cake,20,2,120
2025-07-22,Tuesday,False,29.4,False,False,Chocolate,39,7,25
2025-07-22,Tuesday,False,29.4,False,False,Brownie,52,3,70
2025-07-22,Tuesday,False,29.4,False,False,Croissant,50,5,40
2025-07-22,Tuesday,False,29.4,False,False,Cookies,63,5,20
2025-07-22,Tuesday,False,29.4,False,False,Muffin,32,2,55
2025-07-23,Wednesday,False,32.0,True,False,Cake,9,0,400
2025-07-23,Wednesday,False,32.0,True,False,Cupcake,26,3,60
2025-07-23,Wednesday,False,32.0,True,False,Jar Cake,24,2,120
2025-07-23,Wednesday,False,32.0,True,False,Chocolate,34,2,25
2025-07-23,Wednesday,False,32.0,True,False,Brownie,27,5,70
2025-07-23,Wednesday,False,32.0,True,False,Croissant,28,5,40
2025-07-23,Wednesday,False,32.0,True,False,Cookies,35,6,20
2025-07-23,Wednesday,False,32.0,True,False,Muffin,34,5,55
2025-07-24,Thursday,False,35.0,False,False,Cake,17,1,400
2025-07-24,Thursday,False,35.0,False,False,Cupcake,51,4,60
2025-07-24,Thursday,False,35.0,False,False,Jar Cake,38,7,120
2025-07-24,Thursday,False,35.0,False,False,Chocolate,44,3,25
2025-07-24,Thursday,False,35.0,False,False,Brownie,55,8,70
2025-07-24,Thursday,False,35.0,False,False,Croissant,51,9,40
2025-07-24,Thursday,False,35.0,False,False,Cookies,58,2,20
2025-07-24,Thursday,False,35.0,False,False,Muffin,35,6,55
2025-07-25,Friday,False,35.7,False,False,Cake,8,1,400
2025-07-25,Friday,False,35.7,False,False,Cupcake,35,3,60
2025-07-25,Friday,False,35.7,False,False,Jar Cake,33,5,120
2025-07-25,Friday,False,35.7,False,False,Chocolate,43,6,25
2025-07-25,Friday,False,35.7,False,False,Brownie,55,10,70
2025-07-25,Friday,False,35.7,False,False,Croissant,54,5,40
2025-07-25,Friday,False,35.7,False,False,Cookies,63,11,20
2025-07-25,Friday,False,35.7,False,False,Muffin,45,3,55
2025-07-26,Saturday,True,31.9,False,False,Cake,23,2,400
2025-07-26,Saturday,True,31.9,False,False,Cupcake,47,7,60
2025-07-26,Saturday,True,31.9,False,False,Jar Cake,30,5,120
2025-07-26,Saturday,True,31.9,False,False,Chocolate,57,7,25
2025-07-26,Saturday,True,31.9,False,False,Brownie,59,10,70
2025-07-26,Saturday,True,31.9,False,False,Croissant,60,3,40
2025-07-26,Saturday,True,31.9,False,False,Cookies,70,8,20
2025-07-26,Saturday,True,31.9,False,False,Muffin,35,2,55
2025-07-27,Sunday,True,32.5,False,False,Cake,21,2,400
2025-07-27,Sunday,True,32.5,False,False,Cupcake,51,3,60
2025-07-27,Sunday,True,32.5,False,False,Jar Cake,37,4,120
2025-07-27,Sunday,True,32.5,False,False,Chocolate,56,10,25
2025-07-27,Sunday,True,32.5,False,False,Brownie,66,5,70
2025-07-27,Sunday,True,32.5,False,False,Croissant,65,3,40
2025-07-27,Sunday,True,32.5,False,False,Cookies,76,10,20
2025-07-27,Sunday,True,32.5,False,False,Muffin,61,8,55
2025-07-28,Monday,False,29.9,False,False,Cake,12,1,400
2025-07-28,Monday,False,29.9,False,False,Cupcake,34,2,60
2025-07-28,Monday,False,29.9,False,False,Jar Cake,33,5,120
2025-07-28,Monday,False,29.9,False,False,Chocolate,46,5,25
2025-07-28,Monday,False,29.9,False,False,Brownie,62,9,70
2025-07-28,Monday,False,29.9,False,False,Croissant,63,11,40
2025-07-28,Monday,False,29.9,False,False,Cookies,63,5,20
2025-07-28,Monday,False,29.9,False,False,Muffin,27,4,55
2025-07-29,Tuesday,False,34.9,False,False,Cake,17,1,400
2025-07-29,Tuesday,False,34.9,False,False,Cupcake,51,9,60
2025-07-29,Tuesday,False,34.9,False,False,Jar Cake,37,4,120
2025-07-29,Tuesday,False,34.9,False,False,Chocolate,63,6,25
2025-07-29,Tuesday,False,34.9,False,False,Brownie,34,4,70
2025-07-29,Tuesday,False,34.9,False,False,Croissant,40,5,40
2025-07-29,Tuesday,False,34.9,False,False,Cookies,42,5,20
2025-07-29,Tuesday,False,34.9,False,False,Muffin,40,3,55
2025-07-30,Wednesday,False,35.3,False,False,Cake,11,0,400
2025-07-30,Wednesday,False,35.3,False,False,Cupcake,47,8,60
2025-07-30,Wednesday,False,35.3,False,False,Jar Cake,36,6,120
2025-07-30,Wednesday,False,35.3,False,False,Chocolate,54,9,25
2025-07-30,Wednesday,False,35.3,False,False,Brownie,48,4,70
2025-07-30,Wednesday,False,35.3,False,False,Croissant,42,5,40
2025-07-30,Wednesday,False,35.3,False,False,Cookies,52,5,20
2025-07-30,Wednesday,False,35.3,False,False,Muffin,46,7,55
2025-07-31,Thursday,False,31.9,True,False,Cake,13,1,400
2025-07-31,Thursday,False,31.9,True,False,Cupcake,26,2,60
2025-07-31,Thursday,False,31.9,True,False,Jar Cake,20,3,120
2025-07-31,Thursday,False,31.9,True,False,Chocolate,36,3,25
2025-07-31,Thursday,False,31.9,True,False,Brownie,33,3,70
2025-07-31,Thursday,False,31.9,True,False,Croissant,32,5,40
2025-07-31,Thursday,False,31.9,True,False,Cookies,40,2,20
2025-07-31,Thursday,False,31.9,True,False,Muffin,24,3,55
2025-08-01,Friday,False,32.7,False,False,Cake,18,1,400
2025-08-01,Friday,False,32.7,False,False,Cupcake,35,4,60
2025-08-01,Friday,False,32.7,False,False,Jar Cake,32,5,120
2025-08-01,Friday,False,32.7,False,False,Chocolate,58,8,25
2025-08-01,Friday,False,32.7,False,False,Brownie,33,3,70
2025-08-01,Friday,False,32.7,False,False,Croissant,47,2,40
2025-08-01,Friday,False,32.7,False,False,Cookies,51,7,20
2025-08-01,Friday,False,32.7,False,False,Muffin,59,7,55
2025-08-02,Saturday,True,32.1,False,False,Cake,21,2,400
2025-08-02,Saturday,True,32.1,False,False,Cupcake,64,10,60
2025-08-02,Saturday,True,32.1,False,False,Jar Cake,49,4,120
2025-08-02,Saturday,True,32.1,False,False,Chocolate,68,13,25
2025-08-02,Saturday,True,32.1,False,False,Brownie,47,4,70
2025-08-02,Saturday,True,32.1,False,False,Croissant,54,7,40
2025-08-02,Saturday,True,32.1,False,False,Cookies,59,6,20
2025-08-02,Saturday,True,32.1,False,False,Muffin,49,8,55
2025-08-03,Sunday,True,33.5,False,False,Cake,19,2,400
2025-08-03,Sunday,True,33.5,False,False,Cupcake,73,6,60
2025-08-03,Sunday,True,33.5,False,False,Jar Cake,45,5,120
2025-08-03,Sunday,True,33.5,False,False,Chocolate,70,8,25
2025-08-03,Sunday,True,33.5,False,False,Brownie,57,6,70
2025-08-03,Sunday,True,33.5,False,False,Croissant,61,4,40
2025-08-03,Sunday,True,33.5,False,False,Cookies,60,6,20
2025-08-03,Sunday,True,33.5,False,False,Muffin,50,4,55
2025-08-04,Monday,False,33.7,False,False,Cake,16,2,400
2025-08-04,Monday,False,33.7,False,False,Cupcake,46,7,60
2025-08-04,Monday,False,33.7,False,False,Jar Cake,28,3,120
2025-08-04,Monday,False,33.7,False,False,Chocolate,54,9,25
2025-08-04,Monday,False,33.7,False,False,Brownie,47,5,70
2025-08-04,Monday,False,33.7,False,False,Croissant,46,2,40
2025-08-04,Monday,False,33.7,False,False,Cookies,58,4,20
2025-08-04,Monday,False,33.7,False,False,Muffin,45,4,55
2025-08-05,Tuesday,False,35.6,False,False,Cake,15,2,400
2025-08-05,Tuesday,False,35.6,False,False,Cupcake,45,8,60
2025-08-05,Tuesday,False,35.6,False,False,Jar Cake,31,1,120
2025-08-05,Tuesday,False,35.6,False,False,Chocolate,54,6,25
2025-08-05,Tuesday,False,35.6,False,False,Brownie,52,4,70
2025-08-05,Tuesday,False,35.6,False,False,Croissant,51,8,40
2025-08-05,Tuesday,False,35.6,False,False,Cookies,52,9,20
2025-08-05,Tuesday,False,35.6,False,False,Muffin,33,5,55
2025-08-06,Wednesday,False,35.0,False,False,Cake,19,2,400
2025-08-06,Wednesday,False,35.0,False,False,Cupcake,49,7,60
2025-08-06,Wednesday,False,35.0,False,False,Jar Cake,35,5,120
2025-08-06,Wednesday,False,35.0,False,False,Chocolate,57,4,25
2025-08-06,Wednesday,False,35.0,False,False,Brownie,40,3,70
2025-08-06,Wednesday,False,35.0,False,False,Croissant,39,5,40
2025-08-06,Wednesday,False,35.0,False,False,Cookies,51,9,20
2025-08-06,Wednesday,False,35.0,False,False,Muffin,33,6,55
2025-08-07,Thursday,False,29.5,True,False,Cake,11,1,400
2025-08-07,Thursday,False,29.5,True,False,Cupcake,26,2,60
2025-08-07,Thursday,False,29.5,True,False,Jar Cake,17,2,120
2025-08-07,Thursday,False,29.5,True,False,Chocolate,29,2,25
2025-08-07,Thursday,False,29.5,True,False,Brownie,44,5,70
2025-08-07,Thursday,False,29.5,True,False,Croissant,44,7,40
2025-08-07,Thursday,False,29.5,True,False,Cookies,48,9,20
2025-08-07,Thursday,False,29.5,True,False,Muffin,24,1,55
2025-08-08,Friday,False,32.9,False,False,Cake,17,1,400
2025-08-08,Friday,False,32.9,False,False,Cupcake,51,7,60
2025-08-08,Friday,False,32.9,False,False,Jar Cake,29,1,120
2025-08-08,Friday,False,32.9,False,False,Chocolate,51,5,25
2025-08-08,Friday,False,32.9,False,False,Brownie,37,2,70
2025-08-08,Friday,False,32.9,False,False,Croissant,56,6,40
2025-08-08,Friday,False,32.9,False,False,Cookies,51,9,20
2025-08-08,Friday,False,32.9,False,False,Muffin,32,6,55
2025-08-09,Saturday,True,31.1,True,False,Cake,17,2,400
2025-08-09,Saturday,True,31.1,True,False,Cupcake,39,5,60
2025-08-09,Saturday,True,31.1,True,False,Jar Cake,22,1,120
2025-08-09,Saturday,True,31.1,True,False,Chocolate,37,3,25
2025-08-09,Saturday,True,31.1,True,False,Brownie,50,3,70
2025-08-09,Saturday,True,31.1,True,False,Croissant,52,5,40
2025-08-09,Saturday,True,31.1,True,False,Cookies,58,6,20
2025-08-09,Saturday,True,31.1,True,False,Muffin,23,1,55
2025-08-10,Sunday,True,31.3,True,False,Cake,19,2,400
2025-08-10,Sunday,True,31.3,True,False,Cupcake,42,2,60
2025-08-10,Sunday,True,31.3,True,False,Jar Cake,33,4,120
2025-08-10,Sunday,True,31.3,True,False,Chocolate,44,2,25
2025-08-10,Sunday,True,31.3,True,False,Brownie,49,7,70
2025-08-10,Sunday,True,31.3,True,False,Croissant,43,7,40
2025-08-10,Sunday,True,31.3,True,False,Cookies,62,11,20
2025-08-10,Sunday,True,31.3,True,False,Muffin,31,3,55
2025-08-11,Monday,False,31.5,False,False,Cake,16,3,400
2025-08-11,Monday,False,31.5,False,False,Cupcake,30,5,60
2025-08-11,Monday,False,31.5,False,False,Jar Cake,16,2,120
2025-08-11,Monday,False,31.5,False,False,Chocolate,40,3,25
2025-08-11,Monday,False,31.5,False,False,Brownie,53,5,70
2025-08-11,Monday,False,31.5,False,False,Croissant,33,4,40
2025-08-11,Monday,False,31.5,False,False,Cookies,64,8,20
2025-08-11,Monday,False,31.5,False,False,Muffin,40,5,55
2025-08-12,Tuesday,False,27.7,False,False,Cake,14,1,400
2025-08-12,Tuesday,False,27.7,False,False,Cupcake,36,6,60
2025-08-12,Tuesday,False,27.7,False,False,Jar Cake,32,4,120
2025-08-12,Tuesday,False,27.7,False,False,Chocolate,38,7,25
2025-08-12,Tuesday,False,27.7,False,False,Brownie,57,4,70
2025-08-12,Tuesday,False,27.7,False,False,Croissant,42,7,40
2025-08-12,Tuesday,False,27.7,False,False,Cookies,49,8,20
2025-08-12,Tuesday,False,27.7,False,False,Muffin,30,3,55
2025-08-13,Wednesday,False,29.2,False,False,Cake,12,0,400
2025-08-13,Wednesday,False,29.2,False,False,Cupcake,37,4,60
2025-08-13,Wednesday,False,29.2,False,False,Jar Cake,17,2,120
2025-08-13,Wednesday,False,29.2,False,False,Chocolate,43,7,25
2025-08-13,Wednesday,False,29.2,False,False,Brownie,35,5,70
2025-08-13,Wednesday,False,29.2,False,False,Croissant,32,4,40
2025-08-13,Wednesday,False,29.2,False,False,Cookies,47,7,20
2025-08-13,Wednesday,False,29.2,False,False,Muffin,27,3,55
2025-08-14,Thursday,False,30.5,False,False,Cake,13,1,400
2025-08-14,Thursday,False,30.5,False,False,Cupcake,41,3,60
2025-08-14,Thursday,False,30.5,False,False,Jar Cake,29,2,120
2025-08-14,Thursday,False,30.5,False,False,Chocolate,31,5,25
2025-08-14,Thursday,False,30.5,False,False,Brownie,41,2,70
2025-08-14,Thursday,False,30.5,False,False,Croissant,45,4,40
2025-08-14,Thursday,False,30.5,False,False,Cookies,37,4,20
2025-08-14,Thursday,False,30.5,False,False,Muffin,29,3,55
2025-08-15,Friday,False,29.4,False,True,Cake,25,3,400
2025-08-15,Friday,False,29.4,False,True,Cupcake,57,3,60
2025-08-15,Friday,False,29.4,False,True,Jar Cake,29,3,120
2025-08-15,Friday,False,29.4,False,True,Chocolate,75,12,25
2025-08-15,Friday,False,29.4,False,True,Brownie,54,7,70
2025-08-15,Friday,False,29.4,False,True,Croissant,53,2,40
2025-08-15,Friday,False,29.4,False,True,Cookies,80,13,20
2025-08-15,Friday,False,29.4,False,True,Muffin,32,3,55
2025-08-16,Saturday,True,33.2,True,False,Cake,10,1,400
2025-08-16,Saturday,True,33.2,True,False,Cupcake,46,8,60
2025-08-16,Saturday,True,33.2,True,False,Jar Cake,31,1,120
2025-08-16,Saturday,True,33.2,True,False,Chocolate,73,13,25
2025-08-16,Saturday,True,33.2,True,False,Brownie,51,9,70
2025-08-16,Saturday,True,33.2,True,False,Croissant,42,5,40
2025-08-16,Saturday,True,33.2,True,False,Cookies,58,3,20
2025-08-16,Saturday,True,33.2,True,False,Muffin,49,3,55
2025-08-17,Sunday,True,34.0,False,False,Cake,13,1,400
2025-08-17,Sunday,True,34.0,False,False,Cupcake,62,9,60
2025-08-17,Sunday,True,34.0,False,False,Jar Cake,35,6,120
2025-08-17,Sunday,True,34.0,False,False,Chocolate,75,6,25
2025-08-17,Sunday,True,34.0,False,False,Brownie,56,5,70
2025-08-17,Sunday,True,34.0,False,False,Croissant,45,3,40
2025-08-17,Sunday,True,34.0,False,False,Cookies,75,13,20
2025-08-17,Sunday,True,34.0,False,False,Muffin,59,6,55
2025-08-18,Monday,False,34.0,False,False,Cake,18,3,400
2025-08-18,Monday,False,34.0,False,False,Cupcake,35,5,60
2025-08-18,Monday,False,34.0,False,False,Jar Cake,40,3,120
2025-08-18,Monday,False,34.0,False,False,Chocolate,49,4,25
2025-08-18,Monday,False,34.0,False,False,Brownie,40,7,70
2025-08-18,Monday,False,34.0,False,False,Croissant,41,7,40
2025-08-18,Monday,False,34.0,False,False,Cookies,42,5,20
2025-08-18,Monday,False,34.0,False,False,Muffin,41,5,55
2025-08-19,Tuesday,False,30.0,False,False,Cake,14,1,400
2025-08-19,Tuesday,False,30.0,False,False,Cupcake,32,3,60
2025-08-19,Tuesday,False,30.0,False,False,Jar Cake,31,1,120
2025-08-19,Tuesday,False,30.0,False,False,Chocolate,31,4,25
2025-08-19,Tuesday,False,30.0,False,False,Brownie,41,4,70
2025-08-19,Tuesday,False,30.0,False,False,Croissant,36,5,40
2025-08-19,Tuesday,False,30.0,False,False,Cookies,52,3,20
2025-08-19,Tuesday,False,30.0,False,False,Muffin,32,3,55
2025-08-20,Wednesday,False,27.3,False,False,Cake,11,0,400
2025-08-20,Wednesday,False,27.3,False,False,Cupcake,40,6,60
2025-08-20,Wednesday,False,27.3,False,False,Jar Cake,28,2,120
2025-08-20,Wednesday,False,27.3,False,False,Chocolate,44,2,25
2025-08-20,Wednesday,False,27.3,False,False,Brownie,42,2,70
2025-08-20,Wednesday,False,27.3,False,False,Croissant,46,2,40
2025-08-20,Wednesday,False,27.3,False,False,Cookies,44,2,20
2025-08-20,Wednesday,False,27.3,False,False,Muffin,32,2,55
2025-08-21,Thursday,False,29.7,False,False,Cake,16,2,400
2025-08-21,Thursday,False,29.7,False,False,Cupcake,31,6,60
2025-08-21,Thursday,False,29.7,False,False,Jar Cake,24,3,120
2025-08-21,Thursday,False,29.7,False,False,Chocolate,36,6,25
2025-08-21,Thursday,False,29.7,False,False,Brownie,37,3,70
2025-08-21,Thursday,False,29.7,False,False,Croissant,47,5,40
2025-08-21,Thursday,False,29.7,False,False,Cookies,53,4,20
2025-08-21,Thursday,False,29.7,False,False,Muffin,36,5,55
2025-08-22,Friday,False,31.6,False,False,Cake,11,1,400
2025-08-22,Friday,False,31.6,False,False,Cupcake,38,2,60
2025-08-22,Friday,False,31.6,False,False,Jar Cake,24,1,120
2025-08-22,Friday,False,31.6,False,False,Chocolate,39,6,25
2025-08-22,Friday,False,31.6,False,False,Brownie,53,10,70
2025-08-22,Friday,False,31.6,False,False,Croissant,40,4,40
2025-08-22,Friday,False,31.6,False,False,Cookies,47,7,20
2025-08-22,Friday,False,31.6,False,False,Muffin,29,5,55
2025-08-23,Saturday,True,33.2,False,False,Cake,15,1,400
2025-08-23,Saturday,True,33.2,False,False,Cupcake,69,4,60
2025-08-23,Saturday,True,33.2,False,False,Jar Cake,40,4,120
2025-08-23,Saturday,True,33.2,False,False,Chocolate,90,14,25
2025-08-23,Saturday,True,33.2,False,False,Brownie,62,5,70
2025-08-23,Saturday,True,33.2,False,False,Croissant,60,5,40
2025-08-23,Saturday,True,33.2,False,False,Cookies,76,11,20
2025-08-23,Saturday,True,33.2,False,False,Muffin,45,4,55
2025-08-24,Sunday,True,30.3,False,False,Cake,24,2,400
2025-08-24,Sunday,True,30.3,False,False,Cupcake,50,7,60
2025-08-24,Sunday,True,30.3,False,False,Jar Cake,34,1,120
2025-08-24,Sunday,True,30.3,False,False,Chocolate,51,2,25
2025-08-24,Sunday,True,30.3,False,False,Brownie,60,6,70
2025-08-24,Sunday,True,30.3,False,False,Croissant,59,7,40
2025-08-24,Sunday,True,30.3,False,False,Cookies,58,8,20
2025-08-24,Sunday,True,30.3,False,False,Muffin,51,4,55
2025-08-25,Monday,False,31.6,True,False,Cake,18,3,400
2025-08-25,Monday,False,31.6,True,False,Cupcake,31,3,60
2025-08-25,Monday,False,31.6,True,False,Jar Cake,25,1,120
2025-08-25,Monday,False,31.6,True,False,Chocolate,32,5,25
2025-08-25,Monday,False,31.6,True,False,Brownie,38,2,70
2025-08-25,Monday,False,31.6,True,False,Croissant,45,6,40
2025-08-25,Monday,False,31.6,True,False,Cookies,42,7,20
2025-08-25,Monday,False,31.6,True,False,Muffin,28,3,55
2025-08-26,Tuesday,False,28.1,False,False,Cake,14,1,400
2025-08-26,Tuesday,False,28.1,False,False,Cupcake,36,3,60
2025-08-26,Tuesday,False,28.1,False,False,Jar Cake,29,1,120
2025-08-26,Tuesday,False,28.1,False,False,Chocolate,37,6,25
2025-08-26,Tuesday,False,28.1,False,False,Brownie,40,4,70
2025-08-26,Tuesday,False,28.1,False,False,Croissant,42,7,40
2025-08-26,Tuesday,False,28.1,False,False,Cookies,58,6,20
2025-08-26,Tuesday,False,28.1,False,False,Muffin,23,3,55
2025-08-27,Wednesday,False,29.1,False,False,Cake,11,0,400
2025-08-27,Wednesday,False,29.1,False,False,Cupcake,34,4,60
2025-08-27,Wednesday,False,29.1,False,False,Jar Cake,19,1,120
2025-08-27,Wednesday,False,29.1,False,False,Chocolate,45,5,25
2025-08-27,Wednesday,False,29.1,False,False,Brownie,53,2,70
2025-08-27,Wednesday,False,29.1,False,False,Croissant,41,2,40
2025-08-27,Wednesday,False,29.1,False,False,Cookies,51,7,20
2025-08-27,Wednesday,False,29.1,False,False,Muffin,34,5,55
2025-08-28,Thursday,False,28.4,False,False,Cake,17,2,400
2025-08-28,Thursday,False,28.4,False,False,Cupcake,31,5,60
2025-08-28,Thursday,False,28.4,False,False,Jar Cake,26,3,120
2025-08-28,Thursday,False,28.4,False,False,Chocolate,45,8,25
2025-08-28,Thursday,False,28.4,False,False,Brownie,45,4,70
2025-08-28,Thursday,False,28.4,False,False,Croissant,32,2,40
2025-08-28,Thursday,False,28.4,False,False,Cookies,54,6,20
2025-08-28,Thursday,False,28.4,False,False,Muffin,33,4,55
2025-08-29,Friday,False,26.5,False,False,Cake,24,3,400
2025-08-29,Friday,False,26.5,False,False,Cupcake,39,5,60
2025-08-29,Friday,False,26.5,False,False,Jar Cake,32,1,120
2025-08-29,Friday,False,26.5,False,False,Chocolate,47,8,25
2025-08-29,Friday,False,26.5,False,False,Brownie,36,6,70
2025-08-29,Friday,False,26.5,False,False,Croissant,37,6,40
2025-08-29,Friday,False,26.5,False,False,Cookies,54,8,20
2025-08-29,Friday,False,26.5,False,False,Muffin,38,4,55
2025-08-30,Saturday,True,30.2,False,False,Cake,13,2,400
2025-08-30,Saturday,True,30.2,False,False,Cupcake,53,7,60
2025-08-30,Saturday,True,30.2,False,False,Jar Cake,36,6,120
2025-08-30,Saturday,True,30.2,False,False,Chocolate,64,11,25
2025-08-30,Saturday,True,30.2,False,False,Brownie,63,3,70
2025-08-30,Saturday,True,30.2,False,False,Croissant,65,7,40
2025-08-30,Saturday,True,30.2,False,False,Cookies,76,8,20
2025-08-30,Saturday,True,30.2,False,False,Muffin,35,2,55
2025-08-31,Sunday,True,28.4,True,False,Cake,15,1,400
2025-08-31,Sunday,True,28.4,True,False,Cupcake,36,2,60
2025-08-31,Sunday,True,28.4,True,False,Jar Cake,30,1,120
2025-08-31,Sunday,True,28.4,True,False,Chocolate,43,2,25
2025-08-31,Sunday,True,28.4,True,False,Brownie,48,3,70
2025-08-31,Sunday,True,28.4,True,False,Croissant,52,2,40
2025-08-31,Sunday,True,28.4,True,False,Cookies,58,3,20
2025-08-31,Sunday,True,28.4,True,False,Muffin,33,5,55
2025-09-01,Monday,False,29.0,False,False,Cake,18,1,400
2025-09-01,Monday,False,29.0,False,False,Cupcake,29,5,60
2025-09-01,Monday,False,29.0,False,False,Jar Cake,24,2,120
2025-09-01,Monday,False,29.0,False,False,Chocolate,39,4,25
2025-09-01,Monday,False,29.0,False,False,Brownie,42,7,70
2025-09-01,Monday,False,29.0,False,False,Croissant,54,9,40
2025-09-01,Monday,False,29.0,False,False,Cookies,47,7,20
2025-09-01,Monday,False,29.0,False,False,Muffin,27,2,55
2025-09-02,Tuesday,False,26.1,False,False,Cake,17,3,400
2025-09-02,Tuesday,False,26.1,False,False,Cupcake,34,3,60
2025-09-02,Tuesday,False,26.1,False,False,Jar Cake,24,1,120
2025-09-02,Tuesday,False,26.1,False,False,Chocolate,36,5,25
2025-09-02,Tuesday,False,26.1,False,False,Brownie,50,8,70
2025-09-02,Tuesday,False,26.1,False,False,Croissant,49,9,40
2025-09-02,Tuesday,False,26.1,False,False,Cookies,51,4,20
2025-09-02,Tuesday,False,26.1,False,False,Muffin,24,4,55
2025-09-03,Wednesday,False,30.2,False,False,Cake,12,1,400
2025-09-03,Wednesday,False,30.2,False,False,Cupcake,32,2,60
2025-09-03,Wednesday,False,30.2,False,False,Jar Cake,12,1,120
2025-09-03,Wednesday,False,30.2,False,False,Chocolate,31,5,25
2025-09-03,Wednesday,False,30.2,False,False,Brownie,42,3,70
2025-09-03,Wednesday,False,30.2,False,False,Croissant,39,5,40
2025-09-03,Wednesday,False,30.2,False,False,Cookies,56,8,20
2025-09-03,Wednesday,False,30.2,False,False,Muffin,29,4,55
2025-09-04,Thursday,False,27.4,False,False,Cake,18,3,400
2025-09-04,Thursday,False,27.4,False,False,Cupcake,31,1,60
2025-09-04,Thursday,False,27.4,False,False,Jar Cake,26,2,120
2025-09-04,Thursday,False,27.4,False,False,Chocolate,42,2,25
2025-09-04,Thursday,False,27.4,False,False,Brownie,49,7,70
2025-09-04,Thursday,False,27.4,False,False,Croissant,52,3,40
2025-09-04,Thursday,False,27.4,False,False,Cookies,50,8,20
2025-09-04,Thursday,False,27.4,False,False,Muffin,35,2,55
2025-09-05,Friday,False,26.9,False,False,Cake,18,1,400
2025-09-05,Friday,False,26.9,False,False,Cupcake,39,2,60
2025-09-05,Friday,False,26.9,False,False,Jar Cake,19,2,120
2025-09-05,Friday,False,26.9,False,False,Chocolate,37,2,25
2025-09-05,Friday,False,26.9,False,False,Brownie,41,2,70
2025-09-05,Friday,False,26.9,False,False,Croissant,46,3,40
2025-09-05,Friday,False,26.9,False,False,Cookies,42,6,20
2025-09-05,Friday,False,26.9,False,False,Muffin,29,1,55
2025-09-06,Saturday,True,26.4,False,False,Cake,17,1,400
2025-09-06,Saturday,True,26.4,False,False,Cupcake,48,7,60
2025-09-06,Saturday,True,26.4,False,False,Jar Cake,34,4,120
2025-09-06,Saturday,True,26.4,False,False,Chocolate,45,6,25
2025-09-06,Saturday,True,26.4,False,False,Brownie,68,10,70
2025-09-06,Saturday,True,26.4,False,False,Croissant,51,2,40
2025-09-06,Saturday,True,26.4,False,False,Cookies,61,7,20
2025-09-06,Saturday,True,26.4,False,False,Muffin,48,2,55
2025-09-07,Sunday,True,25.5,False,False,Cake,25,4,400
2025-09-07,Sunday,True,25.5,False,False,Cupcake,46,5,60
2025-09-07,Sunday,True,25.5,False,False,Jar Cake,40,2,120
2025-09-07,Sunday,True,25.5,False,False,Chocolate,72,11,25
2025-09-07,Sunday,True,25.5,False,False,Brownie,64,4,70
2025-09-07,Sunday,True,25.5,False,False,Croissant,71,10,40
2025-09-07,Sunday,True,25.5,False,False,Cookies,68,8,20
2025-09-07,Sunday,True,25.5,False,False,Muffin,36,6,55
2025-09-08,Monday,False,24.0,False,False,Cake,19,3,400
2025-09-08,Monday,False,24.0,False,False,Cupcake,38,3,60
2025-09-08,Monday,False,24.0,False,False,Jar Cake,28,2,120
2025-09-08,Monday,False,24.0,False,False,Chocolate,35,4,25
2025-09-08,Monday,False,24.0,False,False,Brownie,38,5,70
2025-09-08,Monday,False,24.0,False,False,Croissant,51,5,40
2025-09-08,Monday,False,24.0,False,False,Cookies,49,9,20
2025-09-08,Monday,False,24.0,False,False,Muffin,35,3,55
2025-09-09,Tuesday,False,26.5,False,False,Cake,16,2,400
2025-09-09,Tuesday,False,26.5,False,False,Cupcake,40,7,60
2025-09-09,Tuesday,False,26.5,False,False,Jar Cake,29,5,120
2025-09-09,Tuesday,False,26.5,False,False,Chocolate,35,6,25
2025-09-09,Tuesday,False,26.5,False,False,Brownie,32,2,70
2025-09-09,Tuesday,False,26.5,False,False,Croissant,45,3,40
2025-09-09,Tuesday,False,26.5,False,False,Cookies,47,4,20
2025-09-09,Tuesday,False,26.5,False,False,Muffin,27,4,55
2025-09-10,Wednesday,False,29.3,False,False,Cake,23,4,400
2025-09-10,Wednesday,False,29.3,False,False,Cupcake,42,6,60
2025-09-10,Wednesday,False,29.3,False,False,Jar Cake,27,2,120
2025-09-10,Wednesday,False,29.3,False,False,Chocolate,56,5,25
2025-09-10,Wednesday,False,29.3,False,False,Brownie,50,2,70
2025-09-10,Wednesday,False,29.3,False,False,Croissant,50,3,40
2025-09-10,Wednesday,False,29.3,False,False,Cookies,67,7,20
2025-09-10,Wednesday,False,29.3,False,False,Muffin,22,2,55
2025-09-11,Thursday,False,28.3,False,False,Cake,19,3,400
2025-09-11,Thursday,False,28.3,False,False,Cupcake,36,2,60
2025-09-11,Thursday,False,28.3,False,False,Jar Cake,23,2,120
2025-09-11,Thursday,False,28.3,False,False,Chocolate,50,8,25
2025-09-11,Thursday,False,28.3,False,False,Brownie,46,6,70
2025-09-11,Thursday,False,28.3,False,False,Croissant,49,5,40
2025-09-11,Thursday,False,28.3,False,False,Cookies,52,5,20
2025-09-11,Thursday,False,28.3,False,False,Muffin,34,5,55
2025-09-12,Friday,False,28.9,False,False,Cake,18,1,400
2025-09-12,Friday,False,28.9,False,False,Cupcake,39,3,60
2025-09-12,Friday,False,28.9,False,False,Jar Cake,24,2,120
2025-09-12,Friday,False,28.9,False,False,Chocolate,33,4,25
2025-09-12,Friday,False,28.9,False,False,Brownie,38,5,70
2025-09-12,Friday,False,28.9,False,False,Croissant,44,3,40
2025-09-12,Friday,False,28.9,False,False,Cookies,57,4,20
2025-09-12,Friday,False,28.9,False,False,Muffin,28,3,55
2025-09-13,Saturday,True,22.9,True,False,Cake,16,2,400
2025-09-13,Saturday,True,22.9,True,False,Cupcake,48,5,60
2025-09-13,Saturday,True,22.9,True,False,Jar Cake,37,4,120
2025-09-13,Saturday,True,22.9,True,False,Chocolate,41,5,25
2025-09-13,Saturday,True,22.9,True,False,Brownie,62,8,70
2025-09-13,Saturday,True,22.9,True,False,Croissant,51,4,40
2025-09-13,Saturday,True,22.9,True,False,Cookies,64,11,20
2025-09-13,Saturday,True,22.9,True,False,Muffin,27,3,55
2025-09-14,Sunday,True,27.9,False,False,Cake,14,0,400
2025-09-14,Sunday,True,27.9,False,False,Cupcake,51,8,60
2025-09-14,Sunday,True,27.9,False,False,Jar Cake,32,5,120
2025-09-14,Sunday,True,27.9,False,False,Chocolate,55,3,25
2025-09-14,Sunday,True,27.9,False,False,Brownie,59,7,70
2025-09-14,Sunday,True,27.9,False,False,Croissant,69,10,40
2025-09-14,Sunday,True,27.9,False,False,Cookies,65,6,20
2025-09-14,Sunday,True,27.9,False,False,Muffin,29,3,55
2025-09-15,Monday,False,25.9,False,False,Cake,13,1,400
2025-09-15,Monday,False,25.9,False,False,Cupcake,29,4,60
2025-09-15,Monday,False,25.9,False,False,Jar Cake,13,1,120
2025-09-15,Monday,False,25.9,False,False,Chocolate,37,4,25
2025-09-15,Monday,False,25.9,False,False,Brownie,41,6,70
2025-09-15,Monday,False,25.9,False,False,Croissant,63,8,40
2025-09-15,Monday,False,25.9,False,False,Cookies,46,5,20
2025-09-15,Monday,False,25.9,False,False,Muffin,29,1,55
2025-09-16,Tuesday,False,19.1,False,False,Cake,16,3,400
2025-09-16,Tuesday,False,19.1,False,False,Cupcake,40,2,60
2025-09-16,Tuesday,False,19.1,False,False,Jar Cake,23,4,120
2025-09-16,Tuesday,False,19.1,False,False,Chocolate,45,6,25
2025-09-16,Tuesday,False,19.1,False,False,Brownie,45,4,70
2025-09-16,Tuesday,False,19.1,False,False,Croissant,47,3,40
2025-09-16,Tuesday,False,19.1,False,False,Cookies,54,6,20
2025-09-16,Tuesday,False,19.1,False,False,Muffin,23,2,55
2025-09-17,Wednesday,False,29.7,False,False,Cake,18,2,400
2025-09-17,Wednesday,False,29.7,False,False,Cupcake,38,2,60
2025-09-17,Wednesday,False,29.7,False,False,Jar Cake,19,1,120
2025-09-17,Wednesday,False,29.7,False,False,Chocolate,46,8,25
2025-09-17,Wednesday,False,29.7,False,False,Brownie,31,4,70
2025-09-17,Wednesday,False,29.7,False,False,Croissant,40,5,40
2025-09-17,Wednesday,False,29.7,False,False,Cookies,39,3,20
2025-09-17,Wednesday,False,29.7,False,False,Muffin,32,2,55
2025-09-18,Thursday,False,25.4,False,False,Cake,11,1,400
2025-09-18,Thursday,False,25.4,False,False,Cupcake,40,4,60
2025-09-18,Thursday,False,25.4,False,False,Jar Cake,33,2,120
2025-09-18,Thursday,False,25.4,False,False,Chocolate,42,4,25
2025-09-18,Thursday,False,25.4,False,False,Brownie,45,7,70
2025-09-18,Thursday,False,25.4,False,False,Croissant,35,6,40
2025-09-18,Thursday,False,25.4,False,False,Cookies,46,7,20
2025-09-18,Thursday,False,25.4,False,False,Muffin,26,3,55
2025-09-19,Friday,False,26.6,False,False,Cake,15,2,400
2025-09-19,Friday,False,26.6,False,False,Cupcake,35,4,60
2025-09-19,Friday,False,26.6,False,False,Jar Cake,19,1,120
2025-09-19,Friday,False,26.6,False,False,Chocolate,42,6,25
2025-09-19,Friday,False,26.6,False,False,Brownie,43,2,70
2025-09-19,Friday,False,26.6,False,False,Croissant,46,9,40
2025-09-19,Friday,False,26.6,False,False,Cookies,49,4,20
2025-09-19,Friday,False,26.6,False,False,Muffin,42,7,55
2025-09-20,Saturday,True,26.0,False,False,Cake,13,0,400
2025-09-20,Saturday,True,26.0,False,False,Cupcake,52,6,60
2025-09-20,Saturday,True,26.0,False,False,Jar Cake,31,4,120
2025-09-20,Saturday,True,26.0,False,False,Chocolate,58,6,25
2025-09-20,Saturday,True,26.0,False,False,Brownie,58,5,70
2025-09-20,Saturday,True,26.0,False,False,Croissant,55,5,40
2025-09-20,Saturday,True,26.0,False,False,Cookies,77,11,20
2025-09-20,Saturday,True,26.0,False,False,Muffin,25,2,55
2025-09-21,Sunday,True,23.1,False,False,Cake,25,4,400
2025-09-21,Sunday,True,23.1,False,False,Cupcake,54,8,60
2025-09-21,Sunday,True,23.1,False,False,Jar Cake,34,2,120
2025-09-21,Sunday,True,23.1,False,False,Chocolate,61,5,25
2025-09-21,Sunday,True,23.1,False,False,Brownie,37,3,70
2025-09-21,Sunday,True,23.1,False,False,Croissant,61,10,40
2025-09-21,Sunday,True,23.1,False,False,Cookies,70,8,20
2025-09-21,Sunday,True,23.1,False,False,Muffin,50,4,55
2025-09-22,Monday,False,24.2,False,False,Cake,13,2,400
2025-09-22,Monday,False,24.2,False,False,Cupcake,28,1,60
2025-09-22,Monday,False,24.2,False,False,Jar Cake,26,1,120
2025-09-22,Monday,False,24.2,False,False,Chocolate,45,3,25
2025-09-22,Monday,False,24.2,False,False,Brownie,40,5,70
2025-09-22,Monday,False,24.2,False,False,Croissant,44,8,40
2025-09-22,Monday,False,24.2,False,False,Cookies,56,5,20
2025-09-22,Monday,False,24.2,False,False,Muffin,33,4,55
2025-09-23,Tuesday,False,25.9,False,False,Cake,18,1,400
2025-09-23,Tuesday,False,25.9,False,False,Cupcake,39,6,60
2025-09-23,Tuesday,False,25.9,False,False,Jar Cake,25,1,120
2025-09-23,Tuesday,False,25.9,False,False,Chocolate,43,8,25
2025-09-23,Tuesday,False,25.9,False,False,Brownie,47,7,70
2025-09-23,Tuesday,False,25.9,False,False,Croissant,65,8,40
2025-09-23,Tuesday,False,25.9,False,False,Cookies,54,9,20
2025-09-23,Tuesday,False,25.9,False,False,Muffin,36,4,55
2025-09-24,Wednesday,False,25.7,False,False,Cake,12,2,400
2025-09-24,Wednesday,False,25.7,False,False,Cupcake,30,3,60
2025-09-24,Wednesday,False,25.7,False,False,Jar Cake,17,1,120
2025-09-24,Wednesday,False,25.7,False,False,Chocolate,34,6,25
2025-09-24,Wednesday,False,25.7,False,False,Brownie,40,7,70
2025-09-24,Wednesday,False,25.7,False,False,Croissant,49,7,40
2025-09-24,Wednesday,False,25.7,False,False,Cookies,53,6,20
2025-09-24,Wednesday,False,25.7,False,False,Muffin,26,3,55
2025-09-25,Thursday,False,22.9,False,False,Cake,23,4,400
2025-09-25,Thursday,False,22.9,False,False,Cupcake,36,6,60
2025-09-25,Thursday,False,22.9,False,False,Jar Cake,29,5,120
2025-09-25,Thursday,False,22.9,False,False,Chocolate,27,3,25
2025-09-25,Thursday,False,22.9,False,False,Brownie,43,3,70
2025-09-25,Thursday,False,22.9,False,False,Croissant,44,6,40
2025-09-25,Thursday,False,22.9,False,False,Cookies,35,5,20
2025-09-25,Thursday,False,22.9,False,False,Muffin,24,4,55
2025-09-26,Friday,False,23.6,True,False,Cake,11,0,400
2025-09-26,Friday,False,23.6,True,False,Cupcake,26,1,60
2025-09-26,Friday,False,23.6,True,False,Jar Cake,20,1,120
2025-09-26,Friday,False,23.6,True,False,Chocolate,41,4,25
2025-09-26,Friday,False,23.6,True,False,Brownie,28,3,70
2025-09-26,Friday,False,23.6,True,False,Croissant,38,3,40
2025-09-26,Friday,False,23.6,True,False,Cookies,46,6,20
2025-09-26,Friday,False,23.6,True,False,Muffin,18,1,55
2025-09-27,Saturday,True,22.0,False,False,Cake,28,1,400
2025-09-27,Saturday,True,22.0,False,False,Cupcake,46,7,60
2025-09-27,Saturday,True,22.0,False,False,Jar Cake,34,4,120
2025-09-27,Saturday,True,22.0,False,False,Chocolate,57,7,25
2025-09-27,Saturday,True,22.0,False,False,Brownie,57,7,70
2025-09-27,Saturday,True,22.0,False,False,Croissant,46,2,40
2025-09-27,Saturday,True,22.0,False,False,Cookies,61,9,20
2025-09-27,Saturday,True,22.0,False,False,Muffin,40,5,55
2025-09-28,Sunday,True,25.1,False,False,Cake,23,3,400
2025-09-28,Sunday,True,25.1,False,False,Cupcake,51,5,60
2025-09-28,Sunday,True,25.1,False,False,Jar Cake,46,9,120
2025-09-28,Sunday,True,25.1,False,False,Chocolate,39,5,25
2025-09-28,Sunday,True,25.1,False,False,Brownie,65,12,70
2025-09-28,Sunday,True,25.1,False,False,Croissant,59,6,40
2025-09-28,Sunday,True,25.1,False,False,Cookies,77,5,20
2025-09-28,Sunday,True,25.1,False,False,Muffin,43,4,55
2025-09-29,Monday,False,23.1,False,False,Cake,15,1,400
2025-09-29,Monday,False,23.1,False,False,Cupcake,30,4,60
2025-09-29,Monday,False,23.1,False,False,Jar Cake,23,3,120
2025-09-29,Monday,False,23.1,False,False,Chocolate,44,2,25
2025-09-29,Monday,False,23.1,False,False,Brownie,36,5,70
2025-09-29,Monday,False,23.1,False,False,Croissant,48,3,40
2025-09-29,Monday,False,23.1,False,False,Cookies,48,5,20
2025-09-29,Monday,False,23.1,False,False,Muffin,30,1,55
2025-09-30,Tuesday,False,21.7,False,False,Cake,19,1,400
2025-09-30,Tuesday,False,21.7,False,False,Cupcake,24,3,60
2025-09-30,Tuesday,False,21.7,False,False,Jar Cake,24,3,120
2025-09-30,Tuesday,False,21.7,False,False,Chocolate,32,5,25
2025-09-30,Tuesday,False,21.7,False,False,Brownie,50,3,70
2025-09-30,Tuesday,False,21.7,False,False,Croissant,54,3,40
2025-09-30,Tuesday,False,21.7,False,False,Cookies,61,11,20
2025-09-30,Tuesday,False,21.7,False,False,Muffin,27,2,55
2025-10-01,Wednesday,False,21.3,False,False,Cake,10,1,400
2025-10-01,Wednesday,False,21.3,False,False,Cupcake,36,3,60
2025-10-01,Wednesday,False,21.3,False,False,Jar Cake,22,3,120
2025-10-01,Wednesday,False,21.3,False,False,Chocolate,41,2,25
2025-10-01,Wednesday,False,21.3,False,False,Brownie,49,3,70
2025-10-01,Wednesday,False,21.3,False,False,Croissant,56,3,40
2025-10-01,Wednesday,False,21.3,False,False,Cookies,43,4,20
2025-10-01,Wednesday,False,21.3,False,False,Muffin,27,1,55
2025-10-02,Thursday,False,23.3,False,False,Cake,8,1,400
2025-10-02,Thursday,False,23.3,False,False,Cupcake,37,6,60
2025-10-02,Thursday,False,23.3,False,False,Jar Cake,24,1,120
2025-10-02,Thursday,False,23.3,False,False,Chocolate,28,3,25
2025-10-02,Thursday,False,23.3,False,False,Brownie,36,4,70
2025-10-02,Thursday,False,23.3,False,False,Croissant,42,4,40
2025-10-02,Thursday,False,23.3,False,False,Cookies,40,7,20
2025-10-02,Thursday,False,23.3,False,False,Muffin,30,2,55
2025-10-03,Friday,False,22.7,False,False,Cake,22,1,400
2025-10-03,Friday,False,22.7,False,False,Cupcake,40,6,60
2025-10-03,Friday,False,22.7,False,False,Jar Cake,19,2,120
2025-10-03,Friday,False,22.7,False,False,Chocolate,35,4,25
2025-10-03,Friday,False,22.7,False,False,Brownie,35,6,70
2025-10-03,Friday,False,22.7,False,False,Croissant,37,3,40
2025-10-03,Friday,False,22.7,False,False,Cookies,49,5,20
2025-10-03,Friday,False,22.7,False,False,Muffin,32,3,55
2025-10-04,Saturday,True,18.1,False,False,Cake,20,1,400
2025-10-04,Saturday,True,18.1,False,False,Cupcake,48,3,60
2025-10-04,Saturday,True,18.1,False,False,Jar Cake,35,4,120
2025-10-04,Saturday,True,18.1,False,False,Chocolate,48,5,25
2025-10-04,Saturday,True,18.1,False,False,Brownie,64,9,70
2025-10-04,Saturday,True,18.1,False,False,Croissant,70,13,40
2025-10-04,Saturday,True,18.1,False,False,Cookies,73,9,20
2025-10-04,Saturday,True,18.1,False,False,Muffin,32,2,55
2025-10-05,Sunday,True,23.8,False,False,Cake,20,1,400
2025-10-05,Sunday,True,23.8,False,False,Cupcake,42,3,60
2025-10-05,Sunday,True,23.8,False,False,Jar Cake,26,3,120
2025-10-05,Sunday,True,23.8,False,False,Chocolate,53,3,25
2025-10-05,Sunday,True,23.8,False,False,Brownie,68,3,70
2025-10-05,Sunday,True,23.8,False,False,Croissant,58,9,40
2025-10-05,Sunday,True,23.8,False,False,Cookies,73,6,20
2025-10-05,Sunday,True,23.8,False,False,Muffin,40,4,55
2025-10-06,Monday,False,20.9,False,False,Cake,15,1,400
2025-10-06,Monday,False,20.9,False,False,Cupcake,45,7,60
2025-10-06,Monday,False,20.9,False,False,Jar Cake,26,3,120
2025-10-06,Monday,False,20.9,False,False,Chocolate,41,6,25
2025-10-06,Monday,False,20.9,False,False,Brownie,41,3,70
2025-10-06,Monday,False,20.9,False,False,Croissant,66,7,40
2025-10-06,Monday,False,20.9,False,False,Cookies,66,10,20
2025-10-06,Monday,False,20.9,False,False,Muffin,32,4,55
2025-10-07,Tuesday,False,22.1,False,False,Cake,20,2,400
2025-10-07,Tuesday,False,22.1,False,False,Cupcake,28,5,60
2025-10-07,Tuesday,False,22.1,False,False,Jar Cake,22,2,120
2025-10-07,Tuesday,False,22.1,False,False,Chocolate,40,6,25
2025-10-07,Tuesday,False,22.1,False,False,Brownie,42,4,70
2025-10-07,Tuesday,False,22.1,False,False,Croissant,46,5,40
2025-10-07,Tuesday,False,22.1,False,False,Cookies,50,9,20
2025-10-07,Tuesday,False,22.1,False,False,Muffin,40,2,55
2025-10-08,Wednesday,False,26.3,False,False,Cake,16,1,400
2025-10-08,Wednesday,False,26.3,False,False,Cupcake,32,2,60
2025-10-08,Wednesday,False,26.3,False,False,Jar Cake,23,1,120
2025-10-08,Wednesday,False,26.3,False,False,Chocolate,32,3,25
2025-10-08,Wednesday,False,26.3,False,False,Brownie,37,6,70
2025-10-08,Wednesday,False,26.3,False,False,Croissant,48,5,40
2025-10-08,Wednesday,False,26.3,False,False,Cookies,44,5,20
2025-10-08,Wednesday,False,26.3,False,False,Muffin,39,2,55
2025-10-09,Thursday,False,23.0,False,False,Cake,16,2,400
2025-10-09,Thursday,False,23.0,False,False,Cupcake,40,3,60
2025-10-09,Thursday,False,23.0,False,False,Jar Cake,36,4,120
2025-10-09,Thursday,False,23.0,False,False,Chocolate,41,7,25
2025-10-09,Thursday,False,23.0,False,False,Brownie,50,9,70
2025-10-09,Thursday,False,23.0,False,False,Croissant,40,5,40
2025-10-09,Thursday,False,23.0,False,False,Cookies,46,8,20
2025-10-09,Thursday,False,23.0,False,False,Muffin,31,4,55
2025-10-10,Friday,False,20.2,False,False,Cake,27,5,400
2025-10-10,Friday,False,20.2,False,False,Cupcake,33,2,60
2025-10-10,Friday,False,20.2,False,False,Jar Cake,36,4,120
2025-10-10,Friday,False,20.2,False,False,Chocolate,29,1,25
2025-10-10,Friday,False,20.2,False,False,Brownie,53,9,70
2025-10-10,Friday,False,20.2,False,False,Croissant,56,7,40
2025-10-10,Friday,False,20.2,False,False,Cookies,50,7,20
2025-10-10,Friday,False,20.2,False,False,Muffin,35,2,55
2025-10-11,Saturday,True,19.1,False,False,Cake,16,2,400
2025-10-11,Saturday,True,19.1,False,False,Cupcake,36,3,60
2025-10-11,Saturday,True,19.1,False,False,Jar Cake,31,1,120
2025-10-11,Saturday,True,19.1,False,False,Chocolate,63,9,25
2025-10-11,Saturday,True,19.1,False,False,Brownie,57,11,70
2025-10-11,Saturday,True,19.1,False,False,Croissant,59,5,40
2025-10-11,Saturday,True,19.1,False,False,Cookies,63,9,20
2025-10-11,Saturday,True,19.1,False,False,Muffin,41,5,55
2025-10-12,Sunday,True,23.2,False,False,Cake,21,3,400
2025-10-12,Sunday,True,23.2,False,False,Cupcake,46,5,60
2025-10-12,Sunday,True,23.2,False,False,Jar Cake,33,5,120
2025-10-12,Sunday,True,23.2,False,False,Chocolate,44,8,25
2025-10-12,Sunday,True,23.2,False,False,Brownie,63,10,70
2025-10-12,Sunday,True,23.2,False,False,Croissant,57,9,40
2025-10-12,Sunday,True,23.2,False,False,Cookies,67,10,20
2025-10-12,Sunday,True,23.2,False,False,Muffin,46,3,55
2025-10-13,Monday,False,19.2,False,False,Cake,15,2,400
2025-10-13,Monday,False,19.2,False,False,Cupcake,22,2,60
2025-10-13,Monday,False,19.2,False,False,Jar Cake,25,2,120
2025-10-13,Monday,False,19.2,False,False,Chocolate,50,7,25
2025-10-13,Monday,False,19.2,False,False,Brownie,57,10,70
2025-10-13,Monday,False,19.2,False,False,Croissant,46,5,40
2025-10-13,Monday,False,19.2,False,False,Cookies,47,8,20
2025-10-13,Monday,False,19.2,False,False,Muffin,21,2,55
2025-10-14,Tuesday,False,23.9,False,False,Cake,20,2,400
2025-10-14,Tuesday,False,23.9,False,False,Cupcake,28,2,60
2025-10-14,Tuesday,False,23.9,False,False,Jar Cake,24,3,120
2025-10-14,Tuesday,False,23.9,False,False,Chocolate,34,3,25
2025-10-14,Tuesday,False,23.9,False,False,Brownie,47,5,70
2025-10-14,Tuesday,False,23.9,False,False,Croissant,46,2,40
2025-10-14,Tuesday,False,23.9,False,False,Cookies,39,6,20
2025-10-14,Tuesday,False,23.9,False,False,Muffin,34,6,55
2025-10-15,Wednesday,False,20.3,False,False,Cake,20,2,400
2025-10-15,Wednesday,False,20.3,False,False,Cupcake,33,6,60
2025-10-15,Wednesday,False,20.3,False,False,Jar Cake,19,1,120
2025-10-15,Wednesday,False,20.3,False,False,Chocolate,29,1,25
2025-10-15,Wednesday,False,20.3,False,False,Brownie,41,4,70
2025-10-15,Wednesday,False,20.3,False,False,Croissant,46,9,40
2025-10-15,Wednesday,False,20.3,False,False,Cookies,44,8,20
2025-10-15,Wednesday,False,20.3,False,False,Muffin,24,2,55
2025-10-16,Thursday,False,19.5,False,False,Cake,12,2,400
2025-10-16,Thursday,False,19.5,False,False,Cupcake,34,2,60
2025-10-16,Thursday,False,19.5,False,False,Jar Cake,24,2,120
2025-10-16,Thursday,False,19.5,False,False,Chocolate,37,6,25
2025-10-16,Thursday,False,19.5,False,False,Brownie,49,4,70
2025-10-16,Thursday,False,19.5,False,False,Croissant,60,10,40
2025-10-16,Thursday,False,19.5,False,False,Cookies,53,8,20
2025-10-16,Thursday,False,19.5,False,False,Muffin,29,4,55
2025-10-17,Friday,False,22.4,False,False,Cake,16,3,400
2025-10-17,Friday,False,22.4,False,False,Cupcake,36,2,60
2025-10-17,Friday,False,22.4,False,False,Jar Cake,23,1,120
2025-10-17,Friday,False,22.4,False,False,Chocolate,40,6,25
2025-10-17,Friday,False,22.4,False,False,Brownie,40,7,70
2025-10-17,Friday,False,22.4,False,False,Croissant,46,3,40
2025-10-17,Friday,False,22.4,False,False,Cookies,52,9,20
2025-10-17,Friday,False,22.4,False,False,Muffin,34,1,55
2025-10-18,Saturday,True,20.0,False,False,Cake,20,1,400
2025-10-18,Saturday,True,20.0,False,False,Cupcake,52,5,60
2025-10-18,Saturday,True,20.0,False,False,Jar Cake,26,2,120
2025-10-18,Saturday,True,20.0,False,False,Chocolate,50,5,25
2025-10-18,Saturday,True,20.0,False,False,Brownie,66,9,70
2025-10-18,Saturday,True,20.0,False,False,Croissant,86,14,40
2025-10-18,Saturday,True,20.0,False,False,Cookies,59,3,20
2025-10-18,Saturday,True,20.0,False,False,Muffin,38,5,55
2025-10-19,Sunday,True,22.2,False,False,Cake,24,1,400
2025-10-19,Sunday,True,22.2,False,False,Cupcake,52,9,60
2025-10-19,Sunday,True,22.2,False,False,Jar Cake,35,5,120
2025-10-19,Sunday,True,22.2,False,False,Chocolate,45,2,25
2025-10-19,Sunday,True,22.2,False,False,Brownie,56,11,70
2025-10-19,Sunday,True,22.2,False,False,Croissant,59,9,40
2025-10-19,Sunday,True,22.2,False,False,Cookies,60,7,20
2025-10-19,Sunday,True,22.2,False,False,Muffin,38,4,55
2025-10-20,Monday,False,21.7,True,True,Cake,15,1,400
2025-10-20,Monday,False,21.7,True,True,Cupcake,40,5,60
2025-10-20,Monday,False,21.7,True,True,Jar Cake,22,3,120
2025-10-20,Monday,False,21.7,True,True,Chocolate,68,6,25
2025-10-20,Monday,False,21.7,True,True,Brownie,53,4,70
2025-10-20,Monday,False,21.7,True,True,Croissant,49,7,40
2025-10-20,Monday,False,21.7,True,True,Cookies,80,5,20
2025-10-20,Monday,False,21.7,True,True,Muffin,40,4,55
2025-10-21,Tuesday,False,23.1,False,False,Cake,11,1,400
2025-10-21,Tuesday,False,23.1,False,False,Cupcake,30,5,60
2025-10-21,Tuesday,False,23.1,False,False,Jar Cake,25,3,120
2025-10-21,Tuesday,False,23.1,False,False,Chocolate,54,9,25
2025-10-21,Tuesday,False,23.1,False,False,Brownie,47,4,70
2025-10-21,Tuesday,False,23.1,False,False,Croissant,45,3,40
2025-10-21,Tuesday,False,23.1,False,False,Cookies,51,5,20
2025-10-21,Tuesday,False,23.1,False,False,Muffin,20,2,55
2025-10-22,Wednesday,False,23.0,False,False,Cake,10,1,400
2025-10-22,Wednesday,False,23.0,False,False,Cupcake,43,6,60
2025-10-22,Wednesday,False,23.0,False,False,Jar Cake,26,2,120
2025-10-22,Wednesday,False,23.0,False,False,Chocolate,44,2,25
2025-10-22,Wednesday,False,23.0,False,False,Brownie,40,7,70
2025-10-22,Wednesday,False,23.0,False,False,Croissant,34,4,40
2025-10-22,Wednesday,False,23.0,False,False,Cookies,48,5,20
2025-10-22,Wednesday,False,23.0,False,False,Muffin,19,1,55
2025-10-23,Thursday,False,22.1,False,False,Cake,18,2,400
2025-10-23,Thursday,False,22.1,False,False,Cupcake,38,5,60
2025-10-23,Thursday,False,22.1,False,False,Jar Cake,28,2,120
2025-10-23,Thursday,False,22.1,False,False,Chocolate,39,4,25
2025-10-23,Thursday,False,22.1,False,False,Brownie,33,3,70
2025-10-23,Thursday,False,22.1,False,False,Croissant,36,1,40
2025-10-23,Thursday,False,22.1,False,False,Cookies,48,2,20
2025-10-23,Thursday,False,22.1,False,False,Muffin,25,2,55
2025-10-24,Friday,False,13.7,False,False,Cake,17,0,400
2025-10-24,Friday,False,13.7,False,False,Cupcake,40,4,60
2025-10-24,Friday,False,13.7,False,False,Jar Cake,24,2,120
2025-10-24,Friday,False,13.7,False,False,Chocolate,38,4,25
2025-10-24,Friday,False,13.7,False,False,Brownie,49,5,70
2025-10-24,Friday,False,13.7,False,False,Croissant,54,7,40
2025-10-24,Friday,False,13.7,False,False,Cookies,49,7,20
2025-10-24,Friday,False,13.7,False,False,Muffin,38,7,55
2025-10-25,Saturday,True,18.7,False,False,Cake,32,1,400
2025-10-25,Saturday,True,18.7,False,False,Cupcake,46,5,60
2025-10-25,Saturday,True,18.7,False,False,Jar Cake,36,5,120
2025-10-25,Saturday,True,18.7,False,False,Chocolate,49,5,25
2025-10-25,Saturday,True,18.7,False,False,Brownie,58,9,70
2025-10-25,Saturday,True,18.7,False,False,Croissant,72,13,40
2025-10-25,Saturday,True,18.7,False,False,Cookies,73,7,20
2025-10-25,Saturday,True,18.7,False,False,Muffin,41,5,55
2025-10-26,Sunday,True,19.6,False,False,Cake,21,1,400
2025-10-26,Sunday,True,19.6,False,False,Cupcake,57,3,60
2025-10-26,Sunday,True,19.6,False,False,Jar Cake,34,2,120
2025-10-26,Sunday,True,19.6,False,False,Chocolate,56,9,25
2025-10-26,Sunday,True,19.6,False,False,Brownie,53,5,70
2025-10-26,Sunday,True,19.6,False,False,Croissant,95,11,40
2025-10-26,Sunday,True,19.6,False,False,Cookies,70,11,20
2025-10-26,Sunday,True,19.6,False,False,Muffin,43,6,55
2025-10-27,Monday,False,17.4,False,False,Cake,21,2,400
2025-10-27,Monday,False,17.4,False,False,Cupcake,32,6,60
2025-10-27,Monday,False,17.4,False,False,Jar Cake,23,2,120
2025-10-27,Monday,False,17.4,False,False,Chocolate,38,4,25
2025-10-27,Monday,False,17.4,False,False,Brownie,44,3,70
2025-10-27,Monday,False,17.4,False,False,Croissant,52,7,40
2025-10-27,Monday,False,17.4,False,False,Cookies,58,7,20
2025-10-27,Monday,False,17.4,False,False,Muffin,24,2,55
2025-10-28,Tuesday,False,18.9,False,False,Cake,6,0,400
2025-10-28,Tuesday,False,18.9,False,False,Cupcake,33,1,60
2025-10-28,Tuesday,False,18.9,False,False,Jar Cake,25,4,120
2025-10-28,Tuesday,False,18.9,False,False,Chocolate,45,4,25
2025-10-28,Tuesday,False,18.9,False,False,Brownie,46,6,70
2025-10-28,Tuesday,False,18.9,False,False,Croissant,61,6,40
2025-10-28,Tuesday,False,18.9,False,False,Cookies,49,3,20
2025-10-28,Tuesday,False,18.9,False,False,Muffin,23,2,55
2025-10-29,Wednesday,False,19.1,True,False,Cake,20,3,400
2025-10-29,Wednesday,False,19.1,True,False,Cupcake,24,3,60
2025-10-29,Wednesday,False,19.1,True,False,Jar Cake,22,1,120
2025-10-29,Wednesday,False,19.1,True,False,Chocolate,25,4,25
2025-10-29,Wednesday,False,19.1,True,False,Brownie,34,6,70
2025-10-29,Wednesday,False,19.1,True,False,Croissant,44,2,40
2025-10-29,Wednesday,False,19.1,True,False,Cookies,34,2,20
2025-10-29,Wednesday,False,19.1,True,False,Muffin,24,3,55
2025-10-30,Thursday,False,19.2,False,False,Cake,9,0,400
2025-10-30,Thursday,False,19.2,False,False,Cupcake,32,5,60
2025-10-30,Thursday,False,19.2,False,False,Jar Cake,33,3,120
2025-10-30,Thursday,False,19.2,False,False,Chocolate,41,2,25
2025-10-30,Thursday,False,19.2,False,False,Brownie,40,7,70
2025-10-30,Thursday,False,19.2,False,False,Croissant,51,4,40
2025-10-30,Thursday,False,19.2,False,False,Cookies,55,4,20
2025-10-30,Thursday,False,19.2,False,False,Muffin,28,1,55
2025-10-31,Friday,False,19.3,False,False,Cake,14,1,400
2025-10-31,Friday,False,19.3,False,False,Cupcake,28,3,60
2025-10-31,Friday,False,19.3,False,False,Jar Cake,26,1,120
2025-10-31,Friday,False,19.3,False,False,Chocolate,49,6,25
2025-10-31,Friday,False,19.3,False,False,Brownie,45,6,70
2025-10-31,Friday,False,19.3,False,False,Croissant,68,4,40
2025-10-31,Friday,False,19.3,False,False,Cookies,55,7,20
2025-10-31,Friday,False,19.3,False,False,Muffin,33,5,55
2025-11-01,Saturday,True,20.5,False,True,Cake,44,3,400
2025-11-01,Saturday,True,20.5,False,True,Cupcake,44,8,60
2025-11-01,Saturday,True,20.5,False,True,Jar Cake,40,3,120
2025-11-01,Saturday,True,20.5,False,True,Chocolate,92,10,25
2025-11-01,Saturday,True,20.5,False,True,Brownie,81,15,70
2025-11-01,Saturday,True,20.5,False,True,Croissant,93,5,40
2025-11-01,Saturday,True,20.5,False,True,Cookies,121,21,20
2025-11-01,Saturday,True,20.5,False,True,Muffin,32,3,55
2025-11-02,Sunday,True,18.5,False,False,Cake,23,2,400
2025-11-02,Sunday,True,18.5,False,False,Cupcake,51,8,60
2025-11-02,Sunday,True,18.5,False,False,Jar Cake,49,7,120
2025-11-02,Sunday,True,18.5,False,False,Chocolate,48,2,25
2025-11-02,Sunday,True,18.5,False,False,Brownie,51,5,70
2025-11-02,Sunday,True,18.5,False,False,Croissant,89,17,40
2025-11-02,Sunday,True,18.5,False,False,Cookies,70,6,20
2025-11-02,Sunday,True,18.5,False,False,Muffin,37,5,55
2025-11-03,Monday,False,13.4,False,False,Cake,14,2,400
2025-11-03,Monday,False,13.4,False,False,Cupcake,36,6,60
2025-11-03,Monday,False,13.4,False,False,Jar Cake,13,2,120
2025-11-03,Monday,False,13.4,False,False,Chocolate,44,2,25
2025-11-03,Monday,False,13.4,False,False,Brownie,53,4,70
2025-11-03,Monday,False,13.4,False,False,Croissant,57,3,40
2025-11-03,Monday,False,13.4,False,False,Cookies,56,6,20
2025-11-03,Monday,False,13.4,False,False,Muffin,25,4,55
2025-11-04,Tuesday,False,19.2,False,False,Cake,14,2,400
2025-11-04,Tuesday,False,19.2,False,False,Cupcake,34,4,60
2025-11-04,Tuesday,False,19.2,False,False,Jar Cake,24,2,120
2025-11-04,Tuesday,False,19.2,False,False,Chocolate,32,4,25
2025-11-04,Tuesday,False,19.2,False,False,Brownie,51,3,70
2025-11-04,Tuesday,False,19.2,False,False,Croissant,54,6,40
2025-11-04,Tuesday,False,19.2,False,False,Cookies,54,4,20
2025-11-04,Tuesday,False,19.2,False,False,Muffin,35,4,55
2025-11-05,Wednesday,False,16.5,False,False,Cake,18,2,400
2025-11-05,Wednesday,False,16.5,False,False,Cupcake,37,4,60
2025-11-05,Wednesday,False,16.5,False,False,Jar Cake,14,1,120
2025-11-05,Wednesday,False,16.5,False,False,Chocolate,42,7,25
2025-11-05,Wednesday,False,16.5,False,False,Brownie,52,6,70
2025-11-05,Wednesday,False,16.5,False,False,Croissant,70,8,40
2025-11-05,Wednesday,False,16.5,False,False,Cookies,54,7,20
2025-11-05,Wednesday,False,16.5,False,False,Muffin,27,1,55
2025-11-06,Thursday,False,26.7,False,False,Cake,25,3,400
2025-11-06,Thursday,False,26.7,False,False,Cupcake,29,1,60
2025-11-06,Thursday,False,26.7,False,False,Jar Cake,22,2,120
2025-11-06,Thursday,False,26.7,False,False,Chocolate,36,2,25
2025-11-06,Thursday,False,26.7,False,False,Brownie,40,6,70
2025-11-06,Thursday,False,26.7,False,False,Croissant,41,3,40
2025-11-06,Thursday,False,26.7,False,False,Cookies,50,7,20
2025-11-06,Thursday,False,26.7,False,False,Muffin,25,4,55
2025-11-07,Friday,False,18.9,False,False,Cake,11,1,400
2025-11-07,Friday,False,18.9,False,False,Cupcake,30,4,60
2025-11-07,Friday,False,18.9,False,False,Jar Cake,36,6,120
2025-11-07,Friday,False,18.9,False,False,Chocolate,37,4,25
2025-11-07,Friday,False,18.9,False,False,Brownie,52,9,70
2025-11-07,Friday,False,18.9,False,False,Croissant,38,4,40
2025-11-07,Friday,False,18.9,False,False,Cookies,41,2,20
2025-11-07,Friday,False,18.9,False,False,Muffin,27,5,55
2025-11-08,Saturday,True,14.9,False,False,Cake,20,1,400
2025-11-08,Saturday,True,14.9,False,False,Cupcake,41,2,60
2025-11-08,Saturday,True,14.9,False,False,Jar Cake,21,3,120
2025-11-08,Saturday,True,14.9,False,False,Chocolate,58,9,25
2025-11-08,Saturday,True,14.9,False,False,Brownie,61,10,70
2025-11-08,Saturday,True,14.9,False,False,Croissant,96,10,40
2025-11-08,Saturday,True,14.9,False,False,Cookies,67,12,20
2025-11-08,Saturday,True,14.9,False,False,Muffin,36,5,55
2025-11-09,Sunday,True,14.8,False,False,Cake,10,1,400
2025-11-09,Sunday,True,14.8,False,False,Cupcake,55,8,60
2025-11-09,Sunday,True,14.8,False,False,Jar Cake,33,6,120
2025-11-09,Sunday,True,14.8,False,False,Chocolate,48,6,25
2025-11-09,Sunday,True,14.8,False,False,Brownie,69,7,70
2025-11-09,Sunday,True,14.8,False,False,Croissant,68,8,40
2025-11-09,Sunday,True,14.8,False,False,Cookies,63,10,20
2025-11-09,Sunday,True,14.8,False,False,Muffin,36,2,55
2025-11-10,Monday,False,18.1,False,False,Cake,19,1,400
2025-11-10,Monday,False,18.1,False,False,Cupcake,40,3,60
2025-11-10,Monday,False,18.1,False,False,Jar Cake,25,4,120
2025-11-10,Monday,False,18.1,False,False,Chocolate,38,4,25
2025-11-10,Monday,False,18.1,False,False,Brownie,52,6,70
2025-11-10,Monday,False,18.1,False,False,Croissant,59,11,40
2025-11-10,Monday,False,18.1,False,False,Cookies,51,8,20
2025-11-10,Monday,False,18.1,False,False,Muffin,37,6,55
2025-11-11,Tuesday,False,13.7,False,False,Cake,13,2,400
2025-11-11,Tuesday,False,13.7,False,False,Cupcake,40,3,60
2025-11-11,Tuesday,False,13.7,False,False,Jar Cake,22,1,120
2025-11-11,Tuesday,False,13.7,False,False,Chocolate,35,5,25
2025-11-11,Tuesday,False,13.7,False,False,Brownie,39,6,70
2025-11-11,Tuesday,False,13.7,False,False,Croissant,67,7,40
2025-11-11,Tuesday,False,13.7,False,False,Cookies,58,9,20
2025-11-11,Tuesday,False,13.7,False,False,Muffin,30,2,55
2025-11-12,Wednesday,False,19.3,False,False,Cake,17,3,400
2025-11-12,Wednesday,False,19.3,False,False,Cupcake,25,2,60
2025-11-12,Wednesday,False,19.3,False,False,Jar Cake,27,3,120
2025-11-12,Wednesday,False,19.3,False,False,Chocolate,44,3,25
2025-11-12,Wednesday,False,19.3,False,False,Brownie,46,4,70
2025-11-12,Wednesday,False,19.3,False,False,Croissant,50,9,40
2025-11-12,Wednesday,False,19.3,False,False,Cookies,47,7,20
2025-11-12,Wednesday,False,19.3,False,False,Muffin,33,6,55
2025-11-13,Thursday,False,17.0,False,False,Cake,21,1,400
2025-11-13,Thursday,False,17.0,False,False,Cupcake,27,3,60
2025-11-13,Thursday,False,17.0,False,False,Jar Cake,27,3,120
2025-11-13,Thursday,False,17.0,False,False,Chocolate,45,7,25
2025-11-13,Thursday,False,17.0,False,False,Brownie,42,2,70
2025-11-13,Thursday,False,17.0,False,False,Croissant,57,11,40
2025-11-13,Thursday,False,17.0,False,False,Cookies,45,2,20
2025-11-13,Thursday,False,17.0,False,False,Muffin,37,3,55
2025-11-14,Friday,False,21.8,False,False,Cake,23,2,400
2025-11-14,Friday,False,21.8,False,False,Cupcake,32,4,60
2025-11-14,Friday,False,21.8,False,False,Jar Cake,34,4,120
2025-11-14,Friday,False,21.8,False,False,Chocolate,47,4,25
2025-11-14,Friday,False,21.8,False,False,Brownie,36,6,70
2025-11-14,Friday,False,21.8,False,False,Croissant,56,5,40
2025-11-14,Friday,False,21.8,False,False,Cookies,40,6,20
2025-11-14,Friday,False,21.8,False,False,Muffin,29,3,55
2025-11-15,Saturday,True,18.9,False,False,Cake,25,2,400
2025-11-15,Saturday,True,18.9,False,False,Cupcake,43,6,60
2025-11-15,Saturday,True,18.9,False,False,Jar Cake,29,3,120
2025-11-15,Saturday,True,18.9,False,False,Chocolate,67,6,25
2025-11-15,Saturday,True,18.9,False,False,Brownie,71,8,70
2025-11-15,Saturday,True,18.9,False,False,Croissant,64,11,40
2025-11-15,Saturday,True,18.9,False,False,Cookies,70,7,20
2025-11-15,Saturday,True,18.9,False,False,Muffin,54,6,55
2025-11-16,Sunday,True,17.1,False,False,Cake,28,4,400
2025-11-16,Sunday,True,17.1,False,False,Cupcake,46,7,60
2025-11-16,Sunday,True,17.1,False,False,Jar Cake,36,5,120
2025-11-16,Sunday,True,17.1,False,False,Chocolate,47,9,25
2025-11-16,Sunday,True,17.1,False,False,Brownie,72,7,70
2025-11-16,Sunday,True,17.1,False,False,Croissant,85,11,40
2025-11-16,Sunday,True,17.1,False,False,Cookies,82,10,20
2025-11-16,Sunday,True,17.1,False,False,Muffin,25,1,55
2025-11-17,Monday,False,16.2,False,False,Cake,20,2,400
2025-11-17,Monday,False,16.2,False,False,Cupcake,31,2,60
2025-11-17,Monday,False,16.2,False,False,Jar Cake,14,1,120
2025-11-17,Monday,False,16.2,False,False,Chocolate,36,2,25
2025-11-17,Monday,False,16.2,False,False,Brownie,49,3,70
2025-11-17,Monday,False,16.2,False,False,Croissant,56,10,40
2025-11-17,Monday,False,16.2,False,False,Cookies,54,7,20
2025-11-17,Monday,False,16.2,False,False,Muffin,23,2,55
2025-11-18,Tuesday,False,18.1,False,False,Cake,15,1,400
2025-11-18,Tuesday,False,18.1,False,False,Cupcake,27,4,60
2025-11-18,Tuesday,False,18.1,False,False,Jar Cake,25,2,120
2025-11-18,Tuesday,False,18.1,False,False,Chocolate,31,1,25
2025-11-18,Tuesday,False,18.1,False,False,Brownie,44,6,70
2025-11-18,Tuesday,False,18.1,False,False,Croissant,59,5,40
2025-11-18,Tuesday,False,18.1,False,False,Cookies,58,10,20
2025-11-18,Tuesday,False,18.1,False,False,Muffin,30,2,55
2025-11-19,Wednesday,False,18.8,False,False,Cake,8,1,400
2025-11-19,Wednesday,False,18.8,False,False,Cupcake,33,4,60
2025-11-19,Wednesday,False,18.8,False,False,Jar Cake,22,2,120
2025-11-19,Wednesday,False,18.8,False,False,Chocolate,28,3,25
2025-11-19,Wednesday,False,18.8,False,False,Brownie,49,3,70
2025-11-19,Wednesday,False,18.8,False,False,Croissant,49,3,40
2025-11-19,Wednesday,False,18.8,False,False,Cookies,53,5,20
2025-11-19,Wednesday,False,18.8,False,False,Muffin,27,5,55
2025-11-20,Thursday,False,14.7,False,False,Cake,12,0,400
2025-11-20,Thursday,False,14.7,False,False,Cupcake,35,4,60
2025-11-20,Thursday,False,14.7,False,False,Jar Cake,24,2,120
2025-11-20,Thursday,False,14.7,False,False,Chocolate,43,4,25
2025-11-20,Thursday,False,14.7,False,False,Brownie,48,9,70
2025-11-20,Thursday,False,14.7,False,False,Croissant,63,3,40
2025-11-20,Thursday,False,14.7,False,False,Cookies,51,2,20
2025-11-20,Thursday,False,14.7,False,False,Muffin,31,5,55
2025-11-21,Friday,False,19.5,False,False,Cake,10,0,400
2025-11-21,Friday,False,19.5,False,False,Cupcake,36,5,60
2025-11-21,Friday,False,19.5,False,False,Jar Cake,26,2,120
2025-11-21,Friday,False,19.5,False,False,Chocolate,37,5,25
2025-11-21,Friday,False,19.5,False,False,Brownie,37,5,70
2025-11-21,Friday,False,19.5,False,False,Croissant,72,12,40
2025-11-21,Friday,False,19.5,False,False,Cookies,54,8,20
2025-11-21,Friday,False,19.5,False,False,Muffin,36,3,55
2025-11-22,Saturday,True,14.4,False,False,Cake,20,2,400
2025-11-22,Saturday,True,14.4,False,False,Cupcake,45,5,60
2025-11-22,Saturday,True,14.4,False,False,Jar Cake,34,4,120
2025-11-22,Saturday,True,14.4,False,False,Chocolate,58,4,25
2025-11-22,Saturday,True,14.4,False,False,Brownie,58,11,70
2025-11-22,Saturday,True,14.4,False,False,Croissant,81,12,40
2025-11-22,Saturday,True,14.4,False,False,Cookies,76,7,20
2025-11-22,Saturday,True,14.4,False,False,Muffin,40,5,55
2025-11-23,Sunday,True,14.1,False,False,Cake,20,3,400
2025-11-23,Sunday,True,14.1,False,False,Cupcake,49,5,60
2025-11-23,Sunday,True,14.1,False,False,Jar Cake,37,5,120
2025-11-23,Sunday,True,14.1,False,False,Chocolate,44,8,25
2025-11-23,Sunday,True,14.1,False,False,Brownie,57,3,70
2025-11-23,Sunday,True,14.1,False,False,Croissant,72,4,40
2025-11-23,Sunday,True,14.1,False,False,Cookies,56,9,20
2025-11-23,Sunday,True,14.1,False,False,Muffin,28,1,55
2025-11-24,Monday,False,15.5,False,False,Cake,16,1,400
2025-11-24,Monday,False,15.5,False,False,Cupcake,29,4,60
2025-11-24,Monday,False,15.5,False,False,Jar Cake,19,1,120
2025-11-24,Monday,False,15.5,False,False,Chocolate,33,4,25
2025-11-24,Monday,False,15.5,False,False,Brownie,39,7,70
2025-11-24,Monday,False,15.5,False,False,Croissant,55,5,40
2025-11-24,Monday,False,15.5,False,False,Cookies,38,5,20
2025-11-24,Monday,False,15.5,False,False,Muffin,26,1,55
2025-11-25,Tuesday,False,14.1,False,False,Cake,14,1,400
2025-11-25,Tuesday,False,14.1,False,False,Cupcake,31,3,60
2025-11-25,Tuesday,False,14.1,False,False,Jar Cake,22,2,120
2025-11-25,Tuesday,False,14.1,False,False,Chocolate,37,6,25
2025-11-25,Tuesday,False,14.1,False,False,Brownie,43,6,70
2025-11-25,Tuesday,False,14.1,False,False,Croissant,67,7,40
2025-11-25,Tuesday,False,14.1,False,False,Cookies,61,12,20
2025-11-25,Tuesday,False,14.1,False,False,Muffin,35,4,55
2025-11-26,Wednesday,False,15.2,False,False,Cake,16,1,400
2025-11-26,Wednesday,False,15.2,False,False,Cupcake,35,5,60
2025-11-26,Wednesday,False,15.2,False,False,Jar Cake,18,3,120
2025-11-26,Wednesday,False,15.2,False,False,Chocolate,39,3,25
2025-11-26,Wednesday,False,15.2,False,False,Brownie,61,3,70
2025-11-26,Wednesday,False,15.2,False,False,Croissant,66,5,40
2025-11-26,Wednesday,False,15.2,False,False,Cookies,66,7,20
2025-11-26,Wednesday,False,15.2,False,False,Muffin,29,3,55
2025-11-27,Thursday,False,14.7,False,False,Cake,16,3,400
2025-11-27,Thursday,False,14.7,False,False,Cupcake,32,3,60
2025-11-27,Thursday,False,14.7,False,False,Jar Cake,24,3,120
2025-11-27,Thursday,False,14.7,False,False,Chocolate,36,4,25
2025-11-27,Thursday,False,14.7,False,False,Brownie,37,6,70
2025-11-27,Thursday,False,14.7,False,False,Croissant,65,6,40
2025-11-27,Thursday,False,14.7,False,False,Cookies,38,6,20
2025-11-27,Thursday,False,14.7,False,False,Muffin,28,5,55
2025-11-28,Friday,False,15.6,False,False,Cake,17,1,400
2025-11-28,Friday,False,15.6,False,False,Cupcake,26,1,60
2025-11-28,Friday,False,15.6,False,False,Jar Cake,23,3,120
2025-11-28,Friday,False,15.6,False,False,Chocolate,52,3,25
2025-11-28,Friday,False,15.6,False,False,Brownie,37,5,70
2025-11-28,Friday,False,15.6,False,False,Croissant,46,7,40
2025-11-28,Friday,False,15.6,False,False,Cookies,44,2,20
2025-11-28,Friday,False,15.6,False,False,Muffin,35,3,55
2025-11-29,Saturday,True,17.4,False,False,Cake,18,2,400
2025-11-29,Saturday,True,17.4,False,False,Cupcake,48,2,60
2025-11-29,Saturday,True,17.4,False,False,Jar Cake,30,2,120
2025-11-29,Saturday,True,17.4,False,False,Chocolate,66,8,25
2025-11-29,Saturday,True,17.4,False,False,Brownie,69,9,70
2025-11-29,Saturday,True,17.4,False,False,Croissant,65,7,40
2025-11-29,Saturday,True,17.4,False,False,Cookies,62,5,20
2025-11-29,Saturday,True,17.4,False,False,Muffin,52,9,55
2025-11-30,Sunday,True,17.0,False,False,Cake,22,4,400
2025-11-30,Sunday,True,17.0,False,False,Cupcake,43,8,60
2025-11-30,Sunday,True,17.0,False,False,Jar Cake,42,8,120
2025-11-30,Sunday,True,17.0,False,False,Chocolate,58,6,25
2025-11-30,Sunday,True,17.0,False,False,Brownie,57,9,70
2025-11-30,Sunday,True,17.0,False,False,Croissant,78,14,40
2025-11-30,Sunday,True,17.0,False,False,Cookies,76,9,20
2025-11-30,Sunday,True,17.0,False,False,Muffin,35,4,55
2025-12-01,Monday,False,15.1,False,False,Cake,15,2,400
2025-12-01,Monday,False,15.1,False,False,Cupcake,31,3,60
2025-12-01,Monday,False,15.1,False,False,Jar Cake,37,2,120
2025-12-01,Monday,False,15.1,False,False,Chocolate,48,7,25
2025-12-01,Monday,False,15.1,False,False,Brownie,46,6,70
2025-12-01,Monday,False,15.1,False,False,Croissant,70,13,40
2025-12-01,Monday,False,15.1,False,False,Cookies,44,6,20
2025-12-01,Monday,False,15.1,False,False,Muffin,34,6,55
2025-12-02,Tuesday,False,16.9,True,False,Cake,19,3,400
2025-12-02,Tuesday,False,16.9,True,False,Cupcake,28,4,60
2025-12-02,Tuesday,False,16.9,True,False,Jar Cake,17,2,120
2025-12-02,Tuesday,False,16.9,True,False,Chocolate,25,3,25
2025-12-02,Tuesday,False,16.9,True,False,Brownie,45,5,70
2025-12-02,Tuesday,False,16.9,True,False,Croissant,52,9,40
2025-12-02,Tuesday,False,16.9,True,False,Cookies,48,5,20
2025-12-02,Tuesday,False,16.9,True,False,Muffin,18,3,55
2025-12-03,Wednesday,False,20.3,False,False,Cake,18,1,400
2025-12-03,Wednesday,False,20.3,False,False,Cupcake,47,4,60
2025-12-03,Wednesday,False,20.3,False,False,Jar Cake,22,4,120
2025-12-03,Wednesday,False,20.3,False,False,Chocolate,38,2,25
2025-12-03,Wednesday,False,20.3,False,False,Brownie,40,5,70
2025-12-03,Wednesday,False,20.3,False,False,Croissant,59,3,40
2025-12-03,Wednesday,False,20.3,False,False,Cookies,39,2,20
2025-12-03,Wednesday,False,20.3,False,False,Muffin,20,3,55
2025-12-04,Thursday,False,15.2,False,False,Cake,19,3,400
2025-12-04,Thursday,False,15.2,False,False,Cupcake,29,2,60
2025-12-04,Thursday,False,15.2,False,False,Jar Cake,30,3,120
2025-12-04,Thursday,False,15.2,False,False,Chocolate,53,5,25
2025-12-04,Thursday,False,15.2,False,False,Brownie,53,10,70
2025-12-04,Thursday,False,15.2,False,False,Croissant,56,5,40
2025-12-04,Thursday,False,15.2,False,False,Cookies,55,7,20
2025-12-04,Thursday,False,15.2,False,False,Muffin,33,6,55
2025-12-05,Friday,False,13.5,False,False,Cake,21,1,400
2025-12-05,Friday,False,13.5,False,False,Cupcake,45,3,60
2025-12-05,Friday,False,13.5,False,False,Jar Cake,26,3,120
2025-12-05,Friday,False,13.5,False,False,Chocolate,44,7,25
2025-12-05,Friday,False,13.5,False,False,Brownie,37,3,70
2025-12-05,Friday,False,13.5,False,False,Croissant,55,9,40
2025-12-05,Friday,False,13.5,False,False,Cookies,50,3,20
2025-12-05,Friday,False,13.5,False,False,Muffin,24,4,55
2025-12-06,Saturday,True,12.4,True,False,Cake,7,1,400
2025-12-06,Saturday,True,12.4,True,False,Cupcake,38,2,60
2025-12-06,Saturday,True,12.4,True,False,Jar Cake,23,3,120
2025-12-06,Saturday,True,12.4,True,False,Chocolate,50,9,25
2025-12-06,Saturday,True,12.4,True,False,Brownie,48,6,70
2025-12-06,Saturday,True,12.4,True,False,Croissant,57,9,40
2025-12-06,Saturday,True,12.4,True,False,Cookies,55,4,20
2025-12-06,Saturday,True,12.4,True,False,Muffin,38,6,55
2025-12-07,Sunday,True,13.6,False,False,Cake,16,1,400
2025-12-07,Sunday,True,13.6,False,False,Cupcake,52,10,60
2025-12-07,Sunday,True,13.6,False,False,Jar Cake,38,6,120
2025-12-07,Sunday,True,13.6,False,False,Chocolate,72,9,25
2025-12-07,Sunday,True,13.6,False,False,Brownie,54,6,70
2025-12-07,Sunday,True,13.6,False,False,Croissant,78,15,40
2025-12-07,Sunday,True,13.6,False,False,Cookies,69,6,20
2025-12-07,Sunday,True,13.6,False,False,Muffin,39,3,55
2025-12-08,Monday,False,14.0,False,False,Cake,16,2,400
2025-12-08,Monday,False,14.0,False,False,Cupcake,32,4,60
2025-12-08,Monday,False,14.0,False,False,Jar Cake,18,1,120
2025-12-08,Monday,False,14.0,False,False,Chocolate,28,1,25
2025-12-08,Monday,False,14.0,False,False,Brownie,40,2,70
2025-12-08,Monday,False,14.0,False,False,Croissant,55,9,40
2025-12-08,Monday,False,14.0,False,False,Cookies,46,4,20
2025-12-08,Monday,False,14.0,False,False,Muffin,37,5,55
2025-12-09,Tuesday,False,13.1,False,False,Cake,15,0,400
2025-12-09,Tuesday,False,13.1,False,False,Cupcake,40,4,60
2025-12-09,Tuesday,False,13.1,False,False,Jar Cake,27,1,120
2025-12-09,Tuesday,False,13.1,False,False,Chocolate,38,2,25
2025-12-09,Tuesday,False,13.1,False,False,Brownie,36,4,70
2025-12-09,Tuesday,False,13.1,False,False,Croissant,48,8,40
2025-12-09,Tuesday,False,13.1,False,False,Cookies,37,2,20
2025-12-09,Tuesday,False,13.1,False,False,Muffin,29,2,55
2025-12-10,Wednesday,False,16.3,False,False,Cake,14,1,400
2025-12-10,Wednesday,False,16.3,False,False,Cupcake,42,7,60
2025-12-10,Wednesday,False,16.3,False,False,Jar Cake,20,3,120
2025-12-10,Wednesday,False,16.3,False,False,Chocolate,43,3,25
2025-12-10,Wednesday,False,16.3,False,False,Brownie,37,6,70
2025-12-10,Wednesday,False,16.3,False,False,Croissant,43,5,40
2025-12-10,Wednesday,False,16.3,False,False,Cookies,52,5,20
2025-12-10,Wednesday,False,16.3,False,False,Muffin,26,4,55
2025-12-11,Thursday,False,17.4,False,False,Cake,15,2,400
2025-12-11,Thursday,False,17.4,False,False,Cupcake,24,3,60
2025-12-11,Thursday,False,17.4,False,False,Jar Cake,19,1,120
2025-12-11,Thursday,False,17.4,False,False,Chocolate,39,7,25
2025-12-11,Thursday,False,17.4,False,False,Brownie,46,3,70
2025-12-11,Thursday,False,17.4,False,False,Croissant,54,3,40
2025-12-11,Thursday,False,17.4,False,False,Cookies,58,5,20
2025-12-11,Thursday,False,17.4,False,False,Muffin,27,3,55
2025-12-12,Friday,False,17.4,True,False,Cake,11,1,400
2025-12-12,Friday,False,17.4,True,False,Cupcake,31,2,60
2025-12-12,Friday,False,17.4,True,False,Jar Cake,27,4,120
2025-12-12,Friday,False,17.4,True,False,Chocolate,24,3,25
2025-12-12,Friday,False,17.4,True,False,Brownie,46,3,70
2025-12-12,Friday,False,17.4,True,False,Croissant,37,5,40
2025-12-12,Friday,False,17.4,True,False,Cookies,35,3,20
2025-12-12,Friday,False,17.4,True,False,Muffin,27,4,55
2025-12-13,Saturday,True,13.3,False,False,Cake,26,4,400
2025-12-13,Saturday,True,13.3,False,False,Cupcake,55,4,60
2025-12-13,Saturday,True,13.3,False,False,Jar Cake,47,3,120
2025-12-13,Saturday,True,13.3,False,False,Chocolate,43,4,25
2025-12-13,Saturday,True,13.3,False,False,Brownie,48,8,70
2025-12-13,Saturday,True,13.3,False,False,Croissant,82,12,40
2025-12-13,Saturday,True,13.3,False,False,Cookies,65,7,20
2025-12-13,Saturday,True,13.3,False,False,Muffin,40,7,55
2025-12-14,Sunday,True,15.6,False,False,Cake,15,2,400
2025-12-14,Sunday,True,15.6,False,False,Cupcake,48,3,60
2025-12-14,Sunday,True,15.6,False,False,Jar Cake,31,3,120
2025-12-14,Sunday,True,15.6,False,False,Chocolate,51,9,25
2025-12-14,Sunday,True,15.6,False,False,Brownie,58,3,70
2025-12-14,Sunday,True,15.6,False,False,Croissant,77,6,40
2025-12-14,Sunday,True,15.6,False,False,Cookies,71,10,20
2025-12-14,Sunday,True,15.6,False,False,Muffin,42,3,55
2025-12-15,Monday,False,16.9,False,False,Cake,20,3,400
2025-12-15,Monday,False,16.9,False,False,Cupcake,39,2,60
2025-12-15,Monday,False,16.9,False,False,Jar Cake,22,1,120
2025-12-15,Monday,False,16.9,False,False,Chocolate,46,4,25
2025-12-15,Monday,False,16.9,False,False,Brownie,43,4,70
2025-12-15,Monday,False,16.9,False,False,Croissant,56,9,40
2025-12-15,Monday,False,16.9,False,False,Cookies,57,9,20
2025-12-15,Monday,False,16.9,False,False,Muffin,22,4,55
2025-12-16,Tuesday,False,13.0,False,False,Cake,16,3,400
2025-12-16,Tuesday,False,13.0,False,False,Cupcake,37,6,60
2025-12-16,Tuesday,False,13.0,False,False,Jar Cake,21,3,120
2025-12-16,Tuesday,False,13.0,False,False,Chocolate,37,3,25
2025-12-16,Tuesday,False,13.0,False,False,Brownie,49,9,70
2025-12-16,Tuesday,False,13.0,False,False,Croissant,68,12,40
2025-12-16,Tuesday,False,13.0,False,False,Cookies,48,4,20
2025-12-16,Tuesday,False,13.0,False,False,Muffin,33,4,55
2025-12-17,Wednesday,False,15.1,False,False,Cake,17,2,400
2025-12-17,Wednesday,False,15.1,False,False,Cupcake,31,5,60
2025-12-17,Wednesday,False,15.1,False,False,Jar Cake,26,3,120
2025-12-17,Wednesday,False,15.1,False,False,Chocolate,52,4,25
2025-12-17,Wednesday,False,15.1,False,False,Brownie,37,4,70
2025-12-17,Wednesday,False,15.1,False,False,Croissant,57,5,40
2025-12-17,Wednesday,False,15.1,False,False,Cookies,45,4,20
2025-12-17,Wednesday,False,15.1,False,False,Muffin,31,4,55
2025-12-18,Thursday,False,13.7,False,False,Cake,15,0,400
2025-12-18,Thursday,False,13.7,False,False,Cupcake,25,3,60
2025-12-18,Thursday,False,13.7,False,False,Jar Cake,20,2,120
2025-12-18,Thursday,False,13.7,False,False,Chocolate,51,8,25
2025-12-18,Thursday,False,13.7,False,False,Brownie,34,4,70
2025-12-18,Thursday,False,13.7,False,False,Croissant,54,2,40
2025-12-18,Thursday,False,13.7,False,False,Cookies,50,8,20
2025-12-18,Thursday,False,13.7,False,False,Muffin,23,1,55
2025-12-19,Friday,False,15.9,False,False,Cake,18,2,400
2025-12-19,Friday,False,15.9,False,False,Cupcake,42,7,60
2025-12-19,Friday,False,15.9,False,False,Jar Cake,23,2,120
2025-12-19,Friday,False,15.9,False,False,Chocolate,45,2,25
2025-12-19,Friday,False,15.9,False,False,Brownie,42,8,70
2025-12-19,Friday,False,15.9,False,False,Croissant,46,7,40
2025-12-19,Friday,False,15.9,False,False,Cookies,43,6,20
2025-12-19,Friday,False,15.9,False,False,Muffin,24,2,55
2025-12-20,Saturday,True,16.5,False,False,Cake,21,3,400
2025-12-20,Saturday,True,16.5,False,False,Cupcake,57,5,60
2025-12-20,Saturday,True,16.5,False,False,Jar Cake,31,4,120
2025-12-20,Saturday,True,16.5,False,False,Chocolate,61,4,25
2025-12-20,Saturday,True,16.5,False,False,Brownie,60,9,70
2025-12-20,Saturday,True,16.5,False,False,Croissant,76,7,40
2025-12-20,Saturday,True,16.5,False,False,Cookies,80,14,20
2025-12-20,Saturday,True,16.5,False,False,Muffin,38,6,55
2025-12-21,Sunday,True,15.7,False,False,Cake,24,3,400
2025-12-21,Sunday,True,15.7,False,False,Cupcake,53,4,60
2025-12-21,Sunday,True,15.7,False,False,Jar Cake,43,4,120
2025-12-21,Sunday,True,15.7,False,False,Chocolate,59,3,25
2025-12-21,Sunday,True,15.7,False,False,Brownie,46,8,70
2025-12-21,Sunday,True,15.7,False,False,Croissant,77,7,40
2025-12-21,Sunday,True,15.7,False,False,Cookies,61,5,20
2025-12-21,Sunday,True,15.7,False,False,Muffin,39,2,55
2025-12-22,Monday,False,13.1,False,False,Cake,16,2,400
2025-12-22,Monday,False,13.1,False,False,Cupcake,26,4,60
2025-12-22,Monday,False,13.1,False,False,Jar Cake,29,2,120
2025-12-22,Monday,False,13.1,False,False,Chocolate,51,9,25
2025-12-22,Monday,False,13.1,False,False,Brownie,41,7,70
2025-12-22,Monday,False,13.1,False,False,Croissant,51,7,40
2025-12-22,Monday,False,13.1,False,False,Cookies,53,3,20
2025-12-22,Monday,False,13.1,False,False,Muffin,36,3,55
2025-12-23,Tuesday,False,14.1,False,False,Cake,10,1,400
2025-12-23,Tuesday,False,14.1,False,False,Cupcake,29,3,60
2025-12-23,Tuesday,False,14.1,False,False,Jar Cake,16,2,120
2025-12-23,Tuesday,False,14.1,False,False,Chocolate,38,2,25
2025-12-23,Tuesday,False,14.1,False,False,Brownie,56,10,70
2025-12-23,Tuesday,False,14.1,False,False,Croissant,57,6,40
2025-12-23,Tuesday,False,14.1,False,False,Cookies,57,7,20
2025-12-23,Tuesday,False,14.1,False,False,Muffin,37,6,55
2025-12-24,Wednesday,False,20.0,False,False,Cake,17,2,400
2025-12-24,Wednesday,False,20.0,False,False,Cupcake,38,3,60
2025-12-24,Wednesday,False,20.0,False,False,Jar Cake,26,3,120
2025-12-24,Wednesday,False,20.0,False,False,Chocolate,36,3,25
2025-12-24,Wednesday,False,20.0,False,False,Brownie,53,8,70
2025-12-24,Wednesday,False,20.0,False,False,Croissant,48,3,40
2025-12-24,Wednesday,False,20.0,False,False,Cookies,41,5,20
2025-12-24,Wednesday,False,20.0,False,False,Muffin,25,4,55
2025-12-25,Thursday,False,14.1,False,True,Cake,29,3,400
2025-12-25,Thursday,False,14.1,False,True,Cupcake,43,8,60
2025-12-25,Thursday,False,14.1,False,True,Jar Cake,32,4,120
2025-12-25,Thursday,False,14.1,False,True,Chocolate,61,8,25
2025-12-25,Thursday,False,14.1,False,True,Brownie,57,4,70
2025-12-25,Thursday,False,14.1,False,True,Croissant,70,9,40
2025-12-25,Thursday,False,14.1,False,True,Cookies,91,16,20
2025-12-25,Thursday,False,14.1,False,True,Muffin,40,2,55
2025-12-26,Friday,False,15.4,False,False,Cake,15,1,400
2025-12-26,Friday,False,15.4,False,False,Cupcake,33,6,60
2025-12-26,Friday,False,15.4,False,False,Jar Cake,17,2,120
2025-12-26,Friday,False,15.4,False,False,Chocolate,36,2,25
2025-12-26,Friday,False,15.4,False,False,Brownie,34,6,70
2025-12-26,Friday,False,15.4,False,False,Croissant,58,4,40
2025-12-26,Friday,False,15.4,False,False,Cookies,50,8,20
2025-12-26,Friday,False,15.4,False,False,Muffin,34,2,55
2025-12-27,Saturday,True,14.6,True,False,Cake,18,2,400
2025-12-27,Saturday,True,14.6,True,False,Cupcake,48,9,60
2025-12-27,Saturday,True,14.6,True,False,Jar Cake,32,4,120
2025-12-27,Saturday,True,14.6,True,False,Chocolate,49,8,25
2025-12-27,Saturday,True,14.6,True,False,Brownie,40,2,70
2025-12-27,Saturday,True,14.6,True,False,Croissant,55,4,40
2025-12-27,Saturday,True,14.6,True,False,Cookies,64,11,20
2025-12-27,Saturday,True,14.6,True,False,Muffin,46,3,55
2025-12-28,Sunday,True,14.8,False,False,Cake,20,3,400
2025-12-28,Sunday,True,14.8,False,False,Cupcake,48,8,60
2025-12-28,Sunday,True,14.8,False,False,Jar Cake,24,3,120
2025-12-28,Sunday,True,14.8,False,False,Chocolate,39,6,25
2025-12-28,Sunday,True,14.8,False,False,Brownie,64,4,70
2025-12-28,Sunday,True,14.8,False,False,Croissant,72,13,40
2025-12-28,Sunday,True,14.8,False,False,Cookies,71,13,20
2025-12-28,Sunday,True,14.8,False,False,Muffin,45,4,55
2025-12-29,Monday,False,17.1,False,False,Cake,20,3,400
2025-12-29,Monday,False,17.1,False,False,Cupcake,45,7,60
2025-12-29,Monday,False,17.1,False,False,Jar Cake,22,3,120
2025-12-29,Monday,False,17.1,False,False,Chocolate,46,8,25
2025-12-29,Monday,False,17.1,False,False,Brownie,39,4,70
2025-12-29,Monday,False,17.1,False,False,Croissant,55,7,40
2025-12-29,Monday,False,17.1,False,False,Cookies,46,7,20
2025-12-29,Monday,False,17.1,False,False,Muffin,28,4,55
2025-12-30,Tuesday,False,15.2,False,False,Cake,17,2,400
2025-12-30,Tuesday,False,15.2,False,False,Cupcake,34,5,60
2025-12-30,Tuesday,False,15.2,False,False,Jar Cake,21,1,120
2025-12-30,Tuesday,False,15.2,False,False,Chocolate,36,4,25
2025-12-30,Tuesday,False,15.2,False,False,Brownie,41,2,70
2025-12-30,Tuesday,False,15.2,False,False,Croissant,51,6,40
2025-12-30,Tuesday,False,15.2,False,False,Cookies,55,5,20
2025-12-30,Tuesday,False,15.2,False,False,Muffin,35,3,55
